order_id,customer_id,order_date,status,region_code
1,42,2025-07-21 21:28:48,DELIVERED,CENTRAL
2,210,2024-08-03 00:08:32,RETURNED,SOUTH
3,595,2024-11-21 21:41:10,DELIVERED,SOUTH
4,516,2025-10-18 23:56:26,SHIPPED,NORTH
5,514,2026-03-29 04:09:01,CANCELLED,WEST
6,546,2025-03-30 00:24:17,DELIVERED,EAST
7,68,2024-10-19 14:19:49,CANCELLED,WEST
8,184,2025-03-23 23:18:46,RETURNED,NORTH
9,152,2026-02-10 00:28:35,SHIPPED,SOUTH
10,301,2025-10-09 01:36:43,RETURNED,CENTRAL
11,431,2025-11-20 12:18:07,DELIVERED,NORTH
12,238,2026-03-18 04:51:20,DELIVERED,WEST
13,335,2026-01-25 04:55:32,DELIVERED,CENTRAL
14,312,2026-05-31 04:40:29,PLACED,EAST
15,496,2025-07-31 17:31:23,RETURNED,NORTH
16,171,2024-09-06 18:40:52,DELIVERED,EAST
17,158,2024-09-07 12:00:41,SHIPPED,NORTH
18,452,2025-02-08 12:41:02,DELIVERED,SOUTH
19,,2025-05-07 08:31:11,RETURNED,SOUTH
20,167,2026-04-08 23:39:05,DELIVERED,NORTH
21,149,2025-12-12 00:00:00,RETURNED,SOUTH
22,520,2025-05-29 15:02:15,DELIVERED,EAST
23,588,2024-08-16 11:40:09,DELIVERED,WEST
24,491,2024-03-03 06:19:29,PLACED,CENTRAL
25,,2024-12-08 07:47:42,DELIVERED,NORTH
26,200,2026-06-25 07:54:02,DELIVERED,EAST
27,457,2024-05-15 17:38:53,RETURNED,WEST
28,524,2024-03-28 01:36:23,RETURNED,EAST
29,438,2025-07-28 04:48:14,DELIVERED,NORTH
30,457,2026-05-21 12:49:36,PLACED,WEST
31,454,2025-03-24 09:03:22,SHIPPED,WEST
32,89,2024-08-11 03:15:38,SHIPPED,WEST
33,344,2024-04-12 16:58:29,RETURNED,CENTRAL
34,420,2025-02-28 14:26:18,DELIVERED,CENTRAL
35,141,2024-11-05 12:51:37,SHIPPED,WEST
36,310,2026-06-28 02:08:42,DELIVERED,CENTRAL
37,3,2024-08-27 06:25:47,SHIPPED,WEST
38,295,2025-10-10 00:00:00,SHIPPED,SOUTH
39,505,2024-04-13 15:40:54,DELIVERED,EAST
40,265,2026-01-09 12:05:02,RETURNED,NORTH
41,18,2025-02-07 04:14:51,SHIPPED,NORTH
42,139,2025-07-09 04:17:45,SHIPPED,EAST
43,365,2024-03-16 16:13:23,SHIPPED,CENTRAL
44,199,2024-10-11 15:57:42,DELIVERED,CENTRAL
45,324,2025-04-12 16:47:21,SHIPPED,EAST
46,148,2024-01-21 00:51:35,PLACED,EAST
47,349,2024-09-10 06:10:01,PLACED,SOUTH
48,573,2026-03-27 13:45:27,CANCELLED,CENTRAL
49,428,2025-12-16 08:21:43,RETURNED,NORTH
50,492,2025-06-24 22:12:23,DELIVERED,EAST
51,536,2025-06-15 00:00:00,SHIPPED,EAST
52,228,2024-07-18 22:49:24,CANCELLED,SOUTH
53,215,2024-07-21 06:53:17,RETURNED,WEST
54,80,2024-01-30 00:00:00,DELIVERED,WEST
55,526,2026-07-10 11:12:38,PLACED,NORTH
56,,2025-04-13 14:10:14,DELIVERED,NORTH
57,211,2026-07-01 19:25:45,RETURNED,SOUTH
58,,2024-08-14 02:45:26,CANCELLED,EAST
59,165,2026-02-16 17:00:13,DELIVERED,CENTRAL
60,102,2026-06-17 02:23:08,DELIVERED,CENTRAL
61,289,2024-09-23 00:00:00,RETURNED,CENTRAL
62,220,2026-02-22 05:45:43,CANCELLED,WEST
63,451,2024-06-15 17:20:51,SHIPPED,EAST
64,527,2024-12-19 11:50:09,DELIVERED,EAST
65,140,2026-02-09 05:21:39,DELIVERED,EAST
66,,2025-05-24 17:01:44,DELIVERED,WEST
67,320,2025-11-20 15:52:28,SHIPPED,WEST
68,194,2024-04-18 03:13:02,CANCELLED,WEST
69,14,2026-02-02 17:58:47,DELIVERED,WEST
70,88,2024-07-04 04:45:48,PLACED,WEST
71,173,2024-04-10 12:34:44,DELIVERED,SOUTH
72,414,2024-07-09 16:54:19,SHIPPED,WEST
73,596,2026-07-11 04:52:30,SHIPPED,WEST
74,415,2026-01-22 16:41:39,DELIVERED,SOUTH
75,257,2026-01-30 00:00:00,DELIVERED,SOUTH
76,70,2026-02-12 19:48:55,DELIVERED,SOUTH
77,157,2025-04-15 07:26:07,DELIVERED,NORTH
78,533,2026-02-03 14:04:49,DELIVERED,SOUTH
79,517,2025-02-10 11:35:18,DELIVERED,CENTRAL
80,33,2025-10-30 14:42:49,CANCELLED,NORTH
81,386,2025-11-18 11:41:20,DELIVERED,NORTH
82,311,2024-09-11 23:44:27,DELIVERED,SOUTH
83,113,2026-06-02 16:27:35,DELIVERED,CENTRAL
84,488,2026-05-23 00:00:00,CANCELLED,CENTRAL
85,387,2025-07-01 23:59:11,DELIVERED,EAST
86,,2024-03-11 02:08:16,PLACED,EAST
87,28,2025-06-14 02:57:55,DELIVERED,WEST
88,360,2024-03-28 16:34:49,DELIVERED,SOUTH
89,87,2024-04-11 18:01:32,CANCELLED,NORTH
90,,2025-05-21 14:31:01,PLACED,WEST
91,274,2024-02-01 00:00:00,DELIVERED,CENTRAL
92,585,2025-08-29 07:28:05,DELIVERED,NORTH
93,211,2025-06-05 21:46:29,DELIVERED,EAST
94,447,2024-11-09 10:06:24,DELIVERED,NORTH
95,295,2025-02-15 21:41:55,PLACED,CENTRAL
96,95,2026-06-17 04:36:24,PLACED,EAST
97,544,2026-01-08 07:17:20,DELIVERED,EAST
98,310,2026-02-22 22:19:31,CANCELLED,WEST
99,425,2025-09-16 22:52:00,SHIPPED,CENTRAL
100,185,2024-01-29 21:34:55,DELIVERED,CENTRAL
101,219,2025-12-26 22:01:55,SHIPPED,CENTRAL
102,445,2026-05-29 10:21:02,DELIVERED,NORTH
103,152,2025-01-08 09:47:25,SHIPPED,EAST
104,66,2024-11-12 05:11:37,CANCELLED,EAST
105,263,2026-07-22 23:33:49,SHIPPED,SOUTH
106,252,2025-04-27 09:47:29,DELIVERED,CENTRAL
107,38,2024-11-09 00:00:00,SHIPPED,SOUTH
108,285,2026-05-05 11:48:43,SHIPPED,NORTH
109,21,2024-03-26 22:45:00,CANCELLED,NORTH
110,66,2025-09-24 06:18:54,CANCELLED,NORTH
111,144,2025-01-01 16:15:07,PLACED,CENTRAL
112,595,2026-03-26 23:07:02,SHIPPED,NORTH
113,321,2025-05-26 12:40:06,CANCELLED,WEST
114,434,2024-12-04 15:56:30,PLACED,SOUTH
115,419,2025-01-30 01:12:42,CANCELLED,NORTH
116,116,2025-05-06 15:36:01,DELIVERED,WEST
117,149,2025-07-17 21:32:48,DELIVERED,EAST
118,,2026-07-30 02:24:37,PLACED,NORTH
119,246,2025-01-27 23:53:09,DELIVERED,EAST
120,125,2026-04-10 22:54:57,CANCELLED,WEST
121,403,2025-01-31 22:59:11,DELIVERED,SOUTH
122,165,2025-11-12 17:21:32,DELIVERED,WEST
123,83,2026-02-02 19:36:04,DELIVERED,WEST
124,433,2024-06-04 23:01:04,CANCELLED,EAST
125,561,2025-05-22 14:48:24,DELIVERED,NORTH
126,189,2025-11-19 00:00:00,DELIVERED,SOUTH
127,313,2025-05-02 08:23:47,DELIVERED,NORTH
128,134,2026-07-11 18:31:34,DELIVERED,EAST
129,137,2025-02-08 22:51:01,SHIPPED,CENTRAL
130,204,2024-05-11 02:37:15,DELIVERED,SOUTH
131,585,2024-12-14 17:29:13,PLACED,NORTH
132,235,2024-05-18 05:17:12,RETURNED,SOUTH
133,51,2025-09-14 23:39:54,DELIVERED,CENTRAL
134,377,2024-09-21 00:00:00,RETURNED,NORTH
135,465,2026-02-06 15:12:40,PLACED,SOUTH
136,273,2025-03-23 08:00:01,DELIVERED,WEST
137,221,2025-03-15 13:47:00,DELIVERED,SOUTH
138,150,2024-02-14 16:44:22,SHIPPED,EAST
139,255,2025-07-28 05:05:37,DELIVERED,WEST
140,332,2025-09-09 13:54:50,DELIVERED,WEST
141,263,2024-04-23 00:00:00,PLACED,NORTH
142,483,2025-07-04 09:19:26,RETURNED,CENTRAL
143,6,2025-01-29 01:00:50,DELIVERED,WEST
144,380,2024-07-24 00:00:00,RETURNED,CENTRAL
145,174,2026-02-21 13:02:20,DELIVERED,EAST
146,325,2026-04-03 23:37:57,DELIVERED,EAST
147,,2024-07-17 15:23:41,DELIVERED,EAST
148,290,2025-02-12 21:25:05,DELIVERED,EAST
149,169,2025-05-05 04:17:33,DELIVERED,WEST
150,451,2024-03-23 16:16:01,SHIPPED,NORTH
151,,2025-02-08 05:51:09,SHIPPED,WEST
152,507,2024-03-04 08:49:30,DELIVERED,CENTRAL
153,152,2024-07-11 02:09:50,DELIVERED,SOUTH
154,173,2026-03-01 07:07:06,CANCELLED,CENTRAL
155,598,2024-01-07 09:49:05,DELIVERED,CENTRAL
156,253,2026-02-12 00:00:00,DELIVERED,EAST
157,125,2025-09-04 07:42:55,DELIVERED,NORTH
158,84,2025-12-15 22:44:11,CANCELLED,WEST
159,6,2025-05-26 17:55:32,RETURNED,CENTRAL
160,583,2024-07-19 21:24:23,SHIPPED,NORTH
161,57,2024-04-19 20:47:06,DELIVERED,CENTRAL
162,183,2025-01-07 22:50:09,RETURNED,WEST
163,167,2025-08-26 12:26:16,DELIVERED,EAST
164,158,2024-07-06 08:22:04,SHIPPED,WEST
165,135,2025-07-11 18:08:24,DELIVERED,EAST
166,398,2026-01-10 02:57:32,SHIPPED,CENTRAL
167,378,2024-10-16 11:50:56,DELIVERED,WEST
168,475,2024-12-14 07:54:29,DELIVERED,SOUTH
169,538,2024-05-10 00:00:00,SHIPPED,WEST
170,308,2024-08-18 20:27:11,RETURNED,EAST
171,303,2026-06-02 04:32:48,PLACED,NORTH
172,523,2025-10-22 01:55:27,DELIVERED,WEST
173,260,2025-07-06 04:25:16,SHIPPED,NORTH
174,,2025-12-20 01:22:40,SHIPPED,SOUTH
175,,2025-10-08 14:58:58,CANCELLED,EAST
176,461,2025-02-15 18:41:22,DELIVERED,SOUTH
177,266,2024-06-14 00:00:00,DELIVERED,NORTH
178,176,2026-01-11 04:19:05,DELIVERED,WEST
179,499,2025-04-15 09:12:05,DELIVERED,CENTRAL
180,405,2025-04-15 00:00:00,PLACED,SOUTH
181,17,2024-10-19 09:23:28,CANCELLED,SOUTH
182,248,2025-11-07 23:22:18,CANCELLED,CENTRAL
183,475,2024-08-18 04:00:56,DELIVERED,NORTH
184,456,2026-01-23 11:51:24,DELIVERED,WEST
185,584,2025-08-31 12:52:46,PLACED,NORTH
186,443,2025-10-07 17:53:37,CANCELLED,CENTRAL
187,298,2024-02-27 12:06:06,DELIVERED,WEST
188,500,2024-12-26 00:00:00,DELIVERED,CENTRAL
189,567,2024-04-08 15:50:44,SHIPPED,WEST
190,356,2025-11-27 10:46:55,DELIVERED,NORTH
191,481,2025-06-18 03:33:35,DELIVERED,CENTRAL
192,348,2026-07-24 07:55:11,CANCELLED,WEST
193,400,2025-10-09 13:42:26,CANCELLED,EAST
194,166,2024-11-17 21:17:46,SHIPPED,NORTH
195,205,2024-08-30 19:48:42,DELIVERED,NORTH
196,506,2025-04-16 00:00:00,SHIPPED,CENTRAL
197,,2025-02-09 03:37:38,DELIVERED,SOUTH
198,516,2024-02-19 15:55:41,CANCELLED,EAST
199,124,2026-05-23 00:11:13,SHIPPED,EAST
200,48,2026-05-15 07:17:54,SHIPPED,SOUTH
201,107,2024-03-19 07:52:11,RETURNED,WEST
202,114,2024-06-13 11:56:04,DELIVERED,CENTRAL
203,576,2024-03-06 04:44:02,DELIVERED,SOUTH
204,371,2024-08-31 22:35:51,DELIVERED,WEST
205,102,2024-08-27 16:33:42,DELIVERED,EAST
206,207,2025-11-13 03:08:59,RETURNED,NORTH
207,350,2025-03-21 11:07:27,DELIVERED,NORTH
208,425,2025-07-14 05:45:38,DELIVERED,SOUTH
209,432,2024-12-20 11:14:30,PLACED,WEST
210,470,2026-03-12 19:39:50,DELIVERED,EAST
211,11,2026-03-14 16:09:26,RETURNED,NORTH
212,169,2025-11-05 07:23:15,PLACED,NORTH
213,589,2024-03-30 19:18:23,RETURNED,CENTRAL
214,567,2025-04-17 17:59:04,DELIVERED,EAST
215,,2025-03-10 14:58:55,RETURNED,CENTRAL
216,457,2024-11-14 15:56:01,CANCELLED,CENTRAL
217,354,2025-09-20 09:03:56,DELIVERED,EAST
218,400,2024-07-14 17:49:51,DELIVERED,CENTRAL
219,566,2025-04-30 00:00:00,DELIVERED,SOUTH
220,553,2026-07-09 10:08:07,SHIPPED,EAST
221,114,2024-04-03 02:56:20,CANCELLED,EAST
222,49,2024-07-12 19:00:35,DELIVERED,CENTRAL
223,242,2026-06-22 11:23:21,DELIVERED,CENTRAL
224,307,2025-03-18 00:15:07,DELIVERED,CENTRAL
225,533,2025-01-19 16:26:23,PLACED,CENTRAL
226,370,2025-12-06 17:53:21,PLACED,WEST
227,64,2025-10-22 00:55:31,CANCELLED,WEST
228,539,2025-09-17 15:44:47,DELIVERED,CENTRAL
229,599,2026-02-13 21:37:47,DELIVERED,WEST
230,427,2024-09-09 23:13:07,PLACED,SOUTH
231,526,2026-04-01 23:48:37,PLACED,SOUTH
232,,2024-08-31 15:24:27,RETURNED,EAST
233,419,2024-06-20 09:37:49,PLACED,CENTRAL
234,121,2025-07-31 01:18:24,DELIVERED,EAST
235,147,2024-08-08 00:00:00,DELIVERED,WEST
236,291,2024-11-30 00:00:00,SHIPPED,WEST
237,70,2024-03-10 09:53:00,DELIVERED,CENTRAL
238,346,2025-08-09 02:58:24,DELIVERED,CENTRAL
239,472,2025-11-29 22:35:00,DELIVERED,SOUTH
240,420,2025-08-24 13:10:18,SHIPPED,WEST
241,,2025-11-19 07:49:25,DELIVERED,NORTH
242,586,2025-04-24 18:41:27,DELIVERED,NORTH
243,555,2026-06-15 02:44:05,DELIVERED,CENTRAL
244,515,2024-01-29 23:50:49,PLACED,CENTRAL
245,,2024-11-15 16:57:59,SHIPPED,CENTRAL
246,329,2025-09-16 04:06:36,DELIVERED,WEST
247,,2025-11-09 21:11:25,SHIPPED,NORTH
248,264,2024-05-21 09:39:40,PLACED,NORTH
249,188,2025-01-31 23:45:47,DELIVERED,SOUTH
250,174,2024-04-01 12:27:47,DELIVERED,EAST
251,306,2025-08-28 18:00:22,PLACED,SOUTH
252,385,2024-07-06 21:56:57,PLACED,SOUTH
253,505,2026-03-01 02:46:31,DELIVERED,WEST
254,326,2025-12-23 01:52:38,DELIVERED,NORTH
255,240,2024-01-29 22:18:34,SHIPPED,CENTRAL
256,569,2024-07-14 01:38:20,DELIVERED,WEST
257,513,2024-11-12 01:25:23,DELIVERED,SOUTH
258,252,2026-04-15 00:46:50,RETURNED,CENTRAL
259,,2025-12-22 19:29:02,RETURNED,CENTRAL
260,1,2024-04-03 11:29:15,RETURNED,WEST
261,390,2025-06-29 21:48:34,CANCELLED,SOUTH
262,47,2024-09-07 00:00:00,DELIVERED,CENTRAL
263,126,2024-08-04 22:32:21,DELIVERED,EAST
264,517,2025-05-09 11:13:51,CANCELLED,EAST
265,464,2025-02-28 02:40:03,SHIPPED,EAST
266,337,2024-01-25 15:50:54,RETURNED,SOUTH
267,,2026-01-10 06:17:13,PLACED,NORTH
268,501,2025-09-02 04:18:46,DELIVERED,NORTH
269,456,2024-07-10 17:16:00,DELIVERED,WEST
270,182,2024-01-14 02:20:40,PLACED,EAST
271,227,2024-01-31 17:30:50,DELIVERED,EAST
272,311,2024-12-09 12:58:59,SHIPPED,WEST
273,,2026-02-04 14:19:39,RETURNED,CENTRAL
274,406,2024-06-21 08:23:10,CANCELLED,CENTRAL
275,199,2026-05-28 19:05:14,DELIVERED,CENTRAL
276,132,2024-04-11 01:12:52,PLACED,CENTRAL
277,281,2024-10-25 00:44:38,CANCELLED,NORTH
278,546,2025-01-27 00:00:00,DELIVERED,WEST
279,54,2025-05-16 18:17:07,DELIVERED,WEST
280,478,2026-02-08 20:21:52,DELIVERED,NORTH
281,285,2025-10-14 00:00:00,DELIVERED,EAST
282,84,2026-06-07 06:58:49,CANCELLED,SOUTH
283,77,2025-01-23 08:05:06,SHIPPED,EAST
284,100,2024-02-13 07:10:17,DELIVERED,NORTH
285,343,2025-01-23 23:56:30,SHIPPED,WEST
286,56,2025-06-02 05:04:44,DELIVERED,SOUTH
287,450,2024-05-28 14:51:50,DELIVERED,CENTRAL
288,35,2025-08-09 06:18:37,DELIVERED,NORTH
289,453,2024-03-26 00:00:00,DELIVERED,WEST
290,573,2024-03-22 02:16:27,SHIPPED,WEST
291,421,2024-12-28 00:00:00,CANCELLED,CENTRAL
292,439,2024-06-06 07:54:53,DELIVERED,NORTH
293,198,2024-06-16 18:46:39,PLACED,CENTRAL
294,199,2026-06-09 10:53:50,PLACED,CENTRAL
295,456,2024-10-15 00:00:00,SHIPPED,NORTH
296,447,2026-03-08 02:42:50,RETURNED,EAST
297,150,2024-08-16 23:48:29,DELIVERED,CENTRAL
298,9,2026-03-15 00:00:00,DELIVERED,SOUTH
299,573,2024-03-25 19:54:26,DELIVERED,SOUTH
300,207,2024-04-16 06:16:39,DELIVERED,WEST
301,340,2026-06-17 12:42:56,DELIVERED,EAST
302,167,2024-06-11 21:00:46,DELIVERED,NORTH
303,229,2024-12-23 17:14:14,DELIVERED,SOUTH
304,340,2025-08-06 23:00:28,SHIPPED,SOUTH
305,,2024-01-16 08:48:14,PLACED,NORTH
306,451,2024-10-28 00:00:00,DELIVERED,EAST
307,,2024-11-03 07:27:01,SHIPPED,SOUTH
308,348,2026-05-11 00:00:00,SHIPPED,SOUTH
309,104,2024-02-02 14:42:14,CANCELLED,SOUTH
310,114,2025-06-09 15:50:34,RETURNED,EAST
311,382,2024-09-23 04:45:23,RETURNED,CENTRAL
312,67,2024-07-03 01:45:04,PLACED,SOUTH
313,388,2025-08-04 09:14:56,DELIVERED,WEST
314,48,2026-07-01 09:05:44,SHIPPED,CENTRAL
315,254,2024-03-23 17:38:18,DELIVERED,EAST
316,599,2026-01-29 14:53:32,SHIPPED,NORTH
317,67,2024-09-17 02:22:29,DELIVERED,CENTRAL
318,184,2025-05-14 22:26:09,DELIVERED,CENTRAL
319,507,2026-01-05 22:59:03,SHIPPED,WEST
320,38,2024-11-17 20:57:39,SHIPPED,SOUTH
321,224,2025-04-20 08:28:15,DELIVERED,WEST
322,384,2025-01-30 09:32:16,DELIVERED,SOUTH
323,532,2025-06-30 03:39:51,SHIPPED,NORTH
324,437,2025-12-01 20:08:09,DELIVERED,WEST
325,280,2025-08-16 23:49:17,PLACED,WEST
326,368,2024-05-08 00:47:05,SHIPPED,CENTRAL
327,284,2024-12-19 18:49:19,PLACED,NORTH
328,342,2024-11-01 11:30:22,DELIVERED,EAST
329,282,2024-10-23 03:39:54,DELIVERED,SOUTH
330,557,2025-02-09 15:50:06,PLACED,EAST
331,414,2025-09-22 07:46:21,CANCELLED,NORTH
332,153,2025-09-09 12:04:16,SHIPPED,SOUTH
333,566,2025-12-29 03:49:53,DELIVERED,WEST
334,193,2025-10-28 02:33:38,DELIVERED,WEST
335,572,2024-02-16 18:21:40,DELIVERED,CENTRAL
336,10,2026-02-15 09:54:08,CANCELLED,EAST
337,414,2026-04-15 00:00:00,SHIPPED,CENTRAL
338,143,2024-08-26 18:01:28,RETURNED,EAST
339,588,2025-08-30 05:16:55,RETURNED,SOUTH
340,396,2024-10-19 13:46:29,DELIVERED,EAST
341,312,2024-05-24 20:17:43,SHIPPED,CENTRAL
342,501,2024-02-11 16:36:43,SHIPPED,NORTH
343,211,2024-12-28 00:00:00,SHIPPED,CENTRAL
344,531,2024-01-18 03:51:55,SHIPPED,WEST
345,133,2026-04-13 08:25:05,DELIVERED,NORTH
346,212,2024-07-20 20:13:35,CANCELLED,EAST
347,487,2024-09-03 15:47:38,DELIVERED,EAST
348,470,2025-03-03 21:11:02,SHIPPED,SOUTH
349,253,2026-03-27 21:21:05,DELIVERED,CENTRAL
350,590,2024-03-01 17:11:11,DELIVERED,EAST
351,356,2025-04-07 01:41:32,DELIVERED,SOUTH
352,443,2025-12-12 05:04:14,DELIVERED,SOUTH
353,45,2025-01-07 08:29:12,CANCELLED,SOUTH
354,299,2024-04-13 16:23:29,DELIVERED,SOUTH
355,567,2024-07-07 07:48:18,RETURNED,NORTH
356,334,2025-09-29 01:29:22,DELIVERED,EAST
357,,2024-02-11 12:06:53,PLACED,WEST
358,200,2025-09-08 05:05:27,PLACED,EAST
359,335,2025-12-22 04:19:42,DELIVERED,NORTH
360,449,2024-08-05 21:06:49,DELIVERED,EAST
361,19,2024-06-05 03:28:31,SHIPPED,NORTH
362,80,2024-01-18 09:57:43,DELIVERED,SOUTH
363,36,2026-04-06 21:32:16,SHIPPED,NORTH
364,106,2025-08-29 00:00:00,DELIVERED,WEST
365,,2025-08-09 06:19:30,DELIVERED,SOUTH
366,94,2024-01-25 21:57:23,DELIVERED,NORTH
367,65,2024-12-08 15:21:55,RETURNED,NORTH
368,172,2024-09-16 11:58:23,PLACED,CENTRAL
369,576,2024-10-21 10:50:39,DELIVERED,CENTRAL
370,238,2024-11-28 02:17:44,PLACED,EAST
371,324,2024-01-19 14:41:53,DELIVERED,WEST
372,286,2025-07-27 04:34:12,PLACED,SOUTH
373,512,2024-06-07 03:53:08,DELIVERED,CENTRAL
374,333,2025-08-26 14:46:10,DELIVERED,SOUTH
375,326,2026-01-18 23:07:24,PLACED,NORTH
376,392,2026-03-04 20:26:07,DELIVERED,SOUTH
377,14,2024-12-27 08:10:36,PLACED,NORTH
378,250,2024-05-03 07:51:37,PLACED,EAST
379,385,2024-11-13 12:02:14,DELIVERED,SOUTH
380,455,2025-05-25 14:26:45,PLACED,EAST
381,534,2025-10-06 12:20:49,DELIVERED,EAST
382,340,2025-06-16 00:00:00,SHIPPED,CENTRAL
383,255,2024-12-11 13:18:55,DELIVERED,WEST
384,7,2024-04-10 09:05:30,CANCELLED,NORTH
385,145,2024-11-13 05:52:26,PLACED,SOUTH
386,210,2025-01-02 02:16:48,DELIVERED,WEST
387,203,2025-01-15 11:27:51,DELIVERED,CENTRAL
388,460,2024-11-08 20:46:25,SHIPPED,WEST
389,408,2025-08-09 18:19:43,SHIPPED,WEST
390,444,2024-08-30 00:00:00,CANCELLED,WEST
391,86,2025-04-11 09:26:36,DELIVERED,SOUTH
392,390,2025-12-21 06:10:15,DELIVERED,EAST
393,74,2025-06-01 15:52:09,PLACED,WEST
394,5,2024-01-20 22:29:46,CANCELLED,EAST
395,405,2025-08-02 15:51:00,DELIVERED,EAST
396,419,2024-03-01 07:34:17,RETURNED,NORTH
397,199,2025-11-08 18:21:58,RETURNED,EAST
398,378,2024-03-30 15:23:02,DELIVERED,WEST
399,36,2025-07-15 10:30:04,DELIVERED,NORTH
400,268,2026-07-29 12:16:35,DELIVERED,SOUTH
401,166,2024-01-20 03:58:16,PLACED,NORTH
402,408,2026-06-29 13:38:40,RETURNED,NORTH
403,434,2024-09-14 14:21:07,CANCELLED,EAST
404,546,2025-08-17 15:23:37,DELIVERED,WEST
405,92,2024-06-18 18:01:57,DELIVERED,EAST
406,215,2025-09-10 05:24:18,DELIVERED,NORTH
407,2,2024-05-30 11:36:00,PLACED,WEST
408,442,2024-09-22 01:42:22,SHIPPED,SOUTH
409,187,2026-02-19 18:47:55,RETURNED,WEST
410,206,2024-04-01 15:00:38,DELIVERED,SOUTH
411,419,2025-11-15 15:37:19,DELIVERED,CENTRAL
412,82,2025-03-31 08:30:50,PLACED,NORTH
413,600,2024-12-30 00:00:00,DELIVERED,NORTH
414,8,2026-06-23 19:08:24,DELIVERED,NORTH
415,8,2025-08-06 13:50:10,DELIVERED,EAST
416,346,2026-07-27 20:36:16,DELIVERED,EAST
417,323,2025-01-07 04:49:28,RETURNED,WEST
418,365,2025-05-28 00:48:29,CANCELLED,NORTH
419,143,2024-02-09 21:26:08,DELIVERED,CENTRAL
420,255,2025-07-26 08:03:43,DELIVERED,WEST
421,4,2025-05-15 11:52:27,PLACED,EAST
422,334,2025-11-21 04:56:03,SHIPPED,WEST
423,84,2025-06-25 02:49:52,DELIVERED,WEST
424,103,2025-08-20 20:33:59,SHIPPED,SOUTH
425,586,2026-02-22 22:13:00,PLACED,WEST
426,562,2025-12-26 03:40:44,SHIPPED,WEST
427,554,2025-01-09 05:27:47,SHIPPED,SOUTH
428,92,2024-06-12 20:11:40,DELIVERED,NORTH
429,393,2025-03-11 12:29:53,SHIPPED,EAST
430,127,2024-07-29 21:21:59,RETURNED,WEST
431,230,2026-06-13 00:00:00,DELIVERED,CENTRAL
432,391,2026-05-22 21:08:53,RETURNED,WEST
433,119,2025-03-28 00:23:25,PLACED,NORTH
434,193,2024-06-29 08:45:13,DELIVERED,SOUTH
435,591,2024-01-03 14:34:43,DELIVERED,CENTRAL
436,434,2025-05-11 13:09:15,DELIVERED,SOUTH
437,228,2024-06-14 13:48:40,DELIVERED,CENTRAL
438,304,2024-12-06 01:20:29,DELIVERED,WEST
439,36,2026-07-19 07:52:34,DELIVERED,CENTRAL
440,588,2026-01-12 23:40:23,DELIVERED,SOUTH
441,386,2024-04-01 08:41:31,RETURNED,EAST
442,231,2024-03-22 15:48:49,RETURNED,SOUTH
443,307,2024-09-04 07:09:12,RETURNED,CENTRAL
444,485,2025-06-25 00:00:00,DELIVERED,WEST
445,290,2024-10-30 01:33:48,DELIVERED,CENTRAL
446,595,2024-03-25 01:51:46,CANCELLED,EAST
447,141,2025-11-17 10:37:11,DELIVERED,EAST
448,201,2024-01-15 04:29:05,DELIVERED,CENTRAL
449,152,2025-08-07 23:01:02,RETURNED,WEST
450,58,2024-05-29 04:55:08,DELIVERED,WEST
451,528,2025-06-09 19:39:57,DELIVERED,SOUTH
452,35,2024-07-03 13:16:47,SHIPPED,WEST
453,177,2025-08-06 02:52:08,DELIVERED,NORTH
454,392,2025-03-03 12:47:51,DELIVERED,WEST
455,85,2024-07-08 14:24:43,DELIVERED,CENTRAL
456,587,2026-01-14 20:59:41,SHIPPED,NORTH
457,496,2025-11-04 15:53:07,SHIPPED,SOUTH
458,551,2024-10-14 05:11:35,DELIVERED,NORTH
459,543,2026-01-28 22:57:31,PLACED,CENTRAL
460,128,2024-11-18 06:48:35,RETURNED,NORTH
461,185,2024-01-09 06:29:35,DELIVERED,EAST
462,212,2024-09-07 10:21:15,PLACED,EAST
463,,2024-07-12 17:47:28,DELIVERED,EAST
464,1,2025-01-20 18:40:39,DELIVERED,CENTRAL
465,547,2025-11-22 03:49:50,PLACED,WEST
466,361,2026-07-30 15:44:06,DELIVERED,SOUTH
467,46,2025-01-03 07:44:31,PLACED,SOUTH
468,138,2026-07-24 09:34:11,DELIVERED,CENTRAL
469,433,2024-04-25 12:19:44,DELIVERED,EAST
470,410,2025-12-09 11:26:17,PLACED,EAST
471,147,2026-04-12 11:57:40,SHIPPED,EAST
472,198,2025-08-01 02:28:08,DELIVERED,CENTRAL
473,158,2025-05-06 10:46:05,RETURNED,WEST
474,254,2024-04-30 10:19:35,SHIPPED,CENTRAL
475,68,2025-05-26 15:20:16,DELIVERED,EAST
476,150,2024-12-16 17:08:48,SHIPPED,NORTH
477,388,2024-06-12 02:47:07,DELIVERED,NORTH
478,314,2026-07-03 17:03:48,CANCELLED,WEST
479,586,2025-03-14 01:35:59,DELIVERED,CENTRAL
480,,2025-05-08 23:45:52,RETURNED,WEST
481,545,2026-05-06 23:48:41,DELIVERED,WEST
482,10,2026-03-08 19:06:23,DELIVERED,SOUTH
483,274,2024-03-23 02:56:09,RETURNED,EAST
484,429,2025-12-12 03:31:16,SHIPPED,EAST
485,283,2025-10-26 12:14:17,DELIVERED,SOUTH
486,313,2025-09-23 11:58:10,DELIVERED,NORTH
487,246,2024-05-25 10:54:50,SHIPPED,NORTH
488,505,2024-01-17 14:43:35,RETURNED,WEST
489,140,2026-01-15 02:52:11,DELIVERED,CENTRAL
490,195,2024-01-12 07:48:01,DELIVERED,CENTRAL
491,541,2024-03-06 19:08:43,DELIVERED,SOUTH
492,537,2024-12-15 15:09:53,SHIPPED,EAST
493,53,2025-10-18 16:13:42,DELIVERED,SOUTH
494,256,2026-04-17 11:50:10,CANCELLED,NORTH
495,272,2024-11-26 23:40:27,PLACED,CENTRAL
496,528,2024-02-25 00:53:36,RETURNED,CENTRAL
497,7,2025-12-16 03:14:11,DELIVERED,EAST
498,191,2025-09-16 14:11:05,DELIVERED,NORTH
499,542,2026-03-09 23:11:13,CANCELLED,WEST
500,160,2025-01-23 13:41:58,SHIPPED,WEST
501,187,2026-04-13 07:27:44,CANCELLED,NORTH
502,450,2024-09-08 00:00:00,PLACED,WEST
503,204,2024-06-20 21:54:51,SHIPPED,NORTH
504,340,2024-02-19 02:22:38,SHIPPED,SOUTH
505,273,2024-07-03 12:53:53,DELIVERED,CENTRAL
506,131,2025-05-19 16:41:28,DELIVERED,WEST
507,399,2024-07-23 03:36:21,PLACED,NORTH
508,353,2026-02-15 00:00:00,PLACED,SOUTH
509,440,2026-07-16 13:00:36,DELIVERED,WEST
510,85,2025-10-28 08:29:14,SHIPPED,SOUTH
511,288,2024-06-27 16:15:21,CANCELLED,SOUTH
512,486,2024-06-09 02:32:15,DELIVERED,CENTRAL
513,153,2024-12-22 00:00:00,PLACED,WEST
514,150,2025-10-24 05:43:37,PLACED,SOUTH
515,418,2026-03-26 12:20:39,DELIVERED,SOUTH
516,63,2026-03-03 01:05:46,DELIVERED,NORTH
517,288,2025-06-29 07:08:32,DELIVERED,SOUTH
518,,2024-03-04 12:27:26,PLACED,EAST
519,104,2025-10-31 09:23:49,SHIPPED,WEST
520,100,2024-01-22 05:20:26,DELIVERED,SOUTH
521,371,2026-07-03 20:11:46,DELIVERED,EAST
522,599,2025-08-19 14:23:52,PLACED,NORTH
523,124,2024-03-04 18:02:32,DELIVERED,SOUTH
524,102,2024-04-26 07:42:49,RETURNED,CENTRAL
525,207,2026-04-08 20:28:02,DELIVERED,NORTH
526,259,2026-05-20 11:12:53,RETURNED,EAST
527,447,2024-04-15 04:21:20,DELIVERED,CENTRAL
528,23,2024-09-16 07:47:33,DELIVERED,SOUTH
529,63,2024-10-22 10:49:52,DELIVERED,WEST
530,526,2024-04-26 11:39:47,SHIPPED,CENTRAL
531,411,2025-02-25 18:02:13,SHIPPED,NORTH
532,10,2026-03-07 14:24:30,DELIVERED,CENTRAL
533,304,2025-02-21 02:57:06,DELIVERED,SOUTH
534,299,2024-03-01 17:24:21,DELIVERED,EAST
535,53,2025-01-21 19:41:37,RETURNED,SOUTH
536,,2025-06-23 18:19:06,DELIVERED,EAST
537,563,2025-02-14 04:03:24,DELIVERED,WEST
538,59,2024-01-17 04:02:43,CANCELLED,SOUTH
539,263,2024-01-25 07:02:42,DELIVERED,CENTRAL
540,392,2025-02-03 18:31:23,CANCELLED,CENTRAL
541,226,2025-05-18 17:24:07,SHIPPED,CENTRAL
542,405,2024-08-29 18:44:05,DELIVERED,WEST
543,96,2026-02-09 10:46:22,SHIPPED,SOUTH
544,584,2026-01-31 23:51:02,RETURNED,SOUTH
545,,2024-09-10 02:02:50,CANCELLED,WEST
546,147,2024-04-21 22:10:11,DELIVERED,WEST
547,103,2026-03-29 07:43:40,PLACED,NORTH
548,22,2024-06-19 22:25:16,CANCELLED,NORTH
549,275,2024-08-09 00:00:00,RETURNED,CENTRAL
550,109,2026-04-22 13:01:31,DELIVERED,EAST
551,143,2026-01-16 07:33:29,DELIVERED,WEST
552,491,2024-08-28 00:40:27,SHIPPED,CENTRAL
553,127,2024-02-02 22:41:16,CANCELLED,NORTH
554,426,2024-08-08 00:00:00,PLACED,SOUTH
555,151,2025-07-02 20:20:53,DELIVERED,SOUTH
556,116,2026-02-03 00:24:00,SHIPPED,NORTH
557,289,2025-07-09 01:24:15,PLACED,EAST
558,87,2024-03-08 08:05:13,DELIVERED,SOUTH
559,186,2025-10-22 14:15:57,SHIPPED,EAST
560,107,2025-02-25 03:05:23,RETURNED,EAST
561,79,2024-01-04 09:13:48,CANCELLED,SOUTH
562,152,2025-08-29 18:36:27,DELIVERED,WEST
563,438,2025-03-08 14:20:35,PLACED,EAST
564,395,2025-07-01 18:12:26,DELIVERED,WEST
565,342,2024-08-02 17:15:45,CANCELLED,SOUTH
566,552,2026-04-09 04:24:43,DELIVERED,CENTRAL
567,595,2025-10-17 07:21:48,DELIVERED,SOUTH
568,3,2024-11-11 18:48:54,RETURNED,NORTH
569,137,2024-06-20 02:55:30,PLACED,EAST
570,143,2025-04-02 19:06:40,DELIVERED,CENTRAL
571,249,2024-11-23 08:51:30,CANCELLED,NORTH
572,147,2025-08-09 08:45:28,DELIVERED,WEST
573,596,2024-04-24 14:21:21,DELIVERED,CENTRAL
574,,2025-07-21 00:00:00,PLACED,SOUTH
575,427,2024-08-20 13:51:45,DELIVERED,WEST
576,307,2025-12-31 09:44:55,DELIVERED,EAST
577,14,2025-03-21 11:31:33,PLACED,NORTH
578,,2024-09-26 15:32:20,DELIVERED,NORTH
579,466,2026-05-10 20:25:48,DELIVERED,EAST
580,233,2025-10-20 03:34:19,RETURNED,EAST
581,129,2024-11-25 02:52:17,DELIVERED,NORTH
582,573,2026-07-28 23:08:39,CANCELLED,WEST
583,415,2025-08-14 00:57:07,SHIPPED,EAST
584,112,2024-06-11 04:18:59,PLACED,CENTRAL
585,246,2025-03-14 00:00:00,SHIPPED,NORTH
586,317,2024-10-18 15:35:47,DELIVERED,NORTH
587,584,2026-05-27 00:00:00,PLACED,WEST
588,317,2024-01-14 04:06:35,RETURNED,EAST
589,323,2025-08-29 20:09:48,DELIVERED,SOUTH
590,418,2026-02-21 00:00:00,PLACED,SOUTH
591,489,2026-06-29 21:01:05,CANCELLED,NORTH
592,475,2024-05-02 08:07:09,CANCELLED,NORTH
593,221,2024-08-06 19:44:21,DELIVERED,SOUTH
594,536,2025-06-14 08:53:04,DELIVERED,SOUTH
595,442,2024-03-03 03:47:20,CANCELLED,WEST
596,77,2024-08-24 17:56:10,DELIVERED,WEST
597,,2025-04-25 20:34:25,DELIVERED,NORTH
598,174,2025-04-04 05:04:18,SHIPPED,EAST
599,73,2024-10-05 08:32:51,DELIVERED,WEST
600,263,2025-11-17 16:38:47,DELIVERED,SOUTH
601,500,2024-03-02 12:07:14,DELIVERED,EAST
602,133,2025-11-15 19:14:49,DELIVERED,CENTRAL
603,424,2026-02-24 22:54:03,DELIVERED,NORTH
604,251,2026-05-21 04:09:16,PLACED,NORTH
605,409,2024-04-23 08:50:32,SHIPPED,WEST
606,480,2026-04-11 06:33:40,RETURNED,WEST
607,111,2025-09-08 15:10:39,DELIVERED,SOUTH
608,351,2026-07-27 20:31:30,DELIVERED,WEST
609,559,2024-08-29 22:26:58,RETURNED,SOUTH
610,33,2026-07-22 17:47:24,DELIVERED,NORTH
611,441,2026-01-05 09:59:26,SHIPPED,SOUTH
612,434,2025-02-23 04:40:00,SHIPPED,SOUTH
613,415,2024-05-06 22:20:11,SHIPPED,WEST
614,266,2024-10-12 22:56:09,CANCELLED,NORTH
615,305,2024-09-12 14:14:43,SHIPPED,WEST
616,165,2025-11-09 12:29:14,DELIVERED,CENTRAL
617,,2026-07-16 14:34:09,SHIPPED,CENTRAL
618,325,2024-01-23 00:55:17,SHIPPED,WEST
619,325,2024-06-25 11:34:16,DELIVERED,WEST
620,462,2024-07-14 07:04:37,DELIVERED,CENTRAL
621,193,2025-10-14 17:18:02,DELIVERED,SOUTH
622,215,2024-10-23 22:55:26,RETURNED,CENTRAL
623,373,2024-01-26 03:39:15,DELIVERED,EAST
624,512,2025-12-09 08:49:06,DELIVERED,EAST
625,536,2025-06-05 16:31:25,PLACED,SOUTH
626,567,2026-07-13 03:10:27,SHIPPED,WEST
627,448,2025-03-16 00:15:51,DELIVERED,NORTH
628,107,2024-05-19 05:56:40,DELIVERED,CENTRAL
629,558,2024-06-03 21:09:45,DELIVERED,CENTRAL
630,,2025-03-26 08:25:17,CANCELLED,SOUTH
631,391,2024-06-26 20:54:38,SHIPPED,WEST
632,476,2025-10-03 00:00:00,RETURNED,WEST
633,230,2026-02-27 11:14:19,SHIPPED,EAST
634,425,2025-01-10 00:00:00,PLACED,WEST
635,,2025-08-04 14:51:27,CANCELLED,CENTRAL
636,344,2024-09-21 17:22:23,RETURNED,WEST
637,198,2025-09-02 23:56:53,CANCELLED,CENTRAL
638,400,2024-09-26 20:38:57,DELIVERED,EAST
639,102,2024-07-15 05:56:03,DELIVERED,CENTRAL
640,267,2026-05-08 21:48:41,SHIPPED,EAST
641,448,2024-01-18 22:10:20,DELIVERED,CENTRAL
642,557,2024-05-02 08:51:06,DELIVERED,NORTH
643,465,2025-07-10 07:43:54,SHIPPED,SOUTH
644,252,2025-08-10 08:50:56,DELIVERED,NORTH
645,24,2026-06-18 23:54:14,CANCELLED,NORTH
646,110,2024-08-08 08:00:23,SHIPPED,SOUTH
647,371,2024-11-19 01:46:30,DELIVERED,WEST
648,499,2024-04-28 13:08:35,SHIPPED,WEST
649,462,2024-09-07 06:22:45,SHIPPED,NORTH
650,33,2024-07-01 01:47:55,RETURNED,EAST
651,560,2024-01-08 18:57:22,SHIPPED,EAST
652,31,2026-04-12 13:49:12,PLACED,CENTRAL
653,374,2024-06-27 07:37:25,CANCELLED,NORTH
654,130,2025-02-19 16:29:53,SHIPPED,SOUTH
655,565,2025-04-02 05:04:39,DELIVERED,WEST
656,198,2025-01-23 12:08:54,SHIPPED,EAST
657,320,2024-09-14 07:59:44,DELIVERED,WEST
658,279,2025-05-10 03:48:44,DELIVERED,CENTRAL
659,362,2025-08-03 22:15:26,CANCELLED,NORTH
660,524,2025-01-28 02:53:49,DELIVERED,EAST
661,544,2025-07-01 04:57:22,DELIVERED,NORTH
662,191,2025-07-09 17:40:56,SHIPPED,SOUTH
663,322,2024-07-08 23:48:32,PLACED,NORTH
664,582,2025-05-14 00:00:00,CANCELLED,CENTRAL
665,218,2026-03-30 01:45:56,SHIPPED,CENTRAL
666,77,2026-06-10 14:20:49,CANCELLED,WEST
667,328,2024-11-03 19:34:58,SHIPPED,WEST
668,432,2024-07-04 06:17:55,PLACED,SOUTH
669,243,2026-06-14 10:15:53,PLACED,NORTH
670,5,2025-12-18 00:00:00,SHIPPED,WEST
671,541,2024-03-01 00:00:00,DELIVERED,NORTH
672,426,2025-04-12 14:01:44,SHIPPED,EAST
673,321,2026-02-06 02:53:30,DELIVERED,WEST
674,506,2024-07-07 14:36:09,CANCELLED,CENTRAL
675,11,2024-08-03 12:23:39,PLACED,EAST
676,232,2024-09-21 09:11:50,PLACED,EAST
677,6,2024-03-22 13:00:20,SHIPPED,NORTH
678,77,2025-02-13 16:27:36,DELIVERED,CENTRAL
679,175,2024-08-02 00:11:20,DELIVERED,NORTH
680,599,2025-10-04 00:42:50,DELIVERED,NORTH
681,490,2026-01-31 08:23:43,RETURNED,EAST
682,95,2025-02-13 19:37:31,DELIVERED,NORTH
683,249,2024-11-15 20:10:53,DELIVERED,NORTH
684,14,2024-12-01 18:06:51,DELIVERED,WEST
685,214,2026-07-06 08:17:48,DELIVERED,CENTRAL
686,320,2025-12-06 07:09:56,DELIVERED,CENTRAL
687,373,2025-08-21 23:18:20,RETURNED,CENTRAL
688,193,2024-04-16 15:03:32,SHIPPED,SOUTH
689,592,2024-06-07 13:14:05,PLACED,NORTH
690,472,2024-10-17 12:58:30,SHIPPED,WEST
691,272,2024-07-02 19:31:12,RETURNED,NORTH
692,407,2026-02-19 00:00:00,DELIVERED,EAST
693,101,2024-03-17 07:51:47,DELIVERED,WEST
694,181,2026-07-11 19:45:29,SHIPPED,CENTRAL
695,52,2025-01-21 17:18:50,RETURNED,SOUTH
696,590,2025-02-17 11:50:39,SHIPPED,CENTRAL
697,415,2025-08-31 19:23:33,DELIVERED,SOUTH
698,275,2026-02-08 05:20:15,SHIPPED,SOUTH
699,295,2024-01-05 19:49:57,PLACED,CENTRAL
700,313,2025-01-05 16:22:45,SHIPPED,NORTH
701,467,2024-08-08 07:56:30,RETURNED,WEST
702,,2025-02-13 20:22:36,CANCELLED,SOUTH
703,361,2026-01-06 01:40:07,DELIVERED,WEST
704,47,2024-01-28 00:22:36,DELIVERED,EAST
705,172,2024-08-15 17:00:31,DELIVERED,NORTH
706,464,2026-02-01 05:11:58,DELIVERED,CENTRAL
707,374,2025-12-13 15:28:05,PLACED,EAST
708,531,2026-07-14 10:55:44,DELIVERED,EAST
709,22,2024-08-17 18:07:33,RETURNED,SOUTH
710,510,2024-02-18 00:12:35,SHIPPED,WEST
711,199,2025-08-09 20:35:39,DELIVERED,EAST
712,461,2026-03-29 12:30:44,SHIPPED,EAST
713,428,2025-03-05 03:14:22,DELIVERED,NORTH
714,126,2025-11-04 08:32:45,DELIVERED,CENTRAL
715,296,2024-06-20 04:12:08,RETURNED,WEST
716,154,2026-03-23 17:47:38,RETURNED,CENTRAL
717,499,2025-03-23 00:00:00,PLACED,EAST
718,,2025-03-15 00:00:00,CANCELLED,NORTH
719,441,2025-07-01 00:00:00,DELIVERED,NORTH
720,291,2026-02-18 19:39:51,DELIVERED,CENTRAL
721,278,2024-08-09 14:09:47,RETURNED,SOUTH
722,298,2024-12-05 23:36:32,PLACED,EAST
723,396,2025-10-18 10:18:04,DELIVERED,NORTH
724,319,2024-09-26 05:09:56,DELIVERED,EAST
725,205,2025-01-23 09:26:16,PLACED,CENTRAL
726,305,2026-05-30 06:48:20,RETURNED,WEST
727,448,2024-05-29 04:42:59,PLACED,WEST
728,367,2025-12-28 14:25:48,DELIVERED,WEST
729,29,2026-05-18 05:38:30,PLACED,WEST
730,310,2025-01-11 22:29:08,DELIVERED,EAST
731,580,2025-03-31 16:37:36,PLACED,WEST
732,474,2026-03-15 16:44:54,DELIVERED,NORTH
733,110,2025-06-02 01:09:51,DELIVERED,EAST
734,63,2024-07-07 15:42:40,DELIVERED,CENTRAL
735,210,2026-03-12 23:43:05,PLACED,WEST
736,159,2025-04-12 10:04:28,DELIVERED,NORTH
737,206,2024-06-27 04:39:23,PLACED,SOUTH
738,100,2025-01-19 00:00:00,SHIPPED,WEST
739,401,2024-03-27 10:54:00,RETURNED,EAST
740,241,2026-04-29 07:10:15,SHIPPED,CENTRAL
741,127,2025-11-02 15:18:51,PLACED,NORTH
742,247,2024-09-22 06:58:18,DELIVERED,CENTRAL
743,297,2024-06-04 09:00:14,RETURNED,WEST
744,396,2024-06-15 17:46:12,DELIVERED,WEST
745,124,2026-05-26 11:14:21,DELIVERED,CENTRAL
746,456,2024-03-07 05:25:42,RETURNED,EAST
747,470,2025-03-06 03:43:51,PLACED,SOUTH
748,516,2024-11-23 10:27:11,DELIVERED,CENTRAL
749,156,2025-06-30 14:33:09,DELIVERED,CENTRAL
750,144,2025-03-08 09:16:21,DELIVERED,EAST
751,496,2025-08-07 21:47:05,RETURNED,CENTRAL
752,520,2026-03-27 05:35:45,SHIPPED,EAST
753,599,2025-09-19 05:46:49,PLACED,NORTH
754,99,2024-06-14 00:11:05,DELIVERED,WEST
755,243,2024-06-12 18:46:57,CANCELLED,SOUTH
756,431,2024-04-09 23:53:02,PLACED,EAST
757,75,2025-11-16 21:22:25,DELIVERED,CENTRAL
758,,2024-09-27 09:41:49,DELIVERED,WEST
759,588,2026-05-14 10:38:20,SHIPPED,EAST
760,231,2024-11-08 13:00:32,DELIVERED,WEST
761,197,2024-05-13 14:59:40,DELIVERED,NORTH
762,6,2025-07-12 13:24:20,DELIVERED,CENTRAL
763,190,2026-03-31 11:01:37,DELIVERED,SOUTH
764,361,2025-07-07 18:43:52,DELIVERED,CENTRAL
765,450,2025-10-26 02:47:35,DELIVERED,NORTH
766,530,2025-04-08 06:42:28,PLACED,WEST
767,339,2024-02-05 00:26:40,SHIPPED,EAST
768,367,2024-04-15 13:27:52,CANCELLED,SOUTH
769,590,2025-01-09 23:59:04,CANCELLED,CENTRAL
770,59,2026-04-28 02:10:43,DELIVERED,NORTH
771,270,2024-02-16 13:39:43,PLACED,WEST
772,61,2024-08-04 09:03:23,SHIPPED,EAST
773,64,2025-01-01 00:26:45,DELIVERED,CENTRAL
774,37,2025-06-21 06:03:26,RETURNED,WEST
775,83,2026-05-06 14:37:24,DELIVERED,SOUTH
776,,2024-02-25 07:16:02,DELIVERED,SOUTH
777,311,2024-12-19 00:00:00,PLACED,NORTH
778,201,2026-04-09 19:53:32,DELIVERED,WEST
779,566,2026-01-19 00:43:30,PLACED,WEST
780,438,2026-05-03 16:31:11,PLACED,WEST
781,377,2025-06-30 11:38:53,SHIPPED,WEST
782,95,2026-07-03 09:15:00,PLACED,WEST
783,550,2026-06-01 10:23:14,PLACED,NORTH
784,59,2024-04-29 00:17:25,PLACED,WEST
785,,2025-06-27 04:32:52,DELIVERED,SOUTH
786,408,2026-01-13 00:00:00,DELIVERED,NORTH
787,211,2026-02-07 20:17:59,DELIVERED,EAST
788,455,2025-04-15 06:10:44,RETURNED,CENTRAL
789,540,2025-02-19 14:26:13,DELIVERED,CENTRAL
790,421,2026-01-25 07:08:12,SHIPPED,SOUTH
791,534,2024-12-24 03:00:08,DELIVERED,CENTRAL
792,146,2024-02-25 17:14:37,RETURNED,WEST
793,117,2024-02-03 01:44:08,DELIVERED,NORTH
794,308,2024-05-11 06:08:18,PLACED,CENTRAL
795,,2025-08-17 07:55:16,DELIVERED,NORTH
796,442,2026-04-07 00:00:00,PLACED,EAST
797,27,2025-06-06 07:07:35,RETURNED,EAST
798,29,2025-06-13 15:19:40,DELIVERED,CENTRAL
799,59,2024-06-18 15:39:05,DELIVERED,EAST
800,475,2025-10-20 09:42:53,DELIVERED,CENTRAL
801,391,2025-12-26 23:25:02,DELIVERED,SOUTH
802,,2025-03-02 06:06:21,PLACED,SOUTH
803,585,2025-09-04 23:47:57,PLACED,EAST
804,13,2024-07-12 02:28:44,DELIVERED,EAST
805,455,2025-12-19 19:36:40,PLACED,NORTH
806,492,2026-05-14 15:51:56,SHIPPED,NORTH
807,565,2025-05-02 19:45:27,RETURNED,WEST
808,283,2025-02-07 04:22:56,CANCELLED,SOUTH
809,51,2024-12-27 10:39:28,PLACED,NORTH
810,451,2026-06-19 19:53:34,DELIVERED,CENTRAL
811,266,2025-02-03 22:14:53,PLACED,EAST
812,,2024-12-30 14:07:59,DELIVERED,NORTH
813,80,2025-01-03 03:12:24,SHIPPED,CENTRAL
814,426,2024-04-20 21:43:49,DELIVERED,EAST
815,369,2025-06-04 09:10:30,RETURNED,EAST
816,32,2024-09-06 00:53:42,DELIVERED,EAST
817,27,2024-06-14 00:37:11,DELIVERED,EAST
818,521,2026-06-22 07:23:16,DELIVERED,SOUTH
819,154,2025-08-15 00:03:08,DELIVERED,NORTH
820,230,2026-05-28 07:43:43,DELIVERED,CENTRAL
821,552,2024-07-07 08:14:35,CANCELLED,CENTRAL
822,538,2026-03-19 07:31:55,DELIVERED,EAST
823,250,2025-05-25 14:14:47,SHIPPED,EAST
824,119,2025-01-09 10:51:50,DELIVERED,WEST
825,518,2024-04-28 18:01:48,RETURNED,WEST
826,429,2024-12-22 22:11:48,DELIVERED,SOUTH
827,418,2026-06-27 09:15:32,DELIVERED,CENTRAL
828,322,2024-07-02 06:01:03,PLACED,WEST
829,507,2024-11-03 00:00:00,CANCELLED,WEST
830,270,2026-05-11 12:11:43,DELIVERED,WEST
831,35,2025-11-01 04:29:54,PLACED,SOUTH
832,543,2025-08-25 21:56:36,RETURNED,EAST
833,248,2025-03-31 18:26:33,PLACED,EAST
834,47,2024-04-24 13:41:38,DELIVERED,EAST
835,461,2025-11-07 19:42:21,SHIPPED,WEST
836,522,2024-05-10 03:53:55,SHIPPED,NORTH
837,465,2025-08-12 08:06:34,DELIVERED,SOUTH
838,100,2024-12-26 00:00:00,SHIPPED,EAST
839,538,2026-06-19 17:33:44,DELIVERED,WEST
840,183,2024-08-10 10:45:17,PLACED,SOUTH
841,322,2024-06-03 12:22:52,DELIVERED,SOUTH
842,450,2024-12-13 09:39:21,CANCELLED,EAST
843,109,2024-12-25 21:27:16,DELIVERED,SOUTH
844,521,2024-09-19 07:16:28,PLACED,NORTH
845,200,2024-01-11 08:29:35,DELIVERED,NORTH
846,585,2025-10-24 13:10:04,DELIVERED,CENTRAL
847,113,2024-07-05 07:42:33,DELIVERED,WEST
848,141,2025-03-08 13:29:15,DELIVERED,NORTH
849,228,2024-04-25 11:58:52,DELIVERED,CENTRAL
850,526,2024-04-25 02:13:10,DELIVERED,EAST
851,,2024-06-05 00:37:47,RETURNED,CENTRAL
852,37,2024-01-13 09:09:54,SHIPPED,CENTRAL
853,201,2025-02-16 02:34:50,DELIVERED,WEST
854,290,2024-07-23 17:33:33,SHIPPED,NORTH
855,220,2024-01-05 23:13:09,DELIVERED,WEST
856,183,2024-03-01 07:02:36,DELIVERED,EAST
857,241,2025-06-25 16:37:08,DELIVERED,SOUTH
858,300,2026-01-23 12:20:44,DELIVERED,WEST
859,303,2024-05-29 23:01:11,SHIPPED,EAST
860,254,2025-10-22 00:07:33,PLACED,WEST
861,356,2025-09-10 09:50:42,DELIVERED,WEST
862,422,2024-12-30 20:13:01,PLACED,EAST
863,419,2024-04-04 10:54:35,DELIVERED,EAST
864,401,2025-11-17 13:08:52,DELIVERED,EAST
865,225,2025-06-11 22:12:41,DELIVERED,NORTH
866,587,2024-09-15 16:52:48,DELIVERED,NORTH
867,338,2024-07-19 17:29:48,DELIVERED,NORTH
868,,2025-08-12 01:09:29,PLACED,EAST
869,567,2024-04-08 14:08:18,DELIVERED,CENTRAL
870,161,2026-04-12 04:17:57,DELIVERED,SOUTH
871,383,2025-05-29 23:17:40,DELIVERED,CENTRAL
872,37,2024-02-01 02:42:42,DELIVERED,CENTRAL
873,497,2024-03-06 00:00:00,SHIPPED,EAST
874,254,2024-02-22 11:20:08,SHIPPED,NORTH
875,411,2024-07-22 19:14:11,CANCELLED,EAST
876,517,2025-10-07 06:29:23,PLACED,CENTRAL
877,401,2024-10-28 19:26:07,CANCELLED,EAST
878,24,2025-04-14 09:07:00,SHIPPED,SOUTH
879,591,2026-01-02 07:04:44,DELIVERED,WEST
880,575,2025-03-08 17:23:28,DELIVERED,CENTRAL
881,509,2025-09-03 12:09:21,RETURNED,CENTRAL
882,592,2024-02-08 16:02:10,DELIVERED,SOUTH
883,112,2025-04-27 12:22:24,DELIVERED,NORTH
884,502,2026-07-10 19:54:39,SHIPPED,SOUTH
885,536,2026-05-30 05:50:26,DELIVERED,NORTH
886,319,2025-06-08 20:38:59,CANCELLED,NORTH
887,417,2024-01-09 15:43:50,SHIPPED,SOUTH
888,559,2026-02-15 10:28:16,DELIVERED,SOUTH
889,527,2026-05-11 20:42:47,CANCELLED,NORTH
890,80,2025-08-06 14:35:28,PLACED,NORTH
891,171,2024-11-02 00:00:00,DELIVERED,NORTH
892,175,2026-03-25 22:05:56,DELIVERED,CENTRAL
893,,2024-07-01 15:49:20,DELIVERED,EAST
894,278,2026-03-22 15:28:12,DELIVERED,EAST
895,298,2026-03-23 20:13:12,DELIVERED,CENTRAL
896,258,2026-01-03 09:32:16,DELIVERED,EAST
897,139,2024-09-12 00:00:00,DELIVERED,WEST
898,154,2025-12-31 21:16:00,PLACED,NORTH
899,97,2026-04-15 00:00:00,DELIVERED,NORTH
900,161,2024-04-13 17:26:26,DELIVERED,CENTRAL
901,15,2024-10-26 06:09:52,SHIPPED,WEST
902,413,2025-01-30 00:00:00,DELIVERED,SOUTH
903,222,2025-03-10 22:37:02,SHIPPED,CENTRAL
904,393,2025-05-27 21:15:50,DELIVERED,CENTRAL
905,485,2024-11-21 03:31:11,SHIPPED,SOUTH
906,151,2024-08-10 15:51:14,SHIPPED,NORTH
907,54,2024-07-31 18:47:43,DELIVERED,WEST
908,310,2026-02-16 07:20:09,DELIVERED,SOUTH
909,395,2026-01-07 01:49:19,DELIVERED,CENTRAL
910,220,2024-09-15 01:15:53,RETURNED,EAST
911,574,2025-11-17 01:47:12,DELIVERED,EAST
912,446,2025-06-24 21:06:34,SHIPPED,EAST
913,355,2025-10-20 18:46:16,SHIPPED,CENTRAL
914,196,2025-08-17 03:02:45,DELIVERED,NORTH
915,200,2024-01-09 17:19:30,DELIVERED,EAST
916,260,2026-02-20 01:29:41,RETURNED,CENTRAL
917,491,2025-09-10 17:28:36,PLACED,EAST
918,586,2024-02-17 06:22:54,CANCELLED,WEST
919,503,2024-09-26 22:39:04,DELIVERED,CENTRAL
920,,2024-02-14 19:07:12,DELIVERED,SOUTH
921,135,2024-05-08 00:00:00,DELIVERED,NORTH
922,64,2025-05-03 03:35:16,PLACED,CENTRAL
923,18,2025-05-31 18:38:58,CANCELLED,EAST
924,376,2026-03-13 02:34:02,PLACED,WEST
925,63,2024-04-10 21:41:39,SHIPPED,CENTRAL
926,177,2025-11-19 19:06:29,PLACED,CENTRAL
927,178,2024-01-06 00:12:49,DELIVERED,CENTRAL
928,582,2024-05-13 17:51:46,DELIVERED,WEST
929,187,2024-05-14 05:53:01,SHIPPED,CENTRAL
930,,2024-09-20 01:17:51,DELIVERED,SOUTH
931,253,2025-04-23 02:57:23,CANCELLED,SOUTH
932,318,2024-03-23 20:29:03,DELIVERED,EAST
933,324,2025-10-05 02:23:47,SHIPPED,SOUTH
934,303,2025-02-06 21:25:16,DELIVERED,EAST
935,373,2025-06-25 22:24:48,DELIVERED,CENTRAL
936,175,2024-02-27 01:26:03,RETURNED,CENTRAL
937,216,2025-11-04 23:13:37,DELIVERED,EAST
938,516,2026-05-06 21:33:22,CANCELLED,EAST
939,265,2024-12-05 01:07:59,DELIVERED,NORTH
940,191,2026-01-08 05:06:22,PLACED,CENTRAL
941,35,2025-05-15 18:54:03,DELIVERED,EAST
942,,2025-10-16 15:13:12,DELIVERED,EAST
943,367,2025-04-20 18:46:59,SHIPPED,CENTRAL
944,,2025-12-10 01:31:41,DELIVERED,WEST
945,250,2025-01-27 08:40:11,DELIVERED,CENTRAL
946,308,2024-03-03 08:06:58,RETURNED,SOUTH
947,520,2024-06-16 13:08:15,DELIVERED,EAST
948,30,2024-09-11 19:19:52,DELIVERED,EAST
949,537,2024-11-04 07:12:17,RETURNED,CENTRAL
950,342,2024-03-24 13:48:46,RETURNED,EAST
951,355,2025-12-13 00:00:00,DELIVERED,WEST
952,177,2025-04-13 00:37:10,DELIVERED,SOUTH
953,93,2025-01-15 04:17:23,SHIPPED,CENTRAL
954,489,2024-09-04 12:14:44,DELIVERED,WEST
955,218,2026-01-03 16:50:31,DELIVERED,WEST
956,99,2025-08-25 01:48:10,PLACED,SOUTH
957,290,2025-10-21 00:00:00,DELIVERED,CENTRAL
958,28,2024-12-10 09:21:10,CANCELLED,SOUTH
959,349,2026-02-17 23:37:55,CANCELLED,CENTRAL
960,80,2024-12-23 00:00:00,PLACED,SOUTH
961,96,2025-06-11 12:42:29,DELIVERED,SOUTH
962,397,2026-01-16 16:00:27,PLACED,WEST
963,530,2024-06-14 08:01:07,DELIVERED,NORTH
964,415,2024-01-19 23:45:43,SHIPPED,SOUTH
965,466,2024-01-19 00:03:23,DELIVERED,WEST
966,436,2025-02-05 19:08:07,DELIVERED,NORTH
967,462,2026-02-18 22:12:45,DELIVERED,WEST
968,374,2024-06-22 11:26:20,DELIVERED,WEST
969,82,2024-08-21 14:50:31,PLACED,CENTRAL
970,466,2025-11-06 00:00:00,PLACED,EAST
971,472,2025-07-24 06:38:01,PLACED,CENTRAL
972,346,2025-04-05 01:03:55,DELIVERED,NORTH
973,366,2025-10-09 21:07:57,PLACED,EAST
974,,2024-06-22 11:51:16,DELIVERED,NORTH
975,180,2024-05-10 13:29:38,DELIVERED,SOUTH
976,442,2025-03-02 17:25:04,DELIVERED,WEST
977,537,2026-06-03 00:24:11,DELIVERED,NORTH
978,,2024-06-06 02:07:41,DELIVERED,NORTH
979,310,2025-10-18 09:03:24,DELIVERED,SOUTH
980,82,2025-11-04 07:38:18,RETURNED,SOUTH
981,527,2026-04-17 13:15:11,CANCELLED,SOUTH
982,,2026-06-09 15:30:57,DELIVERED,WEST
983,191,2025-03-06 01:51:29,DELIVERED,NORTH
984,292,2025-02-27 00:00:00,PLACED,SOUTH
985,133,2025-03-02 20:07:05,SHIPPED,CENTRAL
986,100,2024-12-09 19:32:42,SHIPPED,EAST
987,472,2026-07-02 07:01:43,DELIVERED,CENTRAL
988,572,2024-01-20 12:32:24,DELIVERED,EAST
989,474,2026-02-14 03:07:23,SHIPPED,SOUTH
990,34,2026-06-06 12:06:11,RETURNED,WEST
991,213,2026-04-02 16:36:41,DELIVERED,EAST
992,479,2024-02-15 22:14:49,SHIPPED,CENTRAL
993,442,2025-10-07 06:58:23,RETURNED,NORTH
994,503,2024-12-30 14:56:32,DELIVERED,CENTRAL
995,127,2024-05-30 15:40:11,DELIVERED,SOUTH
996,183,2024-09-04 04:19:51,DELIVERED,WEST
997,223,2025-10-11 14:52:48,RETURNED,EAST
998,109,2025-05-08 15:30:51,DELIVERED,CENTRAL
999,507,2025-12-21 15:57:55,SHIPPED,WEST
1000,410,2025-03-24 00:37:21,PLACED,EAST
1001,101,2025-08-18 12:27:05,DELIVERED,WEST
1002,30,2024-12-14 06:30:23,PLACED,CENTRAL
1003,585,2025-09-27 00:14:47,RETURNED,EAST
1004,484,2024-05-21 07:28:28,RETURNED,NORTH
1005,399,2026-05-07 14:11:24,DELIVERED,SOUTH
1006,378,2025-01-06 18:19:19,SHIPPED,SOUTH
1007,32,2024-11-17 13:47:25,DELIVERED,WEST
1008,248,2024-10-01 18:29:08,RETURNED,CENTRAL
1009,340,2024-09-04 00:00:00,SHIPPED,NORTH
1010,,2025-09-23 05:42:11,CANCELLED,WEST
1011,428,2025-02-07 22:35:34,CANCELLED,CENTRAL
1012,547,2024-02-06 20:21:01,DELIVERED,NORTH
1013,41,2025-07-18 11:32:14,DELIVERED,CENTRAL
1014,128,2024-06-09 23:20:45,PLACED,EAST
1015,115,2024-09-19 11:02:30,DELIVERED,EAST
1016,495,2024-11-22 08:32:09,SHIPPED,EAST
1017,504,2025-01-15 04:08:15,DELIVERED,EAST
1018,462,2025-02-04 00:00:00,DELIVERED,CENTRAL
1019,535,2025-03-24 01:27:57,PLACED,EAST
1020,315,2024-09-02 21:56:34,DELIVERED,EAST
1021,302,2024-08-27 21:59:18,DELIVERED,SOUTH
1022,394,2025-02-03 17:03:14,DELIVERED,NORTH
1023,152,2026-06-26 13:51:04,PLACED,EAST
1024,530,2025-09-22 10:59:04,DELIVERED,SOUTH
1025,514,2025-05-03 05:48:46,DELIVERED,WEST
1026,174,2026-03-26 22:14:59,DELIVERED,WEST
1027,,2024-04-10 14:09:06,DELIVERED,EAST
1028,123,2024-11-01 22:32:15,DELIVERED,WEST
1029,13,2026-03-25 04:32:51,CANCELLED,SOUTH
1030,,2024-06-02 00:00:00,RETURNED,CENTRAL
1031,548,2026-04-15 07:59:36,CANCELLED,NORTH
1032,251,2025-02-01 19:03:31,DELIVERED,SOUTH
1033,251,2024-12-20 17:07:46,DELIVERED,WEST
1034,273,2026-05-07 11:08:38,SHIPPED,SOUTH
1035,136,2026-03-22 18:21:47,DELIVERED,SOUTH
1036,596,2026-01-11 10:22:26,DELIVERED,CENTRAL
1037,75,2024-11-01 03:17:08,DELIVERED,WEST
1038,556,2026-07-04 13:31:30,SHIPPED,WEST
1039,,2025-10-29 14:27:06,CANCELLED,NORTH
1040,200,2026-07-03 21:10:58,CANCELLED,CENTRAL
1041,258,2025-09-24 12:21:20,DELIVERED,WEST
1042,495,2026-03-09 18:46:27,SHIPPED,EAST
1043,350,2025-03-03 15:29:36,DELIVERED,CENTRAL
1044,187,2026-01-27 10:18:59,PLACED,CENTRAL
1045,68,2025-11-02 02:41:00,DELIVERED,NORTH
1046,552,2024-10-10 17:53:49,SHIPPED,NORTH
1047,514,2025-04-19 09:32:02,DELIVERED,CENTRAL
1048,216,2026-06-06 00:44:13,DELIVERED,EAST
1049,176,2024-09-02 08:32:52,DELIVERED,SOUTH
1050,486,2026-07-13 15:46:10,DELIVERED,EAST
1051,311,2025-07-30 00:05:43,PLACED,EAST
1052,323,2025-11-29 14:19:29,DELIVERED,CENTRAL
1053,414,2024-03-26 22:00:36,RETURNED,EAST
1054,468,2025-03-01 23:11:23,PLACED,SOUTH
1055,302,2025-08-03 04:09:51,PLACED,WEST
1056,574,2024-11-05 20:06:53,DELIVERED,CENTRAL
1057,110,2024-04-25 14:50:11,SHIPPED,EAST
1058,482,2024-03-12 11:00:08,DELIVERED,WEST
1059,499,2025-01-23 02:56:19,SHIPPED,CENTRAL
1060,58,2025-06-16 08:28:52,SHIPPED,EAST
1061,484,2024-07-27 14:29:51,CANCELLED,NORTH
1062,424,2024-08-23 18:29:31,CANCELLED,CENTRAL
1063,91,2025-11-11 19:33:42,SHIPPED,CENTRAL
1064,571,2026-04-04 22:08:21,CANCELLED,NORTH
1065,322,2025-07-15 03:36:57,RETURNED,WEST
1066,329,2025-12-28 12:28:25,SHIPPED,EAST
1067,266,2025-01-31 16:25:40,DELIVERED,NORTH
1068,438,2025-09-07 15:25:56,CANCELLED,NORTH
1069,525,2025-08-03 04:08:00,PLACED,WEST
1070,335,2026-04-17 00:16:12,DELIVERED,CENTRAL
1071,78,2026-05-28 04:09:55,PLACED,CENTRAL
1072,526,2024-05-16 06:49:15,DELIVERED,WEST
1073,75,2025-10-31 10:51:30,CANCELLED,WEST
1074,156,2025-05-28 07:18:09,PLACED,CENTRAL
1075,443,2024-02-03 00:00:00,DELIVERED,EAST
1076,20,2024-01-14 06:18:58,SHIPPED,WEST
1077,599,2025-05-22 09:14:57,DELIVERED,SOUTH
1078,364,2026-06-15 02:45:12,SHIPPED,SOUTH
1079,27,2026-04-08 15:24:55,DELIVERED,NORTH
1080,71,2025-05-23 16:37:57,CANCELLED,SOUTH
1081,168,2025-10-21 02:26:25,RETURNED,SOUTH
1082,364,2024-02-12 09:41:06,PLACED,WEST
1083,27,2025-11-20 15:44:50,CANCELLED,SOUTH
1084,409,2024-11-04 13:45:05,SHIPPED,WEST
1085,180,2026-02-26 03:16:09,RETURNED,CENTRAL
1086,124,2026-01-29 19:17:01,DELIVERED,EAST
1087,196,2024-11-22 17:34:33,RETURNED,CENTRAL
1088,115,2025-12-10 20:28:14,PLACED,WEST
1089,103,2025-07-04 23:28:11,DELIVERED,EAST
1090,308,2024-12-22 07:07:01,RETURNED,NORTH
1091,483,2024-01-25 14:55:54,RETURNED,EAST
1092,47,2024-08-06 15:00:41,CANCELLED,SOUTH
1093,160,2024-08-05 00:00:00,DELIVERED,NORTH
1094,301,2025-07-31 10:07:51,DELIVERED,SOUTH
1095,532,2024-08-23 03:52:26,DELIVERED,SOUTH
1096,167,2024-02-16 13:44:24,DELIVERED,EAST
1097,272,2025-05-13 18:27:33,PLACED,NORTH
1098,36,2024-08-12 05:24:55,RETURNED,NORTH
1099,538,2024-09-20 16:22:28,SHIPPED,NORTH
1100,430,2024-04-13 00:48:08,PLACED,WEST
1101,550,2025-11-15 03:53:32,PLACED,CENTRAL
1102,,2026-01-09 19:38:36,DELIVERED,EAST
1103,375,2024-05-29 17:59:19,DELIVERED,CENTRAL
1104,133,2024-08-09 12:20:48,SHIPPED,NORTH
1105,290,2024-06-12 11:11:31,SHIPPED,EAST
1106,337,2025-12-18 22:10:10,DELIVERED,CENTRAL
1107,274,2024-07-23 14:23:47,DELIVERED,EAST
1108,36,2025-08-21 02:57:33,DELIVERED,SOUTH
1109,,2024-02-22 23:51:48,CANCELLED,SOUTH
1110,586,2026-01-16 20:38:32,DELIVERED,EAST
1111,592,2025-09-22 03:59:01,DELIVERED,SOUTH
1112,451,2024-07-02 00:36:55,DELIVERED,CENTRAL
1113,191,2025-01-31 13:41:35,DELIVERED,WEST
1114,99,2025-06-15 00:00:00,DELIVERED,EAST
1115,27,2026-04-24 00:23:33,PLACED,SOUTH
1116,124,2026-05-05 02:48:50,DELIVERED,SOUTH
1117,447,2026-05-09 12:27:52,RETURNED,NORTH
1118,187,2025-09-09 14:02:24,CANCELLED,CENTRAL
1119,228,2024-01-26 23:20:18,SHIPPED,EAST
1120,577,2026-04-04 04:46:04,DELIVERED,CENTRAL
1121,544,2024-09-16 01:01:11,DELIVERED,NORTH
1122,232,2024-08-24 04:52:30,DELIVERED,CENTRAL
1123,51,2025-09-14 17:37:22,SHIPPED,CENTRAL
1124,480,2025-05-15 00:00:00,PLACED,EAST
1125,570,2025-04-29 01:29:22,SHIPPED,CENTRAL
1126,421,2024-08-05 22:53:06,PLACED,SOUTH
1127,249,2025-08-30 18:25:11,DELIVERED,WEST
1128,359,2024-04-19 13:36:36,SHIPPED,EAST
1129,600,2024-08-23 21:14:12,SHIPPED,SOUTH
1130,12,2024-07-01 04:57:47,DELIVERED,CENTRAL
1131,483,2024-12-26 16:20:29,DELIVERED,EAST
1132,466,2024-08-26 17:28:45,PLACED,EAST
1133,42,2025-08-15 15:24:52,CANCELLED,EAST
1134,600,2024-09-18 16:29:42,CANCELLED,WEST
1135,106,2024-05-17 14:14:20,RETURNED,CENTRAL
1136,248,2026-02-07 05:28:54,CANCELLED,WEST
1137,287,2025-03-04 13:00:58,RETURNED,CENTRAL
1138,258,2025-07-08 01:17:48,PLACED,NORTH
1139,600,2026-02-07 22:02:45,SHIPPED,WEST
1140,500,2026-05-20 23:19:15,DELIVERED,CENTRAL
1141,392,2024-03-06 09:38:51,DELIVERED,CENTRAL
1142,101,2026-06-13 04:52:30,PLACED,SOUTH
1143,432,2025-09-03 15:52:52,DELIVERED,NORTH
1144,472,2026-06-09 15:50:52,CANCELLED,NORTH
1145,443,2024-02-09 00:00:00,SHIPPED,SOUTH
1146,102,2025-03-30 00:52:13,RETURNED,NORTH
1147,260,2025-07-11 01:09:51,CANCELLED,EAST
1148,284,2025-11-23 20:20:44,DELIVERED,EAST
1149,270,2024-09-06 11:18:28,SHIPPED,CENTRAL
1150,357,2024-09-24 06:47:15,CANCELLED,NORTH
1151,234,2025-05-06 17:14:53,CANCELLED,NORTH
1152,416,2025-05-01 02:39:54,DELIVERED,SOUTH
1153,498,2025-06-28 15:05:17,DELIVERED,WEST
1154,173,2025-05-16 09:21:24,PLACED,SOUTH
1155,574,2025-04-05 03:16:26,DELIVERED,CENTRAL
1156,78,2024-11-04 13:04:33,PLACED,CENTRAL
1157,270,2024-08-14 10:31:46,DELIVERED,CENTRAL
1158,395,2024-06-09 23:27:29,CANCELLED,EAST
1159,332,2024-12-15 06:04:41,DELIVERED,NORTH
1160,281,2024-02-10 22:44:30,DELIVERED,SOUTH
1161,222,2024-08-13 20:02:10,PLACED,SOUTH
1162,495,2025-11-12 21:14:17,DELIVERED,CENTRAL
1163,191,2026-03-16 13:44:33,DELIVERED,CENTRAL
1164,268,2025-07-19 09:44:41,CANCELLED,EAST
1165,241,2025-05-12 08:13:59,DELIVERED,NORTH
1166,253,2026-04-16 04:21:44,DELIVERED,NORTH
1167,520,2026-01-09 00:47:14,DELIVERED,NORTH
1168,357,2026-05-10 17:19:55,CANCELLED,SOUTH
1169,55,2025-12-15 22:56:55,DELIVERED,WEST
1170,176,2024-02-04 08:30:49,DELIVERED,CENTRAL
1171,489,2024-08-17 00:00:00,PLACED,EAST
1172,584,2025-01-26 11:41:27,RETURNED,NORTH
1173,137,2025-09-07 13:07:20,SHIPPED,WEST
1174,312,2025-05-28 11:10:21,SHIPPED,CENTRAL
1175,553,2026-06-30 16:11:28,DELIVERED,NORTH
1176,367,2026-07-01 13:38:12,PLACED,NORTH
1177,166,2024-10-29 07:55:15,SHIPPED,CENTRAL
1178,186,2024-02-15 19:22:32,DELIVERED,WEST
1179,97,2025-09-18 21:37:53,DELIVERED,WEST
1180,486,2024-08-03 04:00:30,CANCELLED,SOUTH
1181,441,2025-01-26 11:46:04,DELIVERED,SOUTH
1182,360,2024-05-06 17:05:25,DELIVERED,NORTH
1183,,2026-07-30 00:00:00,PLACED,CENTRAL
1184,173,2024-01-03 00:00:00,RETURNED,CENTRAL
1185,314,2024-02-12 22:59:57,CANCELLED,CENTRAL
1186,177,2024-10-19 19:07:18,DELIVERED,WEST
1187,354,2024-05-30 15:08:46,CANCELLED,SOUTH
1188,452,2024-10-02 00:00:00,DELIVERED,WEST
1189,,2026-04-15 02:48:07,CANCELLED,NORTH
1190,299,2024-06-16 10:08:25,DELIVERED,SOUTH
1191,103,2026-02-12 01:46:33,SHIPPED,SOUTH
1192,466,2026-05-01 06:11:28,CANCELLED,WEST
1193,68,2025-06-09 14:22:35,SHIPPED,SOUTH
1194,193,2025-09-20 00:49:33,PLACED,NORTH
1195,102,2026-03-18 13:10:54,PLACED,EAST
1196,545,2026-03-21 09:22:20,DELIVERED,CENTRAL
1197,139,2025-11-26 19:05:33,DELIVERED,EAST
1198,446,2025-08-08 18:04:29,PLACED,NORTH
1199,496,2025-08-26 23:50:14,DELIVERED,EAST
1200,541,2024-03-05 16:10:25,SHIPPED,NORTH
1201,585,2026-04-23 04:34:02,SHIPPED,EAST
1202,49,2025-04-15 14:38:33,DELIVERED,EAST
1203,445,2026-02-28 17:35:14,DELIVERED,SOUTH
1204,46,2024-11-29 04:53:05,PLACED,SOUTH
1205,75,2024-11-12 07:03:54,DELIVERED,CENTRAL
1206,,2025-08-15 14:55:50,SHIPPED,NORTH
1207,,2025-01-08 10:17:28,DELIVERED,EAST
1208,234,2025-07-31 00:00:00,RETURNED,WEST
1209,253,2025-02-05 01:50:43,CANCELLED,WEST
1210,318,2024-11-14 06:20:28,RETURNED,EAST
1211,,2025-10-04 13:36:41,DELIVERED,SOUTH
1212,11,2025-09-06 08:08:00,PLACED,WEST
1213,73,2024-06-26 00:00:00,PLACED,WEST
1214,172,2025-02-02 10:58:54,RETURNED,WEST
1215,584,2025-02-10 05:23:47,PLACED,NORTH
1216,207,2024-05-14 09:04:04,DELIVERED,WEST
1217,37,2025-12-29 11:59:01,DELIVERED,NORTH
1218,189,2024-05-09 21:07:59,DELIVERED,NORTH
1219,449,2024-08-09 18:25:49,DELIVERED,NORTH
1220,194,2024-11-22 21:26:58,DELIVERED,NORTH
1221,350,2025-01-24 14:34:56,RETURNED,EAST
1222,58,2025-08-30 21:09:49,DELIVERED,EAST
1223,200,2025-06-05 00:00:00,DELIVERED,WEST
1224,252,2026-07-23 15:30:45,DELIVERED,CENTRAL
1225,326,2024-03-29 02:25:07,PLACED,NORTH
1226,174,2025-05-14 16:12:52,DELIVERED,SOUTH
1227,7,2025-08-15 04:39:55,PLACED,NORTH
1228,123,2024-12-14 18:38:25,DELIVERED,NORTH
1229,488,2026-06-06 18:45:40,DELIVERED,EAST
1230,244,2026-02-01 01:29:22,DELIVERED,EAST
1231,491,2024-08-25 21:23:43,DELIVERED,EAST
1232,179,2025-08-26 10:31:54,RETURNED,SOUTH
1233,,2025-04-10 19:30:14,PLACED,WEST
1234,233,2025-09-16 20:15:24,PLACED,EAST
1235,428,2025-12-16 11:43:27,DELIVERED,WEST
1236,346,2025-05-21 10:34:13,DELIVERED,SOUTH
1237,223,2024-10-23 15:41:38,DELIVERED,CENTRAL
1238,419,2025-08-05 06:10:37,DELIVERED,SOUTH
1239,556,2025-12-03 15:42:17,DELIVERED,CENTRAL
1240,346,2026-05-07 00:36:30,CANCELLED,WEST
1241,454,2024-02-07 00:38:52,DELIVERED,WEST
1242,577,2024-08-30 02:43:15,DELIVERED,CENTRAL
1243,422,2025-05-06 15:37:41,DELIVERED,SOUTH
1244,544,2024-02-24 20:08:24,DELIVERED,NORTH
1245,,2024-03-22 22:45:48,DELIVERED,NORTH
1246,208,2024-08-21 22:53:03,RETURNED,EAST
1247,324,2026-06-25 08:32:14,RETURNED,WEST
1248,297,2025-04-16 01:37:28,PLACED,CENTRAL
1249,168,2025-10-06 23:15:04,PLACED,CENTRAL
1250,481,2025-03-12 21:11:10,DELIVERED,SOUTH
1251,151,2025-11-22 03:13:09,PLACED,NORTH
1252,389,2026-01-10 19:22:36,SHIPPED,NORTH
1253,372,2025-11-15 23:18:17,DELIVERED,SOUTH
1254,,2026-02-02 22:24:13,RETURNED,CENTRAL
1255,88,2025-07-28 17:24:46,PLACED,SOUTH
1256,154,2024-06-21 09:19:44,RETURNED,SOUTH
1257,86,2025-07-05 00:00:00,DELIVERED,WEST
1258,428,2024-09-19 15:01:10,DELIVERED,EAST
1259,533,2024-02-06 00:00:00,DELIVERED,SOUTH
1260,314,2025-02-12 17:34:41,DELIVERED,WEST
1261,470,2024-05-04 15:43:12,DELIVERED,NORTH
1262,11,2026-06-10 03:19:09,PLACED,WEST
1263,398,2024-02-25 21:32:57,DELIVERED,EAST
1264,525,2025-10-21 11:02:14,DELIVERED,EAST
1265,268,2026-05-08 02:19:04,SHIPPED,EAST
1266,87,2025-05-09 00:00:00,CANCELLED,NORTH
1267,110,2025-01-12 00:00:00,PLACED,EAST
1268,243,2024-05-15 18:01:34,CANCELLED,NORTH
1269,350,2024-04-19 08:03:36,SHIPPED,WEST
1270,109,2024-07-08 11:41:03,PLACED,SOUTH
1271,84,2024-10-15 00:00:00,PLACED,NORTH
1272,239,2024-11-22 13:32:02,PLACED,NORTH
1273,198,2026-01-09 12:12:38,CANCELLED,WEST
1274,295,2026-07-08 08:21:08,CANCELLED,NORTH
1275,82,2024-09-30 04:11:49,RETURNED,EAST
1276,194,2024-07-11 15:26:21,DELIVERED,NORTH
1277,234,2024-09-09 07:35:23,DELIVERED,CENTRAL
1278,293,2024-12-05 01:15:23,DELIVERED,EAST
1279,258,2025-03-13 00:00:00,DELIVERED,NORTH
1280,62,2025-10-30 00:00:00,PLACED,WEST
1281,91,2025-05-09 14:44:22,DELIVERED,EAST
1282,68,2026-06-03 05:21:22,SHIPPED,EAST
1283,492,2025-07-29 11:07:50,DELIVERED,WEST
1284,195,2024-12-20 08:37:04,DELIVERED,NORTH
1285,473,2025-05-18 21:18:25,RETURNED,WEST
1286,464,2024-08-25 04:30:13,PLACED,WEST
1287,,2024-08-04 14:24:09,DELIVERED,WEST
1288,410,2025-07-22 02:39:32,PLACED,SOUTH
1289,223,2024-05-27 08:07:22,PLACED,WEST
1290,23,2026-02-11 13:31:27,DELIVERED,EAST
1291,285,2024-12-19 18:44:10,SHIPPED,CENTRAL
1292,164,2026-01-27 01:25:54,RETURNED,NORTH
1293,332,2026-01-10 12:40:24,DELIVERED,SOUTH
1294,222,2025-10-08 18:28:55,DELIVERED,EAST
1295,319,2025-10-28 10:11:00,DELIVERED,CENTRAL
1296,383,2024-07-18 00:00:00,DELIVERED,WEST
1297,428,2025-01-17 07:38:25,SHIPPED,EAST
1298,321,2026-01-09 17:33:48,DELIVERED,CENTRAL
1299,200,2024-07-16 11:51:21,RETURNED,CENTRAL
1300,243,2025-01-21 23:05:10,DELIVERED,WEST
1301,98,2025-08-19 17:54:06,DELIVERED,CENTRAL
1302,474,2026-07-25 00:00:00,RETURNED,EAST
1303,198,2025-03-05 01:52:07,DELIVERED,EAST
1304,253,2024-12-12 22:28:10,DELIVERED,EAST
1305,576,2024-08-14 23:45:20,DELIVERED,EAST
1306,550,2024-11-06 18:42:55,CANCELLED,SOUTH
1307,124,2025-04-04 05:29:47,DELIVERED,SOUTH
1308,255,2025-08-07 02:37:41,DELIVERED,NORTH
1309,304,2024-02-09 00:00:00,PLACED,WEST
1310,152,2025-11-24 21:37:38,DELIVERED,CENTRAL
1311,322,2024-06-16 09:01:11,RETURNED,WEST
1312,465,2025-03-18 08:43:33,SHIPPED,SOUTH
1313,,2024-03-22 10:29:20,CANCELLED,CENTRAL
1314,385,2026-05-04 14:13:32,PLACED,WEST
1315,335,2024-02-23 15:31:13,DELIVERED,EAST
1316,524,2024-03-27 18:34:52,DELIVERED,SOUTH
1317,144,2024-08-23 10:56:11,PLACED,SOUTH
1318,369,2025-07-08 16:56:45,DELIVERED,WEST
1319,411,2026-04-26 19:13:31,PLACED,WEST
1320,159,2026-05-01 10:33:23,CANCELLED,SOUTH
1321,268,2024-12-19 00:00:00,SHIPPED,CENTRAL
1322,231,2026-01-13 14:58:38,PLACED,SOUTH
1323,141,2026-02-16 15:07:10,DELIVERED,WEST
1324,20,2026-03-03 00:00:00,DELIVERED,WEST
1325,425,2026-05-04 10:38:42,PLACED,SOUTH
1326,597,2026-02-02 11:08:42,PLACED,NORTH
1327,169,2025-09-08 00:00:00,SHIPPED,CENTRAL
1328,289,2025-02-16 16:01:39,DELIVERED,CENTRAL
1329,263,2025-06-03 14:31:56,SHIPPED,EAST
1330,463,2024-02-14 18:23:36,DELIVERED,CENTRAL
1331,116,2024-03-05 17:12:02,DELIVERED,NORTH
1332,205,2026-06-04 18:51:24,DELIVERED,EAST
1333,311,2025-07-14 16:45:21,DELIVERED,SOUTH
1334,259,2024-12-02 00:00:00,DELIVERED,EAST
1335,342,2024-11-16 13:23:10,DELIVERED,WEST
1336,401,2026-07-23 21:12:50,DELIVERED,WEST
1337,255,2024-04-30 15:54:04,DELIVERED,NORTH
1338,12,2025-03-02 00:05:04,RETURNED,EAST
1339,164,2024-05-31 01:05:48,PLACED,SOUTH
1340,382,2024-04-28 05:11:42,SHIPPED,NORTH
1341,,2024-07-05 12:46:37,DELIVERED,EAST
1342,210,2024-07-05 22:02:30,RETURNED,NORTH
1343,179,2024-01-23 06:47:04,PLACED,SOUTH
1344,571,2025-02-28 07:11:39,SHIPPED,CENTRAL
1345,157,2024-11-30 00:00:00,PLACED,WEST
1346,477,2025-10-02 16:17:26,SHIPPED,NORTH
1347,,2024-04-07 21:11:31,RETURNED,EAST
1348,208,2025-02-19 05:05:10,PLACED,EAST
1349,459,2024-01-04 00:38:54,RETURNED,NORTH
1350,446,2026-05-18 06:57:26,RETURNED,WEST
1351,49,2025-03-21 02:07:55,DELIVERED,CENTRAL
1352,558,2024-09-11 14:26:16,DELIVERED,EAST
1353,329,2025-06-22 17:11:03,DELIVERED,CENTRAL
1354,356,2025-03-30 07:18:32,PLACED,WEST
1355,443,2024-05-14 06:55:26,DELIVERED,SOUTH
1356,478,2025-12-01 05:52:36,DELIVERED,SOUTH
1357,149,2026-07-19 04:36:15,DELIVERED,SOUTH
1358,211,2025-09-07 17:00:20,PLACED,WEST
1359,558,2024-03-06 00:00:00,DELIVERED,CENTRAL
1360,169,2024-12-18 07:03:28,DELIVERED,EAST
1361,383,2026-05-01 23:43:27,RETURNED,CENTRAL
1362,591,2025-06-29 11:14:15,DELIVERED,NORTH
1363,160,2024-10-19 13:29:36,DELIVERED,CENTRAL
1364,74,2025-04-21 05:14:00,SHIPPED,WEST
1365,99,2024-10-23 17:14:28,PLACED,NORTH
1366,74,2024-04-14 02:45:20,SHIPPED,NORTH
1367,413,2024-01-17 10:01:13,DELIVERED,EAST
1368,312,2025-10-27 16:31:41,DELIVERED,WEST
1369,504,2024-02-18 00:00:00,DELIVERED,EAST
1370,393,2026-04-17 08:01:17,DELIVERED,WEST
1371,360,2026-01-31 00:00:00,RETURNED,WEST
1372,89,2026-01-07 16:30:12,SHIPPED,NORTH
1373,97,2025-12-07 07:55:48,DELIVERED,EAST
1374,36,2025-05-16 13:33:34,DELIVERED,WEST
1375,11,2024-07-18 10:30:29,DELIVERED,NORTH
1376,515,2024-10-08 12:51:58,DELIVERED,CENTRAL
1377,50,2025-01-28 08:08:26,DELIVERED,CENTRAL
1378,301,2024-09-09 19:37:03,PLACED,CENTRAL
1379,159,2024-04-29 08:04:53,SHIPPED,WEST
1380,181,2025-08-08 05:07:30,PLACED,SOUTH
1381,598,2026-02-05 09:27:36,SHIPPED,WEST
1382,119,2024-06-06 17:36:02,SHIPPED,SOUTH
1383,577,2024-02-06 18:47:14,DELIVERED,EAST
1384,538,2025-07-26 02:46:58,DELIVERED,NORTH
1385,,2025-11-08 00:00:00,DELIVERED,WEST
1386,367,2026-01-07 07:19:18,DELIVERED,SOUTH
1387,124,2024-02-07 10:51:32,SHIPPED,CENTRAL
1388,560,2025-08-02 00:00:00,DELIVERED,WEST
1389,190,2026-06-23 00:00:00,DELIVERED,CENTRAL
1390,308,2024-07-25 00:00:00,DELIVERED,WEST
1391,13,2024-06-24 03:43:15,DELIVERED,EAST
1392,,2024-07-31 22:02:02,DELIVERED,SOUTH
1393,194,2026-01-07 12:19:08,DELIVERED,SOUTH
1394,555,2024-04-20 04:02:05,PLACED,SOUTH
1395,70,2026-01-12 01:30:51,DELIVERED,NORTH
1396,424,2025-07-15 21:59:33,RETURNED,EAST
1397,44,2025-05-12 20:38:34,DELIVERED,NORTH
1398,383,2025-08-30 01:11:37,DELIVERED,SOUTH
1399,522,2025-09-23 12:36:18,DELIVERED,SOUTH
1400,510,2024-04-26 14:16:06,DELIVERED,NORTH
1401,150,2024-03-03 01:23:23,DELIVERED,WEST
1402,350,2025-04-16 11:11:02,CANCELLED,CENTRAL
1403,482,2026-03-05 11:51:49,DELIVERED,CENTRAL
1404,588,2024-08-01 05:41:50,DELIVERED,NORTH
1405,546,2026-03-14 03:04:00,DELIVERED,NORTH
1406,278,2025-03-24 20:43:24,DELIVERED,SOUTH
1407,246,2026-05-29 06:33:57,SHIPPED,EAST
1408,422,2025-03-08 16:03:28,SHIPPED,WEST
1409,143,2025-04-03 06:58:03,SHIPPED,EAST
1410,210,2025-12-19 18:20:58,DELIVERED,SOUTH
1411,299,2025-01-18 17:50:20,SHIPPED,EAST
1412,509,2025-08-05 12:57:43,SHIPPED,WEST
1413,471,2026-04-14 20:02:43,DELIVERED,EAST
1414,386,2026-05-05 00:00:00,RETURNED,NORTH
1415,261,2026-02-08 01:00:38,DELIVERED,CENTRAL
1416,582,2025-10-15 05:07:21,SHIPPED,NORTH
1417,502,2026-07-13 17:20:25,PLACED,WEST
1418,186,2024-07-09 00:00:00,DELIVERED,NORTH
1419,111,2026-05-02 01:12:55,DELIVERED,SOUTH
1420,434,2024-11-14 00:00:00,PLACED,CENTRAL
1421,284,2025-03-17 11:18:01,DELIVERED,SOUTH
1422,274,2026-05-08 11:00:36,DELIVERED,SOUTH
1423,325,2024-12-07 13:26:01,SHIPPED,WEST
1424,165,2024-05-21 15:21:10,DELIVERED,CENTRAL
1425,498,2024-07-12 12:03:20,PLACED,WEST
1426,170,2024-09-26 14:09:21,RETURNED,EAST
1427,316,2025-11-07 01:10:53,DELIVERED,CENTRAL
1428,238,2024-06-04 21:56:18,CANCELLED,WEST
1429,394,2025-08-13 13:29:25,PLACED,EAST
1430,448,2026-03-24 21:43:36,DELIVERED,NORTH
1431,453,2024-11-15 04:27:40,DELIVERED,NORTH
1432,387,2024-09-18 13:43:22,DELIVERED,SOUTH
1433,281,2025-01-21 10:39:21,DELIVERED,SOUTH
1434,25,2026-05-25 01:41:09,SHIPPED,NORTH
1435,399,2026-06-07 00:00:00,DELIVERED,WEST
1436,457,2025-10-20 21:00:14,PLACED,EAST
1437,267,2026-01-13 08:55:10,SHIPPED,SOUTH
1438,544,2024-10-31 00:40:50,CANCELLED,WEST
1439,93,2024-09-03 00:00:00,PLACED,CENTRAL
1440,262,2025-12-04 20:49:24,PLACED,SOUTH
1441,191,2024-12-21 21:02:40,DELIVERED,SOUTH
1442,95,2024-03-22 00:09:49,DELIVERED,SOUTH
1443,434,2024-09-17 20:44:35,SHIPPED,SOUTH
1444,104,2025-02-21 22:41:31,CANCELLED,SOUTH
1445,567,2025-07-27 02:43:45,DELIVERED,SOUTH
1446,9,2025-05-20 14:41:38,CANCELLED,EAST
1447,,2026-02-22 17:29:11,CANCELLED,WEST
1448,,2024-08-30 04:43:26,CANCELLED,SOUTH
1449,588,2025-03-09 20:12:11,DELIVERED,WEST
1450,255,2024-09-08 00:00:00,DELIVERED,NORTH
1451,1,2025-03-22 03:41:06,DELIVERED,WEST
1452,555,2025-09-19 10:25:33,CANCELLED,WEST
1453,363,2026-07-29 15:18:57,DELIVERED,WEST
1454,418,2024-09-16 06:18:58,DELIVERED,WEST
1455,,2024-04-24 01:11:12,DELIVERED,EAST
1456,423,2025-08-17 00:00:00,DELIVERED,EAST
1457,17,2024-11-30 21:02:53,DELIVERED,SOUTH
1458,144,2025-04-14 00:00:00,DELIVERED,SOUTH
1459,450,2025-01-27 21:32:21,DELIVERED,WEST
1460,210,2025-12-20 17:03:00,PLACED,NORTH
1461,104,2025-04-03 21:59:04,DELIVERED,EAST
1462,444,2024-05-01 08:39:15,DELIVERED,EAST
1463,42,2026-01-14 19:30:32,PLACED,EAST
1464,170,2024-01-18 04:12:15,RETURNED,SOUTH
1465,62,2024-02-08 08:16:04,DELIVERED,CENTRAL
1466,343,2025-12-16 00:53:28,DELIVERED,EAST
1467,530,2026-06-28 17:32:22,PLACED,WEST
1468,527,2024-02-26 03:59:25,DELIVERED,CENTRAL
1469,69,2024-08-26 04:33:24,RETURNED,WEST
1470,274,2024-08-11 14:54:00,PLACED,SOUTH
1471,404,2024-12-08 00:00:00,PLACED,EAST
1472,429,2026-06-03 08:51:05,SHIPPED,SOUTH
1473,216,2024-01-01 21:08:18,RETURNED,SOUTH
1474,495,2024-04-12 15:58:45,SHIPPED,SOUTH
1475,82,2025-12-14 23:21:50,CANCELLED,EAST
1476,481,2025-02-04 22:02:42,DELIVERED,CENTRAL
1477,339,2025-05-22 06:02:06,DELIVERED,CENTRAL
1478,252,2024-12-17 09:18:21,CANCELLED,WEST
1479,522,2025-04-11 00:00:00,DELIVERED,WEST
1480,264,2024-06-14 10:29:18,CANCELLED,CENTRAL
1481,255,2025-12-22 08:07:56,RETURNED,NORTH
1482,423,2025-09-13 03:30:53,DELIVERED,EAST
1483,493,2024-04-13 00:36:39,DELIVERED,NORTH
1484,158,2025-10-05 11:20:56,DELIVERED,NORTH
1485,316,2025-01-01 02:52:25,DELIVERED,WEST
1486,220,2025-09-21 15:20:20,DELIVERED,SOUTH
1487,169,2025-06-06 03:08:13,SHIPPED,EAST
1488,104,2024-05-07 12:43:06,PLACED,NORTH
1489,95,2024-08-23 22:46:58,RETURNED,NORTH
1490,,2025-03-28 17:02:16,RETURNED,EAST
1491,366,2026-06-07 13:36:12,PLACED,SOUTH
1492,40,2026-06-24 10:43:35,PLACED,NORTH
1493,197,2024-09-20 23:36:47,CANCELLED,WEST
1494,539,2024-04-21 08:32:50,CANCELLED,EAST
1495,267,2024-09-01 12:04:30,DELIVERED,CENTRAL
1496,291,2024-02-19 18:18:15,DELIVERED,EAST
1497,464,2025-07-11 07:14:27,RETURNED,EAST
1498,411,2025-10-11 07:02:09,CANCELLED,SOUTH
1499,335,2024-11-23 01:46:18,SHIPPED,SOUTH
1500,,2024-04-01 06:17:14,DELIVERED,NORTH
1501,130,2024-08-19 23:18:26,DELIVERED,EAST
1502,594,2025-01-06 16:02:15,DELIVERED,WEST
1503,566,2026-07-01 21:57:19,DELIVERED,SOUTH
1504,373,2024-08-31 00:00:00,DELIVERED,EAST
1505,,2025-01-26 18:01:29,DELIVERED,WEST
1506,332,2025-11-29 10:45:34,PLACED,EAST
1507,323,2026-05-30 00:00:00,CANCELLED,SOUTH
1508,257,2025-10-07 22:11:10,PLACED,EAST
1509,246,2026-03-07 13:59:18,DELIVERED,EAST
1510,428,2024-02-29 17:29:08,DELIVERED,EAST
1511,382,2025-06-07 18:58:29,PLACED,WEST
1512,207,2024-11-23 20:57:10,PLACED,CENTRAL
1513,542,2026-07-06 06:58:50,DELIVERED,CENTRAL
1514,41,2025-12-07 17:51:30,RETURNED,CENTRAL
1515,468,2024-03-10 03:35:22,SHIPPED,NORTH
1516,65,2026-01-07 03:17:49,CANCELLED,WEST
1517,586,2024-12-24 18:15:44,RETURNED,CENTRAL
1518,40,2024-12-22 11:22:14,DELIVERED,CENTRAL
1519,544,2024-12-22 01:58:21,PLACED,WEST
1520,,2024-03-15 04:45:42,RETURNED,EAST
1521,427,2024-01-26 09:19:34,DELIVERED,EAST
1522,509,2026-06-20 06:32:17,SHIPPED,CENTRAL
1523,241,2025-08-27 07:57:35,DELIVERED,EAST
1524,15,2025-10-29 04:56:19,PLACED,SOUTH
1525,,2024-07-20 18:10:59,RETURNED,EAST
1526,264,2025-10-07 13:46:59,SHIPPED,WEST
1527,100,2025-03-24 14:26:35,DELIVERED,CENTRAL
1528,79,2024-08-29 16:01:06,CANCELLED,NORTH
1529,277,2024-10-05 00:30:10,PLACED,WEST
1530,548,2025-12-23 19:32:16,DELIVERED,WEST
1531,86,2025-07-07 10:18:01,DELIVERED,EAST
1532,559,2025-01-23 18:57:44,DELIVERED,CENTRAL
1533,89,2024-04-08 12:57:10,SHIPPED,EAST
1534,548,2024-10-28 00:00:00,DELIVERED,EAST
1535,443,2024-06-09 21:20:47,CANCELLED,WEST
1536,496,2026-06-29 20:52:45,DELIVERED,NORTH
1537,507,2026-05-15 23:31:54,DELIVERED,WEST
1538,43,2024-02-26 12:19:31,DELIVERED,NORTH
1539,,2025-08-01 17:12:02,DELIVERED,WEST
1540,,2025-05-04 14:23:44,CANCELLED,NORTH
1541,534,2026-05-22 02:58:01,DELIVERED,CENTRAL
1542,565,2025-06-13 06:20:27,PLACED,NORTH
1543,252,2025-04-29 18:22:19,DELIVERED,WEST
1544,57,2025-04-11 08:27:28,DELIVERED,SOUTH
1545,157,2025-03-12 00:03:52,DELIVERED,WEST
1546,373,2024-04-26 16:21:56,DELIVERED,EAST
1547,,2025-03-18 23:21:25,DELIVERED,NORTH
1548,103,2025-07-17 04:10:43,PLACED,EAST
1549,127,2024-10-10 16:31:41,DELIVERED,CENTRAL
1550,284,2025-04-28 21:08:01,CANCELLED,CENTRAL
1551,82,2026-05-02 17:50:09,RETURNED,CENTRAL
1552,305,2024-06-05 00:30:53,CANCELLED,NORTH
1553,96,2025-06-01 17:04:39,SHIPPED,NORTH
1554,5,2024-06-14 22:51:44,CANCELLED,NORTH
1555,555,2024-06-15 01:10:58,SHIPPED,CENTRAL
1556,254,2024-05-07 09:30:45,DELIVERED,SOUTH
1557,107,2024-01-27 04:02:43,DELIVERED,SOUTH
1558,522,2025-01-05 15:09:02,RETURNED,NORTH
1559,591,2024-10-18 00:00:00,DELIVERED,SOUTH
1560,398,2024-10-25 23:52:06,CANCELLED,EAST
1561,422,2026-06-17 09:46:06,SHIPPED,SOUTH
1562,431,2025-01-31 00:00:00,DELIVERED,WEST
1563,196,2025-01-27 22:08:43,DELIVERED,CENTRAL
1564,123,2025-01-21 11:11:44,PLACED,NORTH
1565,48,2024-04-22 03:46:59,DELIVERED,SOUTH
1566,116,2026-06-11 13:41:54,PLACED,SOUTH
1567,15,2025-10-04 03:01:21,PLACED,SOUTH
1568,127,2025-07-26 20:15:03,DELIVERED,WEST
1569,282,2025-11-19 19:35:20,DELIVERED,SOUTH
1570,249,2026-01-31 01:17:34,DELIVERED,EAST
1571,444,2025-12-21 03:36:31,SHIPPED,NORTH
1572,209,2025-10-04 04:49:52,PLACED,EAST
1573,437,2024-01-22 00:00:00,DELIVERED,CENTRAL
1574,311,2024-12-14 11:05:48,DELIVERED,EAST
1575,277,2024-09-06 06:19:07,DELIVERED,WEST
1576,,2024-12-30 03:50:49,DELIVERED,WEST
1577,522,2024-08-12 18:30:54,PLACED,EAST
1578,279,2026-03-13 00:00:00,DELIVERED,WEST
1579,110,2025-01-09 17:32:54,CANCELLED,EAST
1580,570,2026-06-11 07:41:37,DELIVERED,CENTRAL
1581,542,2024-01-06 05:40:26,PLACED,NORTH
1582,568,2025-10-14 00:31:31,DELIVERED,NORTH
1583,314,2025-10-21 23:30:24,SHIPPED,EAST
1584,579,2026-05-26 04:15:52,DELIVERED,WEST
1585,251,2025-05-19 10:15:17,PLACED,EAST
1586,546,2025-06-01 23:08:27,DELIVERED,WEST
1587,,2024-04-28 11:29:14,PLACED,SOUTH
1588,210,2025-12-26 14:06:42,DELIVERED,NORTH
1589,562,2025-11-16 12:09:16,DELIVERED,SOUTH
1590,100,2024-02-26 21:08:18,SHIPPED,CENTRAL
1591,461,2024-11-20 19:13:58,PLACED,SOUTH
1592,257,2026-07-18 00:00:00,DELIVERED,SOUTH
1593,555,2024-09-16 11:37:04,DELIVERED,NORTH
1594,222,2025-10-01 17:21:07,CANCELLED,NORTH
1595,590,2025-03-07 08:17:11,PLACED,EAST
1596,570,2024-09-12 05:20:15,PLACED,NORTH
1597,282,2024-10-26 02:35:02,SHIPPED,SOUTH
1598,,2024-10-05 16:12:08,SHIPPED,SOUTH
1599,63,2025-11-29 00:00:00,SHIPPED,SOUTH
1600,210,2025-07-23 13:25:11,DELIVERED,EAST
1601,65,2024-09-04 02:31:02,DELIVERED,NORTH
1602,,2024-09-29 00:02:32,DELIVERED,WEST
1603,217,2024-04-23 17:34:46,SHIPPED,NORTH
1604,171,2025-02-17 10:25:19,DELIVERED,CENTRAL
1605,600,2025-05-27 17:07:45,CANCELLED,SOUTH
1606,581,2024-11-30 21:41:15,RETURNED,WEST
1607,456,2025-03-09 16:24:46,DELIVERED,CENTRAL
1608,21,2024-10-31 21:27:46,DELIVERED,WEST
1609,94,2026-06-22 04:15:25,PLACED,SOUTH
1610,547,2024-06-24 19:05:34,DELIVERED,WEST
1611,139,2024-03-23 01:42:30,DELIVERED,CENTRAL
1612,247,2024-03-19 20:24:06,DELIVERED,CENTRAL
1613,552,2026-05-07 22:23:25,PLACED,CENTRAL
1614,341,2026-05-02 00:00:00,PLACED,SOUTH
1615,211,2024-08-05 00:51:24,CANCELLED,SOUTH
1616,152,2025-11-18 03:54:56,PLACED,CENTRAL
1617,472,2024-09-12 00:00:00,DELIVERED,EAST
1618,28,2024-02-07 14:30:36,CANCELLED,NORTH
1619,600,2024-05-05 22:15:18,PLACED,SOUTH
1620,450,2026-04-17 08:32:41,DELIVERED,NORTH
1621,27,2024-08-20 16:01:33,RETURNED,EAST
1622,517,2025-03-26 06:49:51,DELIVERED,EAST
1623,152,2026-07-21 14:36:23,DELIVERED,CENTRAL
1624,79,2024-08-21 21:55:36,SHIPPED,EAST
1625,322,2025-08-12 10:44:40,DELIVERED,CENTRAL
1626,,2026-07-19 20:13:46,PLACED,EAST
1627,350,2024-05-17 18:32:56,DELIVERED,CENTRAL
1628,387,2026-05-24 14:13:03,PLACED,WEST
1629,234,2025-05-14 15:37:26,DELIVERED,NORTH
1630,591,2025-08-06 01:08:59,DELIVERED,CENTRAL
1631,55,2025-09-23 20:03:52,SHIPPED,WEST
1632,472,2025-07-05 14:13:57,DELIVERED,NORTH
1633,539,2024-10-14 00:35:30,PLACED,NORTH
1634,,2024-07-09 03:47:33,CANCELLED,EAST
1635,570,2026-04-02 05:20:51,DELIVERED,EAST
1636,182,2026-04-30 11:26:48,RETURNED,WEST
1637,199,2025-08-10 08:08:21,DELIVERED,SOUTH
1638,275,2025-01-11 06:53:03,SHIPPED,NORTH
1639,303,2024-09-22 10:32:15,DELIVERED,EAST
1640,249,2025-10-14 03:16:03,DELIVERED,SOUTH
1641,542,2025-10-31 08:42:28,SHIPPED,EAST
1642,474,2024-03-04 08:20:45,CANCELLED,EAST
1643,161,2025-07-04 23:16:57,RETURNED,EAST
1644,44,2024-10-16 20:32:43,DELIVERED,SOUTH
1645,557,2024-10-17 10:11:57,SHIPPED,NORTH
1646,316,2025-09-30 18:20:05,DELIVERED,EAST
1647,544,2026-02-23 19:49:48,RETURNED,NORTH
1648,378,2025-01-10 01:39:43,DELIVERED,CENTRAL
1649,283,2025-05-30 01:07:32,DELIVERED,SOUTH
1650,64,2025-06-12 01:28:19,PLACED,NORTH
1651,210,2024-12-01 18:02:23,SHIPPED,EAST
1652,323,2024-07-08 19:12:58,DELIVERED,SOUTH
1653,93,2024-05-26 22:00:26,DELIVERED,WEST
1654,127,2026-04-25 15:52:47,PLACED,SOUTH
1655,203,2026-02-04 04:45:10,SHIPPED,WEST
1656,41,2025-09-23 16:53:46,CANCELLED,NORTH
1657,518,2026-02-10 13:03:55,DELIVERED,EAST
1658,513,2025-09-24 13:25:22,DELIVERED,CENTRAL
1659,,2024-10-14 02:55:03,SHIPPED,NORTH
1660,,2024-06-14 19:46:17,DELIVERED,WEST
1661,537,2024-01-21 09:09:23,SHIPPED,WEST
1662,510,2025-02-13 22:25:33,DELIVERED,CENTRAL
1663,426,2024-01-05 18:36:39,CANCELLED,SOUTH
1664,355,2024-07-27 01:08:03,CANCELLED,NORTH
1665,127,2026-03-28 01:15:46,DELIVERED,CENTRAL
1666,232,2024-12-25 09:20:05,DELIVERED,WEST
1667,,2024-08-04 09:14:37,DELIVERED,WEST
1668,162,2024-11-30 21:36:49,DELIVERED,CENTRAL
1669,282,2025-06-04 16:50:10,DELIVERED,NORTH
1670,302,2024-07-21 00:42:24,DELIVERED,WEST
1671,,2025-07-23 20:38:09,DELIVERED,EAST
1672,439,2025-11-07 07:48:59,RETURNED,NORTH
1673,132,2025-10-24 13:40:06,DELIVERED,NORTH
1674,57,2026-03-19 04:34:13,CANCELLED,EAST
1675,91,2024-02-12 00:00:00,DELIVERED,WEST
1676,218,2024-06-04 06:14:50,RETURNED,SOUTH
1677,54,2025-10-29 15:51:39,DELIVERED,SOUTH
1678,497,2025-10-21 09:31:16,DELIVERED,SOUTH
1679,271,2025-03-27 02:55:38,DELIVERED,NORTH
1680,568,2024-01-08 16:53:07,DELIVERED,WEST
1681,244,2026-01-10 19:37:53,CANCELLED,CENTRAL
1682,418,2024-03-12 15:29:59,SHIPPED,EAST
1683,105,2025-07-29 15:35:00,DELIVERED,NORTH
1684,,2025-07-26 01:05:14,RETURNED,CENTRAL
1685,293,2026-06-10 19:31:59,SHIPPED,NORTH
1686,262,2026-06-24 12:03:13,CANCELLED,WEST
1687,431,2026-06-08 16:22:20,CANCELLED,EAST
1688,468,2024-05-19 06:34:07,CANCELLED,EAST
1689,594,2025-08-19 16:14:33,DELIVERED,CENTRAL
1690,106,2025-04-02 08:18:26,PLACED,CENTRAL
1691,200,2024-09-29 01:04:59,CANCELLED,NORTH
1692,229,2025-04-02 09:12:27,DELIVERED,WEST
1693,57,2025-09-25 12:35:53,DELIVERED,NORTH
1694,408,2024-07-01 20:47:43,DELIVERED,WEST
1695,,2025-11-17 14:33:25,SHIPPED,SOUTH
1696,234,2026-03-18 18:46:23,DELIVERED,EAST
1697,371,2025-01-13 23:33:17,CANCELLED,CENTRAL
1698,18,2025-03-18 06:26:18,CANCELLED,EAST
1699,121,2024-08-09 07:09:17,RETURNED,CENTRAL
1700,563,2024-08-16 17:35:36,DELIVERED,EAST
1701,273,2024-05-25 05:50:07,DELIVERED,WEST
1702,75,2024-12-02 12:37:49,PLACED,WEST
1703,150,2024-10-22 14:23:56,CANCELLED,EAST
1704,124,2025-01-26 08:39:04,CANCELLED,EAST
1705,319,2026-03-01 18:03:38,SHIPPED,NORTH
1706,169,2026-01-13 00:00:00,DELIVERED,NORTH
1707,445,2026-07-21 00:00:00,DELIVERED,WEST
1708,397,2026-02-21 18:43:43,SHIPPED,NORTH
1709,343,2024-02-09 14:09:43,PLACED,NORTH
1710,286,2024-05-04 00:00:00,SHIPPED,CENTRAL
1711,56,2025-12-04 22:10:05,DELIVERED,SOUTH
1712,597,2025-11-19 00:00:00,DELIVERED,SOUTH
1713,287,2025-02-23 14:51:35,PLACED,WEST
1714,401,2024-09-09 03:26:26,PLACED,WEST
1715,422,2024-07-20 00:00:00,DELIVERED,EAST
1716,504,2026-01-06 13:11:46,RETURNED,NORTH
1717,69,2025-02-13 09:42:08,PLACED,CENTRAL
1718,200,2024-11-04 06:21:05,SHIPPED,SOUTH
1719,322,2025-07-09 22:41:37,DELIVERED,SOUTH
1720,411,2024-06-17 21:07:30,DELIVERED,NORTH
1721,169,2024-06-06 00:00:00,PLACED,SOUTH
1722,433,2025-01-04 16:16:32,CANCELLED,EAST
1723,588,2025-06-19 21:14:08,DELIVERED,SOUTH
1724,559,2025-04-05 00:00:00,DELIVERED,CENTRAL
1725,593,2025-05-16 19:09:28,PLACED,WEST
1726,,2024-05-26 19:49:15,DELIVERED,EAST
1727,210,2025-01-23 13:22:14,CANCELLED,WEST
1728,146,2025-12-20 13:32:13,DELIVERED,WEST
1729,192,2024-04-26 18:51:36,PLACED,SOUTH
1730,550,2024-10-10 08:04:01,PLACED,SOUTH
1731,430,2024-09-23 14:26:35,DELIVERED,EAST
1732,449,2024-12-29 07:06:03,DELIVERED,SOUTH
1733,118,2026-03-11 11:47:17,SHIPPED,EAST
1734,587,2025-11-29 11:54:57,RETURNED,NORTH
1735,558,2025-10-27 22:41:30,DELIVERED,NORTH
1736,413,2026-02-10 05:32:04,SHIPPED,WEST
1737,16,2025-07-21 03:24:14,DELIVERED,WEST
1738,176,2024-10-07 07:37:31,SHIPPED,EAST
1739,403,2025-07-22 14:58:44,PLACED,EAST
1740,108,2025-02-15 12:30:31,DELIVERED,SOUTH
1741,179,2024-04-23 00:26:19,RETURNED,SOUTH
1742,468,2026-07-12 00:18:23,RETURNED,CENTRAL
1743,275,2024-12-31 09:36:24,DELIVERED,CENTRAL
1744,17,2024-09-02 23:13:47,PLACED,NORTH
1745,236,2026-04-22 09:45:01,DELIVERED,CENTRAL
1746,299,2024-07-20 22:18:37,SHIPPED,CENTRAL
1747,525,2026-05-09 21:29:57,DELIVERED,NORTH
1748,559,2026-02-27 10:16:21,DELIVERED,NORTH
1749,366,2024-10-05 03:10:50,SHIPPED,CENTRAL
1750,201,2026-04-17 00:00:00,DELIVERED,SOUTH
1751,282,2025-08-14 00:00:00,DELIVERED,CENTRAL
1752,473,2026-02-07 19:08:39,DELIVERED,WEST
1753,589,2025-11-09 00:34:43,DELIVERED,SOUTH
1754,529,2026-06-15 00:49:19,SHIPPED,NORTH
1755,537,2024-01-02 00:24:22,DELIVERED,SOUTH
1756,378,2024-03-21 13:55:44,DELIVERED,NORTH
1757,400,2025-08-14 18:26:32,DELIVERED,EAST
1758,32,2024-07-12 21:49:52,SHIPPED,CENTRAL
1759,384,2025-02-20 19:47:08,SHIPPED,CENTRAL
1760,201,2024-08-06 00:46:56,DELIVERED,CENTRAL
1761,137,2026-04-07 12:36:40,DELIVERED,EAST
1762,228,2024-10-29 06:00:49,DELIVERED,CENTRAL
1763,169,2025-02-09 00:39:34,PLACED,EAST
1764,495,2024-10-03 08:32:22,RETURNED,EAST
1765,176,2025-09-19 01:12:54,RETURNED,SOUTH
1766,543,2025-07-28 20:32:03,PLACED,CENTRAL
1767,379,2025-07-22 06:10:11,PLACED,WEST
1768,573,2025-05-18 21:37:37,PLACED,EAST
1769,295,2025-02-10 13:08:40,SHIPPED,SOUTH
1770,525,2026-06-15 06:47:55,PLACED,NORTH
1771,169,2024-03-13 20:10:47,SHIPPED,EAST
1772,39,2024-05-13 14:41:29,CANCELLED,SOUTH
1773,301,2025-12-05 18:17:40,PLACED,EAST
1774,178,2025-07-22 17:34:28,DELIVERED,SOUTH
1775,538,2024-05-31 06:30:39,SHIPPED,WEST
1776,17,2025-02-16 20:02:34,RETURNED,SOUTH
1777,112,2025-03-16 00:00:00,RETURNED,NORTH
1778,468,2025-08-17 20:45:15,DELIVERED,NORTH
1779,575,2024-04-03 10:16:06,DELIVERED,SOUTH
1780,,2025-07-14 18:33:20,PLACED,CENTRAL
1781,357,2025-09-16 18:51:52,SHIPPED,SOUTH
1782,439,2025-10-08 08:42:09,PLACED,EAST
1783,426,2025-11-29 17:00:05,DELIVERED,EAST
1784,505,2025-06-08 21:28:18,DELIVERED,EAST
1785,433,2025-07-19 00:04:57,DELIVERED,EAST
1786,295,2024-10-03 03:56:11,DELIVERED,EAST
1787,85,2025-10-27 00:59:45,RETURNED,NORTH
1788,41,2024-03-07 14:29:36,SHIPPED,EAST
1789,238,2024-04-23 00:14:53,RETURNED,SOUTH
1790,119,2025-05-21 09:21:59,CANCELLED,NORTH
1791,493,2024-02-22 11:45:23,DELIVERED,WEST
1792,103,2025-03-17 00:54:45,DELIVERED,CENTRAL
1793,503,2024-08-11 19:24:27,DELIVERED,SOUTH
1794,452,2025-03-30 15:27:39,DELIVERED,SOUTH
1795,528,2024-09-17 12:38:33,RETURNED,EAST
1796,539,2024-12-05 07:58:57,CANCELLED,SOUTH
1797,109,2024-07-26 17:39:31,SHIPPED,NORTH
1798,8,2025-04-18 14:21:24,DELIVERED,NORTH
1799,,2024-05-19 13:53:14,DELIVERED,WEST
1800,567,2025-12-20 12:49:44,DELIVERED,CENTRAL
1801,532,2024-05-15 07:01:15,DELIVERED,SOUTH
1802,492,2025-12-22 04:55:14,DELIVERED,EAST
1803,139,2025-08-11 14:46:26,SHIPPED,CENTRAL
1804,93,2026-03-04 16:46:57,CANCELLED,WEST
1805,247,2024-06-07 20:09:15,DELIVERED,CENTRAL
1806,124,2025-12-29 05:06:17,SHIPPED,WEST
1807,223,2026-05-26 21:31:12,DELIVERED,SOUTH
1808,334,2024-10-09 09:35:41,SHIPPED,CENTRAL
1809,220,2025-10-01 22:14:47,CANCELLED,NORTH
1810,600,2024-04-27 01:43:53,DELIVERED,SOUTH
1811,171,2025-05-20 00:42:00,DELIVERED,SOUTH
1812,554,2024-11-11 15:20:31,DELIVERED,EAST
1813,475,2026-02-05 00:10:01,SHIPPED,WEST
1814,585,2025-05-31 17:07:40,SHIPPED,EAST
1815,511,2024-06-29 22:38:54,SHIPPED,WEST
1816,597,2025-11-12 15:30:02,PLACED,CENTRAL
1817,57,2025-05-29 08:39:55,SHIPPED,CENTRAL
1818,510,2024-06-23 18:47:31,SHIPPED,EAST
1819,532,2025-01-12 12:42:38,PLACED,NORTH
1820,101,2024-07-28 06:35:14,DELIVERED,WEST
1821,56,2026-05-01 06:09:20,SHIPPED,NORTH
1822,568,2026-01-29 13:12:24,DELIVERED,WEST
1823,583,2025-11-11 23:36:58,DELIVERED,SOUTH
1824,382,2026-03-09 23:46:55,DELIVERED,SOUTH
1825,63,2024-03-03 19:37:48,SHIPPED,EAST
1826,398,2024-05-07 09:32:59,CANCELLED,CENTRAL
1827,356,2024-09-10 05:15:26,RETURNED,CENTRAL
1828,24,2024-08-19 19:09:08,DELIVERED,SOUTH
1829,357,2024-02-07 07:54:05,PLACED,SOUTH
1830,524,2024-10-26 14:01:00,PLACED,SOUTH
1831,482,2024-05-08 09:20:02,SHIPPED,CENTRAL
1832,118,2024-08-13 12:51:13,DELIVERED,SOUTH
1833,162,2024-07-02 10:18:43,CANCELLED,WEST
1834,143,2024-03-24 02:45:13,PLACED,NORTH
1835,108,2024-07-20 04:12:08,RETURNED,NORTH
1836,458,2024-07-30 05:57:15,DELIVERED,CENTRAL
1837,203,2024-11-28 13:49:29,PLACED,CENTRAL
1838,214,2026-04-12 21:03:48,PLACED,SOUTH
1839,309,2026-03-20 08:00:58,PLACED,EAST
1840,24,2026-05-17 10:09:41,DELIVERED,CENTRAL
1841,9,2026-06-14 10:51:04,DELIVERED,SOUTH
1842,132,2024-01-27 14:05:22,CANCELLED,CENTRAL
1843,359,2025-08-14 01:54:17,CANCELLED,NORTH
1844,2,2024-11-29 09:32:42,DELIVERED,CENTRAL
1845,598,2026-02-10 09:01:34,CANCELLED,NORTH
1846,146,2025-03-03 21:57:55,SHIPPED,EAST
1847,397,2025-04-21 19:44:41,DELIVERED,SOUTH
1848,,2024-04-26 00:00:00,CANCELLED,SOUTH
1849,56,2025-10-18 06:26:33,PLACED,CENTRAL
1850,507,2025-03-07 18:00:37,PLACED,CENTRAL
1851,88,2025-10-31 00:00:00,DELIVERED,CENTRAL
1852,130,2025-03-13 03:18:25,DELIVERED,NORTH
1853,163,2024-01-12 00:00:00,SHIPPED,EAST
1854,18,2025-07-18 04:35:03,RETURNED,WEST
1855,463,2025-07-26 13:08:24,DELIVERED,EAST
1856,357,2025-07-31 20:02:21,SHIPPED,SOUTH
1857,109,2024-07-31 14:28:45,CANCELLED,EAST
1858,,2024-03-09 13:02:49,DELIVERED,NORTH
1859,40,2024-11-17 21:42:04,PLACED,WEST
1860,409,2025-03-05 00:21:48,DELIVERED,NORTH
1861,44,2026-04-25 15:40:58,PLACED,NORTH
1862,459,2024-06-15 20:14:33,PLACED,NORTH
1863,351,2024-04-04 10:52:45,DELIVERED,SOUTH
1864,105,2025-01-17 22:17:53,PLACED,SOUTH
1865,295,2025-07-14 23:34:17,RETURNED,EAST
1866,411,2024-09-28 00:00:00,PLACED,SOUTH
1867,187,2025-06-26 01:11:10,DELIVERED,CENTRAL
1868,440,2026-07-15 02:27:59,SHIPPED,NORTH
1869,342,2024-11-05 01:56:42,RETURNED,SOUTH
1870,451,2025-01-29 22:03:02,CANCELLED,WEST
1871,362,2026-06-27 23:52:06,PLACED,SOUTH
1872,487,2024-01-30 11:38:53,PLACED,EAST
1873,319,2025-05-28 03:39:36,DELIVERED,NORTH
1874,52,2025-11-25 06:48:34,DELIVERED,WEST
1875,21,2025-02-12 01:56:57,DELIVERED,CENTRAL
1876,577,2025-02-22 17:47:08,DELIVERED,EAST
1877,68,2025-05-06 22:09:38,DELIVERED,NORTH
1878,39,2026-07-04 23:35:10,SHIPPED,CENTRAL
1879,405,2026-07-30 13:23:07,DELIVERED,WEST
1880,204,2025-12-20 15:07:41,DELIVERED,NORTH
1881,570,2025-03-30 13:30:57,PLACED,WEST
1882,497,2025-03-21 07:16:26,RETURNED,WEST
1883,239,2024-09-27 14:28:33,DELIVERED,WEST
1884,528,2026-07-07 01:08:50,DELIVERED,CENTRAL
1885,457,2024-01-23 18:34:56,PLACED,EAST
1886,143,2024-02-10 20:47:39,SHIPPED,NORTH
1887,554,2024-09-23 00:00:00,PLACED,WEST
1888,29,2025-02-07 02:32:37,PLACED,CENTRAL
1889,241,2025-07-27 19:22:19,DELIVERED,CENTRAL
1890,599,2025-11-27 20:17:03,RETURNED,NORTH
1891,23,2026-04-14 23:31:12,DELIVERED,CENTRAL
1892,521,2024-02-17 10:27:23,CANCELLED,NORTH
1893,267,2025-04-17 10:11:40,DELIVERED,SOUTH
1894,365,2026-03-21 19:34:05,DELIVERED,SOUTH
1895,520,2025-08-03 16:14:50,DELIVERED,NORTH
1896,27,2025-02-07 02:53:11,DELIVERED,WEST
1897,96,2024-10-06 08:32:49,CANCELLED,WEST
1898,413,2024-05-22 03:30:19,DELIVERED,NORTH
1899,512,2026-07-06 04:49:25,SHIPPED,SOUTH
1900,517,2024-08-21 16:41:54,DELIVERED,WEST
1901,489,2024-03-18 17:04:52,SHIPPED,CENTRAL
1902,265,2024-05-17 09:10:10,DELIVERED,WEST
1903,507,2026-05-07 06:23:05,DELIVERED,SOUTH
1904,567,2026-05-17 02:44:34,SHIPPED,WEST
1905,472,2026-06-21 14:30:29,DELIVERED,WEST
1906,432,2025-03-15 16:29:43,CANCELLED,WEST
1907,272,2025-10-28 21:46:17,PLACED,WEST
1908,455,2024-01-19 01:02:52,SHIPPED,EAST
1909,365,2026-06-19 23:52:12,DELIVERED,WEST
1910,1,2026-02-19 15:46:56,RETURNED,SOUTH
1911,514,2024-12-20 02:40:07,DELIVERED,WEST
1912,492,2024-08-23 02:18:55,RETURNED,CENTRAL
1913,436,2024-02-04 06:15:49,DELIVERED,NORTH
1914,116,2026-06-30 02:13:40,CANCELLED,SOUTH
1915,168,2024-11-13 18:57:44,DELIVERED,NORTH
1916,418,2024-01-01 00:00:00,DELIVERED,SOUTH
1917,570,2026-03-04 21:05:06,PLACED,EAST
1918,170,2025-07-13 17:33:39,RETURNED,EAST
1919,269,2024-07-12 12:16:52,DELIVERED,WEST
1920,,2024-10-27 00:00:00,DELIVERED,EAST
1921,412,2024-04-08 03:30:21,DELIVERED,WEST
1922,67,2026-03-12 05:56:28,PLACED,EAST
1923,560,2024-03-05 23:34:08,DELIVERED,NORTH
1924,565,2024-08-13 23:08:56,PLACED,NORTH
1925,108,2024-12-17 19:34:07,CANCELLED,CENTRAL
1926,386,2025-02-15 16:54:08,DELIVERED,CENTRAL
1927,255,2026-06-22 17:56:32,DELIVERED,CENTRAL
1928,519,2025-08-15 02:45:53,DELIVERED,NORTH
1929,322,2024-03-17 14:03:25,PLACED,CENTRAL
1930,185,2024-04-01 00:19:18,CANCELLED,WEST
1931,391,2024-03-10 02:38:56,DELIVERED,NORTH
1932,64,2024-12-18 17:45:15,CANCELLED,CENTRAL
1933,405,2024-11-17 18:47:46,DELIVERED,SOUTH
1934,129,2024-06-04 08:34:48,DELIVERED,EAST
1935,389,2026-01-24 05:03:18,PLACED,NORTH
1936,309,2024-07-30 02:13:30,SHIPPED,CENTRAL
1937,,2025-08-07 14:48:17,RETURNED,EAST
1938,571,2025-11-06 00:00:00,DELIVERED,WEST
1939,269,2024-09-08 09:25:58,PLACED,EAST
1940,502,2025-11-19 07:49:06,DELIVERED,NORTH
1941,316,2025-05-10 10:39:22,RETURNED,SOUTH
1942,30,2025-10-22 10:47:43,PLACED,EAST
1943,391,2024-07-22 04:48:21,CANCELLED,SOUTH
1944,297,2024-03-25 04:26:21,PLACED,EAST
1945,55,2024-01-15 05:21:50,DELIVERED,WEST
1946,180,2024-08-24 08:46:49,SHIPPED,WEST
1947,486,2025-04-27 12:36:49,DELIVERED,EAST
1948,107,2024-05-02 19:45:35,SHIPPED,NORTH
1949,516,2025-01-25 05:27:13,DELIVERED,CENTRAL
1950,7,2026-04-13 23:14:07,PLACED,WEST
1951,493,2026-02-07 05:34:18,RETURNED,SOUTH
1952,592,2026-07-14 02:45:30,CANCELLED,EAST
1953,14,2025-02-28 09:31:36,DELIVERED,WEST
1954,436,2024-04-28 06:41:36,PLACED,NORTH
1955,542,2025-01-25 06:28:41,SHIPPED,WEST
1956,396,2026-04-06 21:12:27,PLACED,CENTRAL
1957,173,2025-07-26 10:31:06,RETURNED,CENTRAL
1958,571,2024-12-27 06:29:32,DELIVERED,EAST
1959,275,2024-03-14 05:50:42,PLACED,WEST
1960,293,2025-12-26 19:22:31,DELIVERED,SOUTH
1961,79,2024-06-22 01:25:46,PLACED,SOUTH
1962,459,2025-03-19 10:56:32,DELIVERED,CENTRAL
1963,504,2024-05-11 20:03:47,DELIVERED,WEST
1964,301,2024-09-15 10:15:44,DELIVERED,NORTH
1965,552,2025-08-12 13:02:43,DELIVERED,NORTH
1966,13,2026-04-23 08:51:11,PLACED,NORTH
1967,253,2024-03-05 00:00:00,SHIPPED,SOUTH
1968,236,2025-05-19 20:52:02,DELIVERED,CENTRAL
1969,235,2025-05-29 00:00:00,CANCELLED,EAST
1970,107,2026-03-10 13:29:22,PLACED,WEST
1971,527,2024-04-14 00:28:55,CANCELLED,EAST
1972,261,2025-07-12 00:00:00,SHIPPED,WEST
1973,548,2025-07-15 18:36:33,DELIVERED,WEST
1974,566,2024-06-15 10:57:30,PLACED,EAST
1975,151,2026-04-13 15:02:56,DELIVERED,CENTRAL
1976,552,2025-08-22 14:59:42,CANCELLED,CENTRAL
1977,541,2026-03-10 00:00:00,DELIVERED,CENTRAL
1978,323,2026-01-17 13:57:34,DELIVERED,SOUTH
1979,461,2024-08-01 00:00:00,SHIPPED,SOUTH
1980,554,2025-08-15 09:19:48,DELIVERED,SOUTH
1981,571,2024-12-17 16:12:47,DELIVERED,SOUTH
1982,106,2024-08-22 11:44:40,RETURNED,CENTRAL
1983,161,2026-05-30 03:40:47,SHIPPED,SOUTH
1984,51,2026-06-17 00:09:47,DELIVERED,SOUTH
1985,120,2024-01-24 03:37:04,SHIPPED,SOUTH
1986,,2026-03-21 22:22:27,DELIVERED,WEST
1987,,2024-02-16 07:02:33,DELIVERED,CENTRAL
1988,493,2025-08-22 23:50:27,PLACED,CENTRAL
1989,382,2025-08-19 00:00:00,DELIVERED,EAST
1990,567,2025-03-25 12:14:03,RETURNED,SOUTH
1991,523,2024-03-14 13:52:59,DELIVERED,EAST
1992,564,2024-08-02 18:26:03,SHIPPED,EAST
1993,324,2024-05-31 16:57:34,PLACED,SOUTH
1994,469,2025-09-20 00:33:54,RETURNED,NORTH
1995,338,2026-07-02 22:23:38,DELIVERED,NORTH
1996,48,2025-11-08 03:57:52,DELIVERED,WEST
1997,14,2025-09-02 11:37:52,RETURNED,EAST
1998,231,2025-03-14 08:54:01,PLACED,WEST
1999,276,2025-12-30 00:00:00,PLACED,CENTRAL
2000,200,2025-10-29 19:42:12,DELIVERED,SOUTH
2001,548,2026-05-31 12:44:32,DELIVERED,WEST
2002,16,2026-03-31 03:34:11,SHIPPED,WEST
2003,580,2024-07-02 19:02:19,DELIVERED,WEST
2004,32,2025-07-30 07:43:26,CANCELLED,WEST
2005,80,2026-06-03 00:00:00,DELIVERED,WEST
2006,130,2024-02-04 14:32:40,RETURNED,SOUTH
2007,368,2025-12-07 02:55:53,CANCELLED,CENTRAL
2008,192,2025-08-13 12:39:44,PLACED,NORTH
2009,,2026-06-07 00:16:17,DELIVERED,SOUTH
2010,370,2025-06-05 08:36:42,DELIVERED,NORTH
2011,93,2024-08-02 07:53:05,DELIVERED,WEST
2012,99,2026-04-21 16:09:56,DELIVERED,CENTRAL
2013,413,2024-08-02 00:28:00,DELIVERED,SOUTH
2014,489,2025-06-03 06:23:34,DELIVERED,NORTH
2015,271,2025-07-23 05:55:25,SHIPPED,SOUTH
2016,301,2025-08-02 04:47:46,DELIVERED,NORTH
2017,130,2024-01-05 11:36:11,CANCELLED,SOUTH
2018,509,2024-01-01 02:16:09,DELIVERED,NORTH
2019,,2025-09-12 06:55:29,SHIPPED,EAST
2020,471,2024-09-23 16:35:06,SHIPPED,SOUTH
2021,182,2026-02-20 12:52:42,SHIPPED,CENTRAL
2022,287,2024-01-08 20:32:01,PLACED,WEST
2023,530,2024-10-10 22:05:35,SHIPPED,EAST
2024,140,2025-10-13 23:00:07,PLACED,CENTRAL
2025,383,2024-01-10 16:54:17,DELIVERED,NORTH
2026,61,2024-05-22 02:07:49,PLACED,EAST
2027,475,2024-06-18 15:32:35,RETURNED,NORTH
2028,45,2025-07-17 00:00:00,SHIPPED,WEST
2029,205,2024-03-09 02:51:07,PLACED,NORTH
2030,16,2024-01-08 03:37:50,RETURNED,EAST
2031,89,2026-02-22 05:11:35,DELIVERED,EAST
2032,301,2024-12-18 15:17:52,CANCELLED,SOUTH
2033,424,2026-07-10 08:17:56,DELIVERED,SOUTH
2034,135,2026-07-13 13:50:30,SHIPPED,WEST
2035,91,2026-03-10 12:18:11,RETURNED,WEST
2036,552,2024-05-08 00:00:00,SHIPPED,NORTH
2037,158,2025-06-30 11:52:06,DELIVERED,CENTRAL
2038,71,2025-12-28 10:26:52,CANCELLED,SOUTH
2039,369,2025-11-11 04:14:45,SHIPPED,SOUTH
2040,431,2026-04-03 05:35:00,PLACED,EAST
2041,440,2025-11-26 15:22:03,SHIPPED,CENTRAL
2042,258,2025-04-10 08:59:32,RETURNED,CENTRAL
2043,182,2025-05-08 20:53:51,CANCELLED,WEST
2044,306,2025-09-22 00:00:00,RETURNED,CENTRAL
2045,457,2025-11-21 05:57:12,RETURNED,NORTH
2046,344,2025-07-01 11:53:11,PLACED,WEST
2047,10,2026-07-11 20:24:32,PLACED,EAST
2048,44,2026-02-05 10:42:27,DELIVERED,EAST
2049,105,2024-12-28 20:09:29,PLACED,NORTH
2050,520,2025-08-25 13:58:08,PLACED,NORTH
2051,456,2025-08-27 09:23:52,PLACED,SOUTH
2052,,2025-07-30 05:58:56,RETURNED,EAST
2053,86,2024-10-02 03:45:13,RETURNED,NORTH
2054,322,2026-05-29 00:00:00,DELIVERED,NORTH
2055,52,2024-05-02 15:05:35,DELIVERED,EAST
2056,188,2025-06-23 02:00:42,RETURNED,CENTRAL
2057,348,2024-02-19 16:41:48,DELIVERED,NORTH
2058,454,2024-10-24 02:47:42,CANCELLED,WEST
2059,,2025-07-03 17:03:53,DELIVERED,CENTRAL
2060,237,2024-04-12 03:49:01,PLACED,WEST
2061,222,2025-04-17 08:16:11,DELIVERED,NORTH
2062,122,2024-01-05 16:00:16,SHIPPED,SOUTH
2063,439,2024-03-11 00:00:00,DELIVERED,EAST
2064,97,2024-12-09 21:41:46,RETURNED,EAST
2065,179,2026-04-27 07:36:08,DELIVERED,SOUTH
2066,349,2024-08-15 00:00:00,PLACED,WEST
2067,499,2026-06-03 12:33:53,RETURNED,NORTH
2068,439,2026-04-30 12:12:21,PLACED,CENTRAL
2069,270,2024-03-09 11:45:02,DELIVERED,SOUTH
2070,129,2024-12-04 08:19:12,DELIVERED,CENTRAL
2071,384,2024-12-15 13:39:47,PLACED,WEST
2072,161,2025-06-03 02:55:12,DELIVERED,SOUTH
2073,12,2024-04-23 05:06:31,DELIVERED,WEST
2074,401,2024-10-12 06:46:40,SHIPPED,WEST
2075,63,2024-10-17 03:17:46,DELIVERED,CENTRAL
2076,227,2025-04-23 00:00:00,DELIVERED,NORTH
2077,33,2026-06-06 12:16:01,PLACED,WEST
2078,,2025-01-14 11:36:57,PLACED,CENTRAL
2079,260,2025-01-12 10:47:29,PLACED,NORTH
2080,226,2024-07-30 09:28:13,DELIVERED,NORTH
2081,468,2025-06-02 23:31:00,DELIVERED,CENTRAL
2082,462,2025-05-17 04:39:47,CANCELLED,SOUTH
2083,434,2025-04-29 04:27:15,SHIPPED,NORTH
2084,430,2024-10-05 08:20:58,DELIVERED,SOUTH
2085,192,2024-04-30 18:16:15,SHIPPED,WEST
2086,130,2024-01-02 16:54:46,RETURNED,NORTH
2087,166,2024-12-16 00:00:00,DELIVERED,CENTRAL
2088,173,2024-06-02 18:02:33,DELIVERED,CENTRAL
2089,362,2026-03-25 16:16:35,DELIVERED,CENTRAL
2090,5,2025-07-22 15:02:15,DELIVERED,WEST
2091,448,2024-11-24 10:54:19,DELIVERED,EAST
2092,321,2026-06-02 20:55:38,DELIVERED,WEST
2093,391,2026-05-13 17:39:57,DELIVERED,NORTH
2094,243,2026-01-13 17:06:05,DELIVERED,CENTRAL
2095,385,2024-08-28 02:54:24,DELIVERED,CENTRAL
2096,522,2025-03-04 22:09:47,DELIVERED,EAST
2097,527,2024-08-02 12:49:11,SHIPPED,WEST
2098,565,2024-11-28 01:13:52,DELIVERED,CENTRAL
2099,235,2024-07-29 00:00:00,DELIVERED,SOUTH
2100,286,2026-01-26 22:55:01,RETURNED,SOUTH
2101,538,2024-06-19 10:08:42,PLACED,EAST
2102,11,2024-07-15 13:29:30,DELIVERED,NORTH
2103,52,2025-03-06 07:14:31,RETURNED,SOUTH
2104,450,2026-02-12 15:47:35,DELIVERED,SOUTH
2105,382,2024-10-28 07:28:33,PLACED,SOUTH
2106,49,2025-09-24 00:00:00,SHIPPED,SOUTH
2107,59,2025-06-19 01:26:35,DELIVERED,CENTRAL
2108,468,2025-12-14 23:05:15,DELIVERED,CENTRAL
2109,136,2024-04-20 08:28:33,DELIVERED,SOUTH
2110,76,2025-12-30 00:00:00,SHIPPED,CENTRAL
2111,597,2026-04-04 16:51:43,SHIPPED,NORTH
2112,555,2025-03-04 14:30:36,PLACED,WEST
2113,84,2024-11-11 09:17:07,RETURNED,WEST
2114,376,2025-09-22 11:39:43,DELIVERED,EAST
2115,403,2025-12-16 08:51:17,RETURNED,NORTH
2116,157,2024-05-10 15:56:51,DELIVERED,WEST
2117,596,2025-03-21 17:53:17,DELIVERED,EAST
2118,,2025-11-01 06:56:00,DELIVERED,SOUTH
2119,194,2024-12-15 00:00:00,DELIVERED,EAST
2120,386,2024-09-16 20:27:27,DELIVERED,SOUTH
2121,445,2024-07-01 11:38:30,PLACED,SOUTH
2122,141,2025-06-17 15:27:11,RETURNED,CENTRAL
2123,155,2024-06-06 12:54:29,DELIVERED,CENTRAL
2124,547,2026-02-04 20:05:07,RETURNED,CENTRAL
2125,418,2024-08-17 03:54:12,DELIVERED,EAST
2126,585,2025-08-13 17:21:13,SHIPPED,SOUTH
2127,138,2025-03-13 15:47:06,RETURNED,SOUTH
2128,374,2026-04-05 20:33:23,SHIPPED,SOUTH
2129,36,2025-01-09 04:52:02,PLACED,EAST
2130,416,2024-02-13 11:31:16,DELIVERED,EAST
2131,400,2026-05-25 16:50:11,DELIVERED,WEST
2132,275,2025-06-05 04:28:44,RETURNED,EAST
2133,578,2026-01-03 12:26:58,RETURNED,EAST
2134,515,2025-08-16 21:27:59,RETURNED,NORTH
2135,130,2024-05-02 20:15:57,SHIPPED,EAST
2136,9,2026-06-08 15:18:04,DELIVERED,CENTRAL
2137,90,2025-06-14 19:08:41,SHIPPED,WEST
2138,381,2026-06-13 08:16:11,DELIVERED,EAST
2139,246,2024-01-22 01:02:25,DELIVERED,EAST
2140,122,2025-02-16 17:49:51,SHIPPED,NORTH
2141,272,2026-04-25 19:00:16,DELIVERED,SOUTH
2142,426,2024-06-29 17:36:58,DELIVERED,EAST
2143,58,2025-12-04 09:48:02,DELIVERED,SOUTH
2144,107,2024-01-29 01:46:19,PLACED,NORTH
2145,365,2024-09-16 00:00:00,PLACED,NORTH
2146,458,2024-05-23 12:06:16,RETURNED,CENTRAL
2147,372,2025-03-09 23:18:04,DELIVERED,SOUTH
2148,472,2025-02-07 00:00:00,SHIPPED,WEST
2149,168,2024-02-09 07:48:51,DELIVERED,WEST
2150,152,2024-12-11 17:48:07,RETURNED,WEST
2151,410,2025-05-18 04:22:54,DELIVERED,SOUTH
2152,64,2024-03-13 10:54:54,RETURNED,EAST
2153,550,2024-04-07 16:24:13,PLACED,EAST
2154,47,2024-02-26 11:50:35,PLACED,SOUTH
2155,132,2024-04-12 01:56:33,DELIVERED,EAST
2156,200,2024-07-05 06:45:31,DELIVERED,CENTRAL
2157,127,2024-12-04 01:20:16,DELIVERED,CENTRAL
2158,507,2024-09-12 12:11:59,RETURNED,SOUTH
2159,355,2025-06-29 08:37:49,DELIVERED,CENTRAL
2160,28,2026-07-22 12:24:28,DELIVERED,CENTRAL
2161,253,2025-06-18 08:06:31,PLACED,EAST
2162,219,2024-12-30 11:41:18,PLACED,SOUTH
2163,454,2024-12-18 09:11:13,DELIVERED,SOUTH
2164,179,2024-01-03 05:05:49,SHIPPED,WEST
2165,228,2025-07-03 23:31:25,SHIPPED,SOUTH
2166,359,2024-02-23 23:53:16,DELIVERED,NORTH
2167,471,2024-03-11 18:39:44,DELIVERED,WEST
2168,124,2026-02-24 12:36:33,CANCELLED,SOUTH
2169,504,2024-07-12 16:27:19,SHIPPED,NORTH
2170,567,2024-12-11 06:30:16,CANCELLED,CENTRAL
2171,188,2024-05-19 06:02:32,RETURNED,WEST
2172,446,2025-02-11 05:13:36,DELIVERED,EAST
2173,333,2025-11-18 13:55:43,DELIVERED,SOUTH
2174,222,2024-08-25 07:32:21,PLACED,SOUTH
2175,109,2025-03-29 15:55:32,SHIPPED,SOUTH
2176,580,2024-08-27 16:05:13,DELIVERED,SOUTH
2177,415,2024-03-29 19:04:33,DELIVERED,CENTRAL
2178,381,2024-03-17 14:22:13,RETURNED,SOUTH
2179,491,2025-01-15 00:55:06,PLACED,NORTH
2180,504,2025-03-04 00:00:00,PLACED,SOUTH
2181,235,2026-05-18 04:56:53,RETURNED,NORTH
2182,14,2024-04-21 10:33:10,SHIPPED,WEST
2183,521,2025-03-21 13:33:56,DELIVERED,SOUTH
2184,375,2025-08-22 19:27:35,PLACED,EAST
2185,,2025-05-09 15:34:28,SHIPPED,NORTH
2186,69,2025-07-26 00:00:00,PLACED,EAST
2187,351,2025-05-27 13:21:53,DELIVERED,NORTH
2188,591,2025-08-07 01:22:24,DELIVERED,SOUTH
2189,509,2025-07-09 17:59:14,CANCELLED,NORTH
2190,,2024-07-31 23:00:21,PLACED,SOUTH
2191,16,2024-04-20 11:34:11,DELIVERED,WEST
2192,92,2024-08-20 12:08:40,DELIVERED,SOUTH
2193,441,2025-09-18 20:49:32,DELIVERED,CENTRAL
2194,580,2026-03-23 19:02:58,DELIVERED,NORTH
2195,496,2024-12-25 08:23:29,PLACED,CENTRAL
2196,449,2025-08-27 22:00:45,DELIVERED,NORTH
2197,591,2026-04-03 23:24:43,DELIVERED,WEST
2198,243,2024-11-19 02:59:00,RETURNED,CENTRAL
2199,317,2024-11-11 08:57:32,PLACED,NORTH
2200,317,2024-10-19 15:10:12,PLACED,CENTRAL
2201,343,2024-10-09 00:00:00,SHIPPED,SOUTH
2202,71,2025-06-30 18:29:55,CANCELLED,EAST
2203,290,2026-05-24 15:39:57,DELIVERED,EAST
2204,2,2024-08-05 22:02:04,DELIVERED,CENTRAL
2205,558,2025-11-07 03:36:38,DELIVERED,EAST
2206,317,2024-05-18 07:09:46,DELIVERED,SOUTH
2207,35,2025-02-03 00:00:00,CANCELLED,NORTH
2208,323,2024-12-08 16:13:15,DELIVERED,NORTH
2209,279,2026-05-27 18:27:11,DELIVERED,SOUTH
2210,113,2026-05-28 08:51:25,DELIVERED,SOUTH
2211,329,2024-11-15 20:05:07,PLACED,EAST
2212,184,2025-07-25 16:17:22,DELIVERED,SOUTH
2213,212,2025-10-24 15:33:00,SHIPPED,NORTH
2214,538,2026-05-19 07:04:07,CANCELLED,EAST
2215,289,2025-10-05 01:04:53,DELIVERED,SOUTH
2216,269,2025-03-29 20:30:35,DELIVERED,EAST
2217,313,2024-07-07 10:50:57,DELIVERED,CENTRAL
2218,249,2025-02-05 12:47:03,SHIPPED,WEST
2219,277,2025-09-28 18:50:43,SHIPPED,CENTRAL
2220,575,2024-09-23 03:55:10,PLACED,NORTH
2221,132,2026-07-29 12:23:33,DELIVERED,SOUTH
2222,546,2026-03-22 11:55:22,DELIVERED,EAST
2223,9,2026-06-06 00:40:55,DELIVERED,NORTH
2224,491,2024-03-08 08:16:10,DELIVERED,EAST
2225,198,2025-03-21 22:34:26,DELIVERED,WEST
2226,600,2024-07-23 00:00:00,CANCELLED,SOUTH
2227,,2025-04-13 18:50:50,SHIPPED,WEST
2228,66,2024-08-18 12:04:14,DELIVERED,SOUTH
2229,145,2025-07-06 16:07:22,PLACED,NORTH
2230,342,2025-09-03 06:05:00,CANCELLED,CENTRAL
2231,339,2026-06-23 15:35:31,DELIVERED,WEST
2232,441,2024-05-02 12:54:28,RETURNED,CENTRAL
2233,370,2026-05-08 08:34:29,SHIPPED,EAST
2234,227,2024-05-11 11:41:06,PLACED,CENTRAL
2235,,2024-11-13 23:54:07,SHIPPED,SOUTH
2236,139,2024-02-22 00:25:43,CANCELLED,SOUTH
2237,272,2025-09-23 00:00:00,SHIPPED,NORTH
2238,462,2026-06-19 03:17:47,DELIVERED,WEST
2239,29,2024-02-20 18:00:31,DELIVERED,EAST
2240,583,2025-03-11 20:46:20,DELIVERED,CENTRAL
2241,92,2026-01-26 00:00:00,DELIVERED,EAST
2242,39,2025-04-14 00:00:00,SHIPPED,EAST
2243,376,2024-03-13 21:44:22,SHIPPED,CENTRAL
2244,401,2025-06-09 14:14:47,SHIPPED,EAST
2245,164,2024-11-05 02:09:05,SHIPPED,CENTRAL
2246,240,2024-01-15 11:26:52,PLACED,SOUTH
2247,111,2024-11-30 19:24:02,SHIPPED,NORTH
2248,260,2025-09-26 06:12:34,DELIVERED,NORTH
2249,439,2025-12-09 19:52:57,DELIVERED,NORTH
2250,490,2025-06-23 15:01:16,DELIVERED,EAST
2251,178,2025-03-07 00:00:00,DELIVERED,SOUTH
2252,178,2024-12-24 13:58:44,DELIVERED,CENTRAL
2253,175,2024-12-31 00:58:49,PLACED,EAST
2254,135,2024-03-13 11:51:40,PLACED,EAST
2255,596,2024-01-26 10:53:47,PLACED,SOUTH
2256,136,2025-03-30 00:00:00,PLACED,EAST
2257,424,2025-02-06 06:06:48,DELIVERED,CENTRAL
2258,105,2026-01-09 21:16:06,DELIVERED,WEST
2259,109,2026-07-22 04:28:21,RETURNED,SOUTH
2260,369,2026-04-21 09:12:21,SHIPPED,WEST
2261,152,2025-06-11 08:40:19,DELIVERED,NORTH
2262,42,2026-06-27 15:53:35,DELIVERED,EAST
2263,289,2025-01-30 16:44:29,RETURNED,SOUTH
2264,193,2025-12-02 04:16:30,DELIVERED,NORTH
2265,87,2024-05-13 12:32:52,RETURNED,NORTH
2266,43,2025-01-01 03:45:49,DELIVERED,CENTRAL
2267,52,2024-04-24 20:27:21,DELIVERED,NORTH
2268,37,2024-12-16 08:33:53,DELIVERED,EAST
2269,258,2025-07-05 09:51:17,SHIPPED,EAST
2270,113,2026-02-06 09:20:50,PLACED,SOUTH
2271,398,2025-01-30 09:27:37,SHIPPED,CENTRAL
2272,370,2025-03-25 08:26:45,PLACED,NORTH
2273,329,2025-02-08 22:35:48,DELIVERED,WEST
2274,200,2024-01-03 08:12:43,DELIVERED,SOUTH
2275,310,2025-11-18 21:28:28,CANCELLED,NORTH
2276,512,2026-03-01 00:00:00,DELIVERED,EAST
2277,171,2024-01-17 00:55:16,CANCELLED,CENTRAL
2278,358,2024-04-20 20:55:12,DELIVERED,EAST
2279,509,2025-02-03 19:46:18,DELIVERED,SOUTH
2280,215,2024-09-05 11:40:42,RETURNED,CENTRAL
2281,275,2024-10-14 08:47:51,DELIVERED,WEST
2282,164,2025-07-11 05:02:02,DELIVERED,NORTH
2283,358,2026-04-23 02:42:00,PLACED,CENTRAL
2284,587,2024-09-01 22:17:09,SHIPPED,EAST
2285,421,2024-12-05 05:17:09,PLACED,CENTRAL
2286,596,2025-09-16 19:58:03,SHIPPED,SOUTH
2287,158,2025-09-26 17:55:08,SHIPPED,CENTRAL
2288,185,2024-03-07 09:39:50,DELIVERED,NORTH
2289,527,2024-02-12 01:09:44,DELIVERED,CENTRAL
2290,110,2024-12-12 00:00:00,DELIVERED,NORTH
2291,230,2024-08-31 22:38:56,PLACED,NORTH
2292,178,2024-04-28 11:31:51,DELIVERED,EAST
2293,116,2025-08-01 15:24:51,DELIVERED,WEST
2294,412,2025-04-07 20:32:22,CANCELLED,NORTH
2295,335,2025-02-11 05:25:55,DELIVERED,NORTH
2296,137,2024-01-02 11:47:28,PLACED,WEST
2297,510,2025-11-18 00:03:27,DELIVERED,WEST
2298,336,2025-08-25 07:07:46,DELIVERED,EAST
2299,319,2024-07-03 11:23:37,DELIVERED,SOUTH
2300,115,2024-08-06 21:28:53,DELIVERED,WEST
2301,198,2024-10-11 00:00:00,PLACED,NORTH
2302,260,2026-04-06 06:34:39,SHIPPED,NORTH
2303,524,2026-06-01 21:41:48,DELIVERED,NORTH
2304,458,2024-08-26 08:04:13,CANCELLED,WEST
2305,285,2026-06-12 19:14:53,DELIVERED,NORTH
2306,204,2024-06-21 00:00:00,DELIVERED,NORTH
2307,433,2025-09-28 15:14:49,PLACED,SOUTH
2308,357,2024-11-01 13:49:24,DELIVERED,CENTRAL
2309,194,2024-05-29 16:36:17,PLACED,NORTH
2310,251,2026-04-02 11:42:19,CANCELLED,CENTRAL
2311,567,2024-09-08 09:47:18,RETURNED,CENTRAL
2312,64,2024-04-02 15:35:19,DELIVERED,CENTRAL
2313,469,2025-11-08 12:45:57,RETURNED,SOUTH
2314,212,2026-02-18 05:03:55,DELIVERED,WEST
2315,209,2024-11-29 04:46:21,CANCELLED,WEST
2316,345,2024-06-26 03:53:42,CANCELLED,CENTRAL
2317,413,2024-10-02 00:16:24,DELIVERED,NORTH
2318,112,2024-01-02 06:35:22,RETURNED,SOUTH
2319,161,2024-11-08 10:29:11,RETURNED,CENTRAL
2320,521,2024-12-13 16:04:59,DELIVERED,SOUTH
2321,65,2026-03-31 18:30:04,DELIVERED,NORTH
2322,505,2025-08-22 01:48:13,PLACED,NORTH
2323,380,2026-06-23 02:34:35,SHIPPED,CENTRAL
2324,273,2025-01-19 06:20:03,DELIVERED,CENTRAL
2325,420,2024-06-30 09:49:56,DELIVERED,CENTRAL
2326,430,2026-06-19 07:23:28,CANCELLED,SOUTH
2327,510,2024-10-03 19:35:38,DELIVERED,NORTH
2328,155,2025-08-30 01:40:43,DELIVERED,WEST
2329,363,2026-06-11 20:05:21,CANCELLED,SOUTH
2330,520,2026-07-10 11:13:37,DELIVERED,SOUTH
2331,280,2025-11-06 23:45:57,DELIVERED,NORTH
2332,140,2026-06-18 23:02:47,CANCELLED,NORTH
2333,147,2025-10-02 00:00:00,DELIVERED,EAST
2334,406,2026-01-22 12:54:17,PLACED,NORTH
2335,315,2026-02-12 15:55:25,SHIPPED,EAST
2336,292,2025-09-22 02:54:42,SHIPPED,CENTRAL
2337,517,2025-04-14 13:24:15,PLACED,WEST
2338,532,2025-06-17 09:29:19,SHIPPED,CENTRAL
2339,390,2025-03-31 00:00:00,DELIVERED,CENTRAL
2340,11,2026-07-28 17:21:03,SHIPPED,CENTRAL
2341,335,2024-09-22 11:39:51,PLACED,NORTH
2342,470,2024-03-01 17:10:35,DELIVERED,EAST
2343,19,2026-04-25 15:22:06,SHIPPED,CENTRAL
2344,107,2024-12-09 23:51:50,PLACED,CENTRAL
2345,43,2025-05-27 10:49:06,DELIVERED,CENTRAL
2346,486,2025-02-10 20:46:05,CANCELLED,NORTH
2347,243,2024-01-23 15:10:03,PLACED,WEST
2348,49,2024-01-01 23:33:28,SHIPPED,EAST
2349,413,2024-06-07 04:13:06,DELIVERED,CENTRAL
2350,367,2025-08-24 19:24:52,SHIPPED,CENTRAL
2351,449,2026-04-20 23:26:58,DELIVERED,EAST
2352,515,2026-01-15 10:11:34,RETURNED,NORTH
2353,166,2025-10-05 00:00:00,CANCELLED,NORTH
2354,209,2025-10-26 00:00:00,DELIVERED,NORTH
2355,303,2025-04-15 17:15:31,RETURNED,EAST
2356,45,2025-09-03 02:48:57,DELIVERED,EAST
2357,411,2025-08-04 08:07:42,SHIPPED,NORTH
2358,130,2024-06-30 11:42:23,DELIVERED,EAST
2359,490,2024-07-31 17:00:33,DELIVERED,WEST
2360,186,2024-07-13 00:01:11,DELIVERED,EAST
2361,302,2025-11-13 20:36:42,DELIVERED,EAST
2362,399,2025-04-16 14:03:31,DELIVERED,EAST
2363,448,2025-05-21 19:45:52,SHIPPED,SOUTH
2364,501,2024-05-07 03:03:16,RETURNED,EAST
2365,105,2024-09-15 00:00:00,DELIVERED,CENTRAL
2366,404,2024-07-17 09:57:46,DELIVERED,NORTH
2367,484,2025-01-02 21:36:30,RETURNED,SOUTH
2368,161,2025-10-23 03:28:08,DELIVERED,CENTRAL
2369,355,2026-05-13 05:26:25,DELIVERED,EAST
2370,599,2025-04-19 05:26:01,SHIPPED,EAST
2371,104,2025-09-22 19:46:04,PLACED,CENTRAL
2372,87,2025-11-27 22:00:53,PLACED,EAST
2373,49,2025-07-18 07:47:31,DELIVERED,NORTH
2374,276,2026-01-02 15:06:58,SHIPPED,EAST
2375,145,2025-04-07 05:57:24,DELIVERED,CENTRAL
2376,303,2024-06-23 04:41:42,CANCELLED,WEST
2377,585,2025-12-14 17:59:50,SHIPPED,EAST
2378,38,2025-06-01 20:56:09,SHIPPED,CENTRAL
2379,128,2026-04-03 02:16:56,SHIPPED,NORTH
2380,206,2025-01-07 06:38:51,CANCELLED,CENTRAL
2381,438,2024-02-28 03:39:42,DELIVERED,CENTRAL
2382,571,2024-04-16 03:03:23,DELIVERED,SOUTH
2383,10,2025-03-19 02:33:20,CANCELLED,WEST
2384,321,2024-10-09 00:16:29,PLACED,EAST
2385,218,2025-05-23 15:45:32,DELIVERED,WEST
2386,52,2024-06-06 17:12:25,DELIVERED,NORTH
2387,193,2025-03-30 10:35:00,SHIPPED,WEST
2388,454,2025-08-11 14:24:43,RETURNED,CENTRAL
2389,67,2025-04-27 04:14:20,SHIPPED,WEST
2390,264,2025-08-07 04:55:40,DELIVERED,WEST
2391,54,2026-07-01 17:09:03,DELIVERED,NORTH
2392,546,2026-07-14 04:44:02,DELIVERED,WEST
2393,,2024-12-29 10:22:58,CANCELLED,EAST
2394,554,2026-07-12 10:44:19,DELIVERED,CENTRAL
2395,302,2025-08-28 15:07:31,SHIPPED,CENTRAL
2396,469,2026-06-24 09:48:36,DELIVERED,SOUTH
2397,503,2025-05-25 10:51:01,DELIVERED,CENTRAL
2398,531,2024-06-21 16:24:54,CANCELLED,NORTH
2399,598,2025-12-19 20:58:19,DELIVERED,CENTRAL
2400,76,2024-08-01 20:17:57,SHIPPED,CENTRAL
2401,463,2024-05-07 07:17:27,DELIVERED,EAST
2402,269,2025-05-25 15:59:50,CANCELLED,EAST
2403,509,2024-09-05 08:36:28,DELIVERED,WEST
2404,187,2024-12-04 02:07:31,DELIVERED,SOUTH
2405,445,2026-04-13 05:32:56,PLACED,NORTH
2406,504,2026-04-16 22:49:24,PLACED,EAST
2407,24,2026-06-08 21:43:06,DELIVERED,SOUTH
2408,591,2024-03-14 00:03:58,DELIVERED,SOUTH
2409,434,2026-06-28 01:52:44,SHIPPED,EAST
2410,321,2026-02-22 20:34:27,DELIVERED,NORTH
2411,13,2025-05-09 00:00:00,SHIPPED,WEST
2412,125,2026-06-13 00:00:00,SHIPPED,CENTRAL
2413,546,2024-07-14 04:34:47,CANCELLED,WEST
2414,323,2025-06-27 00:00:00,PLACED,WEST
2415,544,2025-05-24 16:05:07,CANCELLED,NORTH
2416,44,2025-03-16 06:10:52,DELIVERED,SOUTH
2417,212,2025-09-14 02:15:55,PLACED,EAST
2418,544,2026-02-09 19:16:47,SHIPPED,WEST
2419,223,2025-06-25 15:41:37,DELIVERED,CENTRAL
2420,362,2025-01-10 22:12:30,DELIVERED,NORTH
2421,558,2025-05-14 19:58:29,RETURNED,WEST
2422,299,2025-11-30 14:44:26,DELIVERED,NORTH
2423,385,2025-01-06 21:48:23,DELIVERED,CENTRAL
2424,119,2024-06-06 07:19:14,DELIVERED,SOUTH
2425,44,2024-07-27 04:46:26,CANCELLED,SOUTH
2426,29,2024-09-03 01:52:35,DELIVERED,WEST
2427,420,2024-01-08 06:42:22,DELIVERED,SOUTH
2428,387,2025-01-30 00:00:00,SHIPPED,WEST
2429,473,2025-05-17 06:36:32,DELIVERED,SOUTH
2430,307,2025-09-28 06:47:55,CANCELLED,NORTH
2431,39,2024-10-20 00:00:00,DELIVERED,CENTRAL
2432,220,2024-01-13 20:25:24,SHIPPED,WEST
2433,522,2024-06-08 03:33:37,SHIPPED,EAST
2434,542,2026-06-18 11:07:03,SHIPPED,EAST
2435,590,2025-10-01 15:34:45,DELIVERED,NORTH
2436,4,2026-06-03 22:45:18,SHIPPED,CENTRAL
2437,522,2025-12-06 19:11:59,DELIVERED,EAST
2438,243,2025-05-25 13:00:27,DELIVERED,WEST
2439,465,2025-02-17 00:48:04,CANCELLED,NORTH
2440,567,2026-05-19 20:28:24,RETURNED,NORTH
2441,278,2024-02-24 13:10:27,SHIPPED,SOUTH
2442,67,2026-02-26 23:54:59,DELIVERED,CENTRAL
2443,368,2026-03-06 07:35:54,SHIPPED,SOUTH
2444,487,2025-11-29 06:50:25,PLACED,EAST
2445,13,2024-06-24 02:23:50,RETURNED,EAST
2446,430,2024-02-06 00:39:45,SHIPPED,SOUTH
2447,171,2024-03-02 09:23:00,RETURNED,NORTH
2448,239,2024-05-12 00:45:02,DELIVERED,EAST
2449,275,2025-03-10 04:27:30,PLACED,NORTH
2450,279,2024-06-03 21:15:49,DELIVERED,SOUTH
2451,246,2026-05-05 16:44:25,DELIVERED,NORTH
2452,317,2024-06-02 11:11:00,RETURNED,SOUTH
2453,477,2024-02-13 17:55:42,DELIVERED,CENTRAL
2454,262,2026-06-11 04:48:27,DELIVERED,SOUTH
2455,508,2025-04-08 18:39:01,DELIVERED,SOUTH
2456,220,2024-09-24 19:12:54,DELIVERED,NORTH
2457,37,2024-10-25 21:53:48,DELIVERED,CENTRAL
2458,221,2024-03-19 01:50:52,DELIVERED,SOUTH
2459,174,2024-03-28 03:12:25,RETURNED,SOUTH
2460,,2025-06-04 17:57:03,DELIVERED,SOUTH
2461,139,2024-04-18 20:42:49,DELIVERED,SOUTH
2462,32,2024-01-16 11:56:49,DELIVERED,WEST
2463,,2024-05-28 18:55:32,DELIVERED,SOUTH
2464,13,2024-02-10 09:13:59,DELIVERED,SOUTH
2465,36,2025-12-02 08:03:32,SHIPPED,NORTH
2466,390,2026-05-29 19:51:53,PLACED,CENTRAL
2467,400,2026-02-08 00:00:00,PLACED,NORTH
2468,324,2025-03-09 22:05:35,DELIVERED,NORTH
2469,172,2026-04-29 23:30:56,CANCELLED,NORTH
2470,,2025-02-02 00:00:00,DELIVERED,WEST
2471,231,2025-04-13 10:00:59,SHIPPED,SOUTH
2472,407,2024-01-24 22:01:57,PLACED,SOUTH
2473,85,2024-08-08 11:00:52,RETURNED,NORTH
2474,457,2026-01-07 01:09:49,CANCELLED,WEST
2475,188,2025-10-15 11:34:29,DELIVERED,EAST
2476,134,2025-12-31 14:58:40,DELIVERED,WEST
2477,571,2024-02-07 10:45:11,RETURNED,SOUTH
2478,368,2026-06-26 18:00:08,DELIVERED,NORTH
2479,109,2026-06-12 04:31:37,DELIVERED,EAST
2480,94,2024-09-22 05:15:29,CANCELLED,CENTRAL
2481,293,2026-04-12 10:19:55,CANCELLED,EAST
2482,527,2025-10-16 11:14:25,PLACED,WEST
2483,10,2026-02-16 00:48:12,DELIVERED,EAST
2484,,2024-12-24 09:54:45,DELIVERED,CENTRAL
2485,113,2026-06-07 09:29:42,PLACED,EAST
2486,88,2025-11-10 03:22:18,DELIVERED,NORTH
2487,542,2024-11-09 04:11:35,DELIVERED,SOUTH
2488,236,2025-03-08 19:03:13,DELIVERED,CENTRAL
2489,41,2026-02-22 04:48:29,SHIPPED,SOUTH
2490,327,2025-03-02 03:25:48,DELIVERED,SOUTH
2491,,2024-04-12 09:36:12,RETURNED,SOUTH
2492,152,2024-01-23 00:00:00,DELIVERED,EAST
2493,224,2024-01-04 01:45:28,PLACED,NORTH
2494,299,2025-09-18 12:20:31,DELIVERED,CENTRAL
2495,,2026-03-12 19:45:50,DELIVERED,CENTRAL
2496,122,2025-09-23 00:00:07,DELIVERED,NORTH
2497,95,2025-08-20 06:34:07,DELIVERED,SOUTH
2498,507,2024-11-09 02:00:45,RETURNED,CENTRAL
2499,592,2025-12-15 00:00:00,DELIVERED,CENTRAL
2500,,2025-06-07 06:14:45,DELIVERED,NORTH
2501,561,2025-10-22 14:44:42,DELIVERED,EAST
2502,,2024-02-05 19:39:07,RETURNED,CENTRAL
2503,256,2025-11-06 01:38:49,PLACED,NORTH
2504,457,2024-05-08 03:08:57,RETURNED,CENTRAL
2505,569,2025-07-27 19:29:07,DELIVERED,EAST
2506,317,2024-08-21 03:26:01,RETURNED,SOUTH
2507,13,2024-04-16 06:38:36,DELIVERED,EAST
2508,421,2024-02-16 13:24:43,DELIVERED,WEST
2509,257,2025-03-16 05:18:16,DELIVERED,EAST
2510,152,2024-03-24 08:54:26,PLACED,CENTRAL
2511,17,2024-08-04 08:42:10,DELIVERED,CENTRAL
2512,156,2024-08-02 00:32:28,DELIVERED,CENTRAL
2513,296,2024-01-02 18:04:37,PLACED,WEST
2514,513,2024-04-18 18:49:31,DELIVERED,EAST
2515,368,2024-10-26 06:38:20,DELIVERED,SOUTH
2516,466,2024-01-28 00:36:05,PLACED,NORTH
2517,574,2024-08-04 16:32:07,DELIVERED,EAST
2518,429,2024-04-17 21:02:01,DELIVERED,EAST
2519,,2025-09-09 00:00:00,PLACED,NORTH
2520,225,2024-03-27 00:00:00,SHIPPED,WEST
2521,576,2025-01-11 09:42:31,DELIVERED,WEST
2522,180,2024-11-07 11:19:28,RETURNED,SOUTH
2523,438,2024-04-16 00:00:00,DELIVERED,SOUTH
2524,546,2025-08-04 09:28:16,PLACED,WEST
2525,265,2025-04-29 18:18:42,DELIVERED,NORTH
2526,182,2024-08-12 04:53:03,RETURNED,WEST
2527,308,2025-08-17 16:32:23,CANCELLED,NORTH
2528,243,2024-01-11 15:08:49,DELIVERED,SOUTH
2529,153,2025-02-07 01:51:14,SHIPPED,CENTRAL
2530,420,2026-04-10 17:13:31,SHIPPED,EAST
2531,130,2025-12-13 19:04:02,DELIVERED,SOUTH
2532,522,2025-08-31 22:14:44,CANCELLED,WEST
2533,410,2024-08-25 02:56:03,CANCELLED,EAST
2534,453,2025-09-27 00:02:29,CANCELLED,WEST
2535,301,2026-01-05 06:05:19,DELIVERED,NORTH
2536,213,2025-07-15 17:38:05,PLACED,WEST
2537,523,2025-04-16 04:08:39,DELIVERED,WEST
2538,129,2024-12-31 12:22:36,DELIVERED,EAST
2539,315,2025-10-13 07:44:50,CANCELLED,WEST
2540,155,2024-05-14 23:08:43,DELIVERED,WEST
2541,365,2024-09-11 04:27:17,DELIVERED,CENTRAL
2542,,2025-09-12 20:45:21,DELIVERED,EAST
2543,91,2024-07-11 04:47:40,PLACED,CENTRAL
2544,564,2024-05-04 18:05:37,DELIVERED,WEST
2545,440,2024-12-28 17:34:31,DELIVERED,EAST
2546,513,2026-02-19 21:38:57,CANCELLED,NORTH
2547,430,2026-04-13 22:51:31,PLACED,WEST
2548,19,2025-06-23 12:54:17,CANCELLED,NORTH
2549,165,2025-07-30 10:29:27,DELIVERED,EAST
2550,254,2024-02-15 00:00:00,PLACED,WEST
2551,541,2025-10-20 11:32:20,PLACED,SOUTH
2552,518,2025-08-21 03:43:31,PLACED,NORTH
2553,207,2024-06-12 03:58:21,DELIVERED,CENTRAL
2554,51,2024-05-04 00:00:00,PLACED,EAST
2555,,2025-04-07 15:18:41,RETURNED,WEST
2556,509,2024-06-02 15:18:45,DELIVERED,WEST
2557,47,2024-06-12 01:16:39,CANCELLED,WEST
2558,364,2024-03-20 02:45:12,DELIVERED,EAST
2559,478,2026-03-24 19:47:32,DELIVERED,EAST
2560,79,2024-11-16 01:28:04,RETURNED,EAST
2561,123,2024-02-05 03:50:59,DELIVERED,SOUTH
2562,455,2026-03-22 19:25:37,DELIVERED,WEST
2563,58,2024-12-18 03:53:57,DELIVERED,WEST
2564,,2026-03-06 08:12:39,PLACED,CENTRAL
2565,133,2024-11-11 01:01:45,DELIVERED,CENTRAL
2566,493,2026-01-31 19:48:36,DELIVERED,CENTRAL
2567,233,2024-03-03 15:10:41,DELIVERED,WEST
2568,8,2024-10-09 00:00:00,DELIVERED,CENTRAL
2569,563,2025-07-23 02:00:39,DELIVERED,WEST
2570,16,2024-09-20 15:29:14,DELIVERED,EAST
2571,219,2025-09-06 00:24:42,RETURNED,SOUTH
2572,600,2024-02-29 02:39:37,DELIVERED,WEST
2573,565,2025-07-01 10:51:20,CANCELLED,EAST
2574,399,2025-11-18 00:00:00,DELIVERED,EAST
2575,122,2025-01-17 00:06:28,DELIVERED,EAST
2576,146,2024-05-18 22:39:54,DELIVERED,NORTH
2577,149,2025-08-26 08:25:20,PLACED,WEST
2578,373,2024-03-13 02:41:15,RETURNED,CENTRAL
2579,161,2025-03-14 04:18:20,CANCELLED,NORTH
2580,592,2024-07-31 17:59:54,SHIPPED,EAST
2581,11,2025-04-13 06:02:30,RETURNED,WEST
2582,16,2025-05-06 11:58:45,CANCELLED,NORTH
2583,73,2025-08-08 17:42:12,DELIVERED,EAST
2584,398,2025-03-27 17:52:16,DELIVERED,SOUTH
2585,338,2024-12-27 10:39:40,DELIVERED,NORTH
2586,122,2025-03-04 23:08:38,RETURNED,WEST
2587,503,2026-02-24 08:48:17,CANCELLED,CENTRAL
2588,126,2025-05-12 04:36:03,DELIVERED,CENTRAL
2589,114,2024-07-31 12:51:37,DELIVERED,NORTH
2590,338,2024-06-01 23:37:16,PLACED,CENTRAL
2591,519,2024-06-01 22:56:36,DELIVERED,EAST
2592,47,2026-07-18 19:51:24,DELIVERED,SOUTH
2593,,2025-04-04 06:06:05,DELIVERED,WEST
2594,379,2025-03-11 06:00:06,DELIVERED,WEST
2595,,2024-04-10 10:37:10,DELIVERED,NORTH
2596,513,2025-12-21 13:24:18,PLACED,WEST
2597,493,2026-04-05 17:56:32,RETURNED,SOUTH
2598,222,2024-05-31 18:37:04,DELIVERED,EAST
2599,191,2025-11-18 02:09:27,SHIPPED,NORTH
2600,333,2025-12-14 00:00:00,DELIVERED,WEST
2601,341,2025-02-07 05:06:15,DELIVERED,WEST
2602,152,2025-12-01 09:35:12,SHIPPED,CENTRAL
2603,460,2025-10-09 00:00:00,DELIVERED,SOUTH
2604,387,2024-11-17 08:50:15,PLACED,NORTH
2605,347,2024-11-19 11:58:00,DELIVERED,WEST
2606,367,2026-07-26 21:08:07,PLACED,CENTRAL
2607,487,2024-03-21 23:06:29,DELIVERED,NORTH
2608,536,2025-09-03 02:25:50,DELIVERED,SOUTH
2609,380,2024-12-31 13:15:18,SHIPPED,EAST
2610,149,2026-01-06 17:53:40,SHIPPED,WEST
2611,336,2026-07-15 03:14:44,CANCELLED,WEST
2612,322,2024-10-25 00:45:46,DELIVERED,EAST
2613,486,2026-02-16 00:29:43,DELIVERED,WEST
2614,261,2024-09-03 15:56:31,DELIVERED,NORTH
2615,248,2026-03-29 14:49:07,SHIPPED,SOUTH
2616,134,2025-12-08 00:00:00,DELIVERED,SOUTH
2617,151,2026-01-18 23:40:51,PLACED,NORTH
2618,502,2025-10-23 15:41:09,DELIVERED,WEST
2619,302,2024-09-01 20:17:56,DELIVERED,CENTRAL
2620,566,2025-09-19 00:00:00,DELIVERED,SOUTH
2621,107,2025-10-21 22:51:22,RETURNED,NORTH
2622,184,2024-10-17 18:35:35,PLACED,SOUTH
2623,583,2026-05-03 18:18:50,PLACED,EAST
2624,508,2024-04-30 00:00:00,PLACED,CENTRAL
2625,476,2024-01-31 00:33:19,RETURNED,NORTH
2626,41,2025-06-15 22:50:27,DELIVERED,NORTH
2627,190,2025-10-03 23:46:42,CANCELLED,SOUTH
2628,592,2024-12-13 18:43:49,CANCELLED,WEST
2629,455,2025-11-04 00:00:00,RETURNED,CENTRAL
2630,577,2024-02-20 12:06:34,DELIVERED,EAST
2631,359,2026-05-04 11:02:26,DELIVERED,CENTRAL
2632,131,2025-12-18 17:15:16,DELIVERED,WEST
2633,164,2026-06-08 11:46:27,PLACED,WEST
2634,306,2026-05-24 22:04:27,CANCELLED,NORTH
2635,430,2025-12-04 00:45:10,DELIVERED,EAST
2636,171,2026-05-09 00:01:14,DELIVERED,EAST
2637,272,2026-06-29 21:59:05,DELIVERED,WEST
2638,560,2025-11-06 12:20:52,DELIVERED,NORTH
2639,373,2025-10-03 05:40:33,CANCELLED,NORTH
2640,106,2026-05-27 18:23:41,RETURNED,SOUTH
2641,80,2025-07-30 22:55:52,DELIVERED,EAST
2642,34,2025-03-10 04:14:52,SHIPPED,CENTRAL
2643,178,2024-08-31 16:48:55,DELIVERED,SOUTH
2644,172,2025-01-15 02:16:34,DELIVERED,NORTH
2645,340,2025-06-18 11:12:19,CANCELLED,NORTH
2646,232,2025-06-08 12:18:14,SHIPPED,NORTH
2647,517,2026-05-11 04:56:00,CANCELLED,EAST
2648,199,2025-01-16 12:45:10,SHIPPED,SOUTH
2649,168,2026-07-08 18:55:12,DELIVERED,NORTH
2650,,2026-05-26 15:46:16,DELIVERED,CENTRAL
2651,130,2025-02-22 14:24:45,DELIVERED,NORTH
2652,455,2025-06-01 19:48:25,DELIVERED,WEST
2653,138,2024-03-28 16:18:14,PLACED,SOUTH
2654,78,2026-01-17 09:31:57,DELIVERED,CENTRAL
2655,16,2025-08-19 09:58:37,SHIPPED,EAST
2656,459,2025-06-15 02:52:29,DELIVERED,NORTH
2657,458,2024-04-28 01:59:22,DELIVERED,NORTH
2658,411,2024-07-18 00:14:36,RETURNED,EAST
2659,521,2025-09-11 06:26:39,SHIPPED,NORTH
2660,27,2025-10-23 00:00:00,PLACED,SOUTH
2661,163,2026-04-08 01:23:56,RETURNED,EAST
2662,196,2024-09-15 04:57:25,DELIVERED,NORTH
2663,340,2025-07-04 21:24:20,PLACED,NORTH
2664,143,2024-06-04 21:58:19,DELIVERED,NORTH
2665,51,2026-03-14 18:59:30,CANCELLED,WEST
2666,144,2025-02-09 08:06:47,DELIVERED,SOUTH
2667,135,2024-08-26 04:23:09,RETURNED,CENTRAL
2668,261,2025-05-14 04:16:38,DELIVERED,CENTRAL
2669,8,2025-04-14 22:25:54,DELIVERED,WEST
2670,392,2026-06-11 13:56:11,SHIPPED,SOUTH
2671,572,2025-10-29 23:30:05,DELIVERED,EAST
2672,170,2025-06-12 15:03:14,DELIVERED,CENTRAL
2673,282,2024-03-30 01:25:09,CANCELLED,EAST
2674,368,2026-03-30 02:51:34,DELIVERED,CENTRAL
2675,448,2026-01-12 00:00:00,PLACED,SOUTH
2676,408,2026-01-19 03:46:13,PLACED,CENTRAL
2677,222,2025-05-10 08:47:15,DELIVERED,NORTH
2678,569,2024-09-04 00:00:00,SHIPPED,EAST
2679,188,2025-07-01 20:26:38,DELIVERED,WEST
2680,308,2025-11-25 17:38:58,SHIPPED,WEST
2681,185,2024-01-20 17:57:06,PLACED,SOUTH
2682,281,2024-05-15 10:39:38,SHIPPED,CENTRAL
2683,,2024-01-21 21:15:21,DELIVERED,WEST
2684,455,2024-03-02 00:00:00,PLACED,WEST
2685,351,2024-03-22 17:38:41,RETURNED,EAST
2686,489,2025-03-18 19:04:25,DELIVERED,NORTH
2687,52,2024-05-11 02:44:30,DELIVERED,SOUTH
2688,182,2024-07-27 21:21:34,SHIPPED,WEST
2689,228,2025-08-16 21:58:42,CANCELLED,NORTH
2690,,2026-04-01 13:56:56,PLACED,WEST
2691,288,2025-09-13 17:46:41,PLACED,WEST
2692,447,2024-07-20 15:15:40,DELIVERED,SOUTH
2693,363,2024-01-17 00:52:59,PLACED,EAST
2694,278,2025-10-20 03:09:42,PLACED,WEST
2695,114,2024-11-15 08:48:05,RETURNED,SOUTH
2696,266,2025-03-15 19:15:56,DELIVERED,WEST
2697,102,2025-08-27 10:18:16,DELIVERED,EAST
2698,471,2024-10-04 13:33:56,DELIVERED,WEST
2699,431,2024-02-19 03:51:04,DELIVERED,SOUTH
2700,185,2024-03-10 21:49:46,CANCELLED,WEST
2701,349,2024-06-04 00:00:00,DELIVERED,WEST
2702,507,2026-05-27 03:00:15,SHIPPED,EAST
2703,,2024-09-19 01:35:42,SHIPPED,SOUTH
2704,274,2024-04-30 19:27:13,DELIVERED,SOUTH
2705,344,2024-11-01 01:13:38,DELIVERED,WEST
2706,12,2024-09-14 02:34:40,DELIVERED,EAST
2707,231,2025-08-10 23:30:53,CANCELLED,SOUTH
2708,288,2025-12-27 09:46:56,SHIPPED,CENTRAL
2709,65,2024-01-19 18:40:15,RETURNED,NORTH
2710,346,2025-05-01 03:42:26,DELIVERED,EAST
2711,286,2024-12-30 05:08:49,DELIVERED,CENTRAL
2712,34,2026-06-22 09:47:40,DELIVERED,WEST
2713,438,2024-03-18 12:48:54,DELIVERED,WEST
2714,467,2026-02-23 18:48:16,RETURNED,CENTRAL
2715,53,2025-09-07 10:38:04,DELIVERED,NORTH
2716,360,2025-10-07 16:05:59,SHIPPED,WEST
2717,398,2024-12-29 06:11:20,DELIVERED,NORTH
2718,90,2026-03-17 23:08:29,DELIVERED,CENTRAL
2719,62,2024-08-19 16:48:58,DELIVERED,SOUTH
2720,530,2025-04-23 13:30:42,DELIVERED,WEST
2721,395,2024-02-01 17:49:47,SHIPPED,SOUTH
2722,439,2024-02-21 16:15:13,DELIVERED,NORTH
2723,274,2025-10-21 21:54:26,DELIVERED,SOUTH
2724,451,2024-11-23 18:17:24,PLACED,WEST
2725,124,2026-05-01 06:41:01,RETURNED,SOUTH
2726,487,2026-06-11 15:59:07,DELIVERED,NORTH
2727,463,2026-02-28 06:47:27,DELIVERED,WEST
2728,338,2026-07-17 15:24:08,CANCELLED,NORTH
2729,587,2025-10-06 05:30:39,SHIPPED,SOUTH
2730,516,2026-01-18 02:31:26,RETURNED,NORTH
2731,331,2024-02-04 00:45:47,CANCELLED,EAST
2732,121,2025-12-08 10:57:46,PLACED,CENTRAL
2733,80,2026-04-26 00:00:00,CANCELLED,WEST
2734,192,2024-04-05 01:24:44,DELIVERED,WEST
2735,16,2026-01-07 05:07:26,SHIPPED,CENTRAL
2736,522,2024-05-04 10:03:01,DELIVERED,CENTRAL
2737,503,2024-07-05 09:51:03,DELIVERED,WEST
2738,209,2024-12-28 13:03:09,DELIVERED,WEST
2739,547,2025-10-18 22:25:52,CANCELLED,EAST
2740,299,2024-09-02 00:47:23,PLACED,CENTRAL
2741,241,2024-05-15 07:15:00,DELIVERED,SOUTH
2742,20,2024-06-24 11:15:26,SHIPPED,CENTRAL
2743,28,2025-08-13 21:38:41,DELIVERED,NORTH
2744,450,2024-10-21 22:09:19,PLACED,EAST
2745,279,2024-12-26 09:35:47,DELIVERED,CENTRAL
2746,252,2024-03-25 08:34:51,DELIVERED,NORTH
2747,425,2026-01-02 09:53:54,DELIVERED,NORTH
2748,278,2024-12-10 13:04:46,DELIVERED,EAST
2749,54,2024-06-08 22:29:00,DELIVERED,EAST
2750,146,2026-03-04 19:32:36,PLACED,NORTH
2751,48,2024-06-26 18:32:40,DELIVERED,CENTRAL
2752,306,2024-03-07 01:40:52,DELIVERED,NORTH
2753,553,2024-02-18 20:22:19,DELIVERED,NORTH
2754,542,2024-09-14 06:10:46,DELIVERED,WEST
2755,304,2025-04-09 17:01:22,CANCELLED,EAST
2756,,2024-01-30 21:20:23,DELIVERED,CENTRAL
2757,348,2026-05-27 14:44:49,SHIPPED,WEST
2758,430,2026-04-18 14:34:42,PLACED,CENTRAL
2759,395,2024-06-20 03:45:33,SHIPPED,WEST
2760,571,2024-02-21 09:49:09,DELIVERED,NORTH
2761,59,2024-09-29 05:03:27,RETURNED,WEST
2762,271,2025-03-11 21:56:15,SHIPPED,EAST
2763,189,2025-01-28 03:34:19,DELIVERED,CENTRAL
2764,7,2024-05-06 04:12:45,SHIPPED,EAST
2765,147,2025-04-08 07:48:42,SHIPPED,EAST
2766,600,2024-05-19 20:22:00,RETURNED,SOUTH
2767,255,2024-01-14 21:51:51,SHIPPED,EAST
2768,61,2025-01-23 00:00:00,DELIVERED,WEST
2769,301,2025-01-11 08:58:00,DELIVERED,SOUTH
2770,316,2024-03-06 06:56:28,DELIVERED,SOUTH
2771,514,2024-05-02 23:16:06,DELIVERED,WEST
2772,286,2024-01-26 06:31:38,RETURNED,WEST
2773,523,2026-04-29 09:35:53,PLACED,EAST
2774,511,2025-01-21 10:48:21,DELIVERED,EAST
2775,156,2024-11-02 22:31:18,RETURNED,SOUTH
2776,475,2026-07-27 18:38:44,DELIVERED,CENTRAL
2777,133,2025-08-02 04:13:46,DELIVERED,CENTRAL
2778,179,2024-07-28 13:00:20,DELIVERED,EAST
2779,189,2024-09-14 12:56:01,RETURNED,CENTRAL
2780,,2025-10-09 17:07:48,DELIVERED,WEST
2781,418,2024-10-01 20:04:56,SHIPPED,EAST
2782,159,2026-07-02 09:46:13,RETURNED,CENTRAL
2783,254,2024-11-30 12:19:01,DELIVERED,CENTRAL
2784,410,2026-05-13 16:21:29,DELIVERED,WEST
2785,445,2024-01-20 04:42:49,DELIVERED,SOUTH
2786,536,2025-01-25 15:25:55,CANCELLED,SOUTH
2787,541,2024-10-21 12:46:39,RETURNED,CENTRAL
2788,413,2024-01-16 06:59:36,PLACED,NORTH
2789,,2025-12-25 13:02:18,RETURNED,SOUTH
2790,69,2025-04-18 17:43:13,DELIVERED,SOUTH
2791,578,2024-04-19 00:00:00,SHIPPED,NORTH
2792,589,2026-02-09 01:15:52,DELIVERED,CENTRAL
2793,,2026-04-19 02:06:34,DELIVERED,EAST
2794,164,2024-07-29 09:16:58,SHIPPED,NORTH
2795,155,2024-03-27 09:20:09,DELIVERED,SOUTH
2796,584,2026-01-22 14:41:45,RETURNED,WEST
2797,268,2026-05-17 21:49:12,RETURNED,WEST
2798,559,2024-02-22 17:56:33,DELIVERED,EAST
2799,5,2024-05-12 07:33:23,DELIVERED,EAST
2800,460,2025-09-26 13:39:18,DELIVERED,CENTRAL
2801,492,2024-08-25 13:50:14,DELIVERED,EAST
2802,,2025-01-20 02:42:37,DELIVERED,EAST
2803,168,2025-05-08 23:26:22,SHIPPED,NORTH
2804,324,2025-09-20 16:27:57,PLACED,NORTH
2805,174,2024-04-23 00:00:00,DELIVERED,EAST
2806,590,2024-10-05 14:13:44,RETURNED,SOUTH
2807,598,2026-07-17 08:53:49,DELIVERED,CENTRAL
2808,216,2025-12-14 23:56:40,PLACED,EAST
2809,318,2025-03-03 07:02:32,CANCELLED,EAST
2810,,2025-02-24 21:08:13,DELIVERED,NORTH
2811,426,2024-07-18 21:11:41,DELIVERED,EAST
2812,6,2025-12-31 19:07:35,DELIVERED,NORTH
2813,483,2024-02-22 23:56:15,RETURNED,CENTRAL
2814,92,2026-01-20 19:31:21,DELIVERED,SOUTH
2815,81,2025-02-20 07:11:16,DELIVERED,SOUTH
2816,,2024-04-23 23:36:06,DELIVERED,EAST
2817,558,2024-05-02 19:20:10,DELIVERED,NORTH
2818,267,2025-02-25 08:52:38,DELIVERED,CENTRAL
2819,120,2025-09-10 20:22:21,PLACED,WEST
2820,,2025-03-18 19:40:29,PLACED,SOUTH
2821,319,2025-05-10 10:41:31,CANCELLED,NORTH
2822,255,2026-07-27 14:28:08,RETURNED,CENTRAL
2823,553,2024-02-07 11:46:02,DELIVERED,CENTRAL
2824,41,2025-01-05 13:41:30,DELIVERED,CENTRAL
2825,286,2024-02-02 16:29:36,DELIVERED,CENTRAL
2826,330,2024-09-01 14:04:51,DELIVERED,EAST
2827,290,2025-11-10 08:49:13,DELIVERED,SOUTH
2828,351,2025-10-10 14:24:39,PLACED,NORTH
2829,480,2025-04-11 00:06:15,SHIPPED,NORTH
2830,55,2025-11-02 02:13:20,DELIVERED,CENTRAL
2831,495,2024-03-07 02:45:22,DELIVERED,NORTH
2832,95,2026-04-20 04:24:04,CANCELLED,EAST
2833,205,2024-08-13 15:39:51,CANCELLED,WEST
2834,283,2026-05-09 21:38:49,DELIVERED,NORTH
2835,247,2024-10-16 16:07:56,DELIVERED,NORTH
2836,303,2025-12-07 12:59:13,DELIVERED,SOUTH
2837,482,2024-01-11 21:22:03,DELIVERED,EAST
2838,492,2024-03-29 02:07:16,CANCELLED,SOUTH
2839,82,2025-11-20 09:48:13,DELIVERED,EAST
2840,587,2025-06-10 13:17:17,DELIVERED,CENTRAL
2841,498,2025-08-24 22:31:21,RETURNED,SOUTH
2842,335,2026-06-14 02:57:53,DELIVERED,NORTH
2843,142,2025-08-20 02:15:06,PLACED,CENTRAL
2844,498,2026-05-12 23:26:10,RETURNED,NORTH
2845,411,2024-03-16 05:10:46,DELIVERED,NORTH
2846,,2025-09-06 20:51:24,SHIPPED,NORTH
2847,544,2024-05-16 06:48:44,DELIVERED,WEST
2848,,2026-04-26 15:46:06,DELIVERED,NORTH
2849,122,2024-09-13 04:14:45,PLACED,SOUTH
2850,139,2024-02-06 04:53:28,DELIVERED,EAST
2851,472,2025-07-30 08:54:19,DELIVERED,CENTRAL
2852,589,2024-10-16 00:00:00,RETURNED,NORTH
2853,441,2024-03-07 19:04:43,PLACED,WEST
2854,505,2025-04-03 16:40:41,DELIVERED,EAST
2855,141,2024-03-09 02:39:02,DELIVERED,CENTRAL
2856,293,2025-05-26 16:05:22,SHIPPED,NORTH
2857,,2026-05-21 13:49:32,PLACED,CENTRAL
2858,359,2026-04-02 09:11:01,SHIPPED,EAST
2859,416,2024-08-31 17:39:56,CANCELLED,CENTRAL
2860,127,2026-02-05 08:25:52,DELIVERED,NORTH
2861,13,2024-12-30 15:30:29,RETURNED,WEST
2862,143,2025-04-25 22:36:35,DELIVERED,NORTH
2863,158,2025-10-16 00:00:00,RETURNED,WEST
2864,65,2025-07-22 00:00:00,DELIVERED,NORTH
2865,5,2024-04-15 09:41:20,DELIVERED,NORTH
2866,324,2025-10-19 11:46:56,PLACED,CENTRAL
2867,133,2024-10-05 10:39:13,SHIPPED,NORTH
2868,315,2025-11-18 03:32:32,DELIVERED,NORTH
2869,375,2024-11-28 02:49:26,PLACED,EAST
2870,479,2026-06-25 11:22:31,PLACED,WEST
2871,82,2026-03-26 02:42:45,DELIVERED,CENTRAL
2872,308,2025-09-20 13:10:04,DELIVERED,WEST
2873,568,2024-12-31 03:21:13,SHIPPED,EAST
2874,573,2025-12-15 14:16:09,DELIVERED,NORTH
2875,191,2025-01-12 07:29:52,RETURNED,WEST
2876,91,2026-04-22 01:29:40,SHIPPED,NORTH
2877,191,2024-09-11 16:12:57,PLACED,EAST
2878,195,2024-08-11 03:54:03,DELIVERED,CENTRAL
2879,137,2024-11-22 17:47:38,DELIVERED,WEST
2880,,2026-05-20 23:19:49,RETURNED,EAST
2881,405,2025-12-15 21:06:06,DELIVERED,CENTRAL
2882,450,2026-01-05 09:32:51,RETURNED,CENTRAL
2883,548,2025-06-09 07:03:42,DELIVERED,NORTH
2884,23,2026-06-12 00:00:00,PLACED,NORTH
2885,234,2024-09-29 03:27:05,DELIVERED,EAST
2886,507,2024-04-19 16:14:15,DELIVERED,CENTRAL
2887,495,2025-05-29 19:27:57,CANCELLED,NORTH
2888,351,2024-07-16 00:51:11,CANCELLED,NORTH
2889,447,2026-06-01 00:00:00,DELIVERED,CENTRAL
2890,227,2024-07-12 02:52:39,PLACED,WEST
2891,219,2024-08-28 08:35:00,SHIPPED,WEST
2892,155,2024-07-18 06:39:42,DELIVERED,WEST
2893,78,2025-10-05 09:16:56,CANCELLED,CENTRAL
2894,,2025-09-10 22:23:20,DELIVERED,EAST
2895,,2025-11-19 02:22:01,PLACED,CENTRAL
2896,36,2025-06-04 11:52:14,DELIVERED,SOUTH
2897,139,2025-03-22 20:53:21,PLACED,NORTH
2898,305,2024-03-24 08:03:30,PLACED,WEST
2899,445,2026-01-05 03:46:17,DELIVERED,EAST
2900,431,2024-08-01 22:34:39,DELIVERED,NORTH
2901,164,2024-01-22 10:15:18,CANCELLED,SOUTH
2902,521,2025-07-08 07:35:35,DELIVERED,WEST
2903,422,2024-04-20 06:05:38,SHIPPED,WEST
2904,214,2024-06-11 07:33:53,DELIVERED,SOUTH
2905,585,2026-01-22 11:56:12,DELIVERED,CENTRAL
2906,80,2025-02-04 07:17:05,DELIVERED,CENTRAL
2907,323,2025-05-02 03:12:37,PLACED,EAST
2908,213,2024-08-10 00:32:06,CANCELLED,WEST
2909,228,2026-07-06 06:36:02,SHIPPED,WEST
2910,562,2026-06-28 21:22:01,DELIVERED,CENTRAL
2911,107,2025-05-26 22:18:07,DELIVERED,CENTRAL
2912,17,2024-01-07 08:15:14,DELIVERED,SOUTH
2913,168,2024-08-01 13:16:40,RETURNED,CENTRAL
2914,312,2026-02-12 03:53:18,DELIVERED,SOUTH
2915,517,2026-02-02 19:43:29,PLACED,CENTRAL
2916,132,2024-11-14 12:03:19,DELIVERED,CENTRAL
2917,560,2025-03-26 00:00:00,PLACED,CENTRAL
2918,205,2025-01-31 18:40:00,DELIVERED,EAST
2919,589,2026-07-20 05:25:43,DELIVERED,EAST
2920,333,2026-03-11 12:17:40,DELIVERED,WEST
2921,397,2024-10-26 12:01:15,CANCELLED,CENTRAL
2922,,2025-11-21 22:22:39,SHIPPED,WEST
2923,557,2024-04-02 04:52:35,DELIVERED,SOUTH
2924,136,2024-01-12 12:13:41,PLACED,EAST
2925,461,2026-02-25 22:12:08,DELIVERED,EAST
2926,536,2025-09-11 04:46:52,DELIVERED,EAST
2927,177,2025-01-30 00:00:00,DELIVERED,EAST
2928,537,2025-11-24 11:24:07,DELIVERED,WEST
2929,299,2024-03-30 07:22:35,DELIVERED,WEST
2930,110,2024-08-27 02:02:27,SHIPPED,EAST
2931,525,2026-07-03 00:00:00,DELIVERED,EAST
2932,207,2024-11-09 03:51:15,DELIVERED,CENTRAL
2933,,2024-12-28 13:04:54,CANCELLED,WEST
2934,464,2024-01-31 21:10:28,RETURNED,WEST
2935,306,2025-02-19 23:36:19,SHIPPED,SOUTH
2936,178,2024-03-11 06:00:15,DELIVERED,EAST
2937,548,2024-12-12 22:40:31,PLACED,CENTRAL
2938,71,2024-11-26 00:00:00,SHIPPED,CENTRAL
2939,68,2026-01-08 20:47:10,DELIVERED,CENTRAL
2940,280,2025-06-06 22:40:32,RETURNED,CENTRAL
2941,399,2025-02-23 21:34:53,DELIVERED,EAST
2942,,2024-11-13 21:40:47,DELIVERED,WEST
2943,522,2024-01-22 23:57:00,DELIVERED,WEST
2944,587,2025-01-25 05:57:56,DELIVERED,EAST
2945,562,2024-03-11 00:00:00,PLACED,WEST
2946,257,2025-02-23 20:12:14,PLACED,NORTH
2947,363,2026-04-04 00:28:00,DELIVERED,SOUTH
2948,18,2025-12-29 00:18:30,SHIPPED,EAST
2949,578,2025-11-14 13:04:43,DELIVERED,WEST
2950,372,2025-07-21 11:21:28,RETURNED,NORTH
2951,436,2025-02-19 05:50:42,RETURNED,CENTRAL
2952,513,2026-03-21 20:54:29,DELIVERED,SOUTH
2953,533,2025-09-07 20:02:53,DELIVERED,EAST
2954,251,2024-12-07 00:00:00,SHIPPED,WEST
2955,562,2025-08-08 06:01:46,DELIVERED,EAST
2956,493,2025-03-30 10:30:56,RETURNED,SOUTH
2957,198,2024-01-04 20:45:12,DELIVERED,SOUTH
2958,89,2025-07-31 03:39:35,PLACED,CENTRAL
2959,93,2025-12-29 03:51:28,DELIVERED,SOUTH
2960,391,2025-07-16 01:23:48,CANCELLED,CENTRAL
2961,24,2025-10-15 01:57:49,RETURNED,SOUTH
2962,226,2026-01-05 22:56:53,PLACED,CENTRAL
2963,156,2024-09-23 00:00:00,SHIPPED,CENTRAL
2964,439,2025-05-06 10:41:46,CANCELLED,CENTRAL
2965,566,2025-03-11 20:19:55,CANCELLED,WEST
2966,73,2025-11-22 13:08:29,DELIVERED,EAST
2967,80,2026-04-26 01:52:37,DELIVERED,NORTH
2968,474,2026-03-09 00:00:00,PLACED,CENTRAL
2969,60,2026-05-16 13:16:25,DELIVERED,EAST
2970,400,2024-09-17 10:22:49,DELIVERED,CENTRAL
2971,525,2025-11-19 00:00:00,DELIVERED,CENTRAL
2972,18,2026-01-14 01:55:00,DELIVERED,SOUTH
2973,112,2024-10-07 00:00:00,PLACED,CENTRAL
2974,91,2026-04-30 00:25:29,CANCELLED,CENTRAL
2975,553,2026-03-23 10:39:26,DELIVERED,NORTH
2976,28,2026-01-28 18:53:50,PLACED,WEST
2977,38,2024-07-02 23:04:51,PLACED,CENTRAL
2978,151,2026-07-04 17:23:46,DELIVERED,WEST
2979,230,2025-03-03 01:03:01,RETURNED,CENTRAL
2980,312,2025-12-06 10:52:24,RETURNED,SOUTH
2981,,2026-02-01 11:27:40,DELIVERED,CENTRAL
2982,231,2024-10-23 00:00:00,DELIVERED,WEST
2983,242,2024-06-06 18:28:48,DELIVERED,SOUTH
2984,44,2025-05-09 10:46:34,DELIVERED,NORTH
2985,538,2026-01-13 05:34:43,DELIVERED,SOUTH
2986,287,2025-02-13 04:32:39,PLACED,EAST
2987,108,2024-04-28 14:31:51,DELIVERED,EAST
2988,105,2024-08-24 17:18:05,RETURNED,EAST
2989,549,2025-11-20 16:23:09,PLACED,WEST
2990,77,2024-02-28 05:09:00,DELIVERED,WEST
2991,458,2026-04-15 07:54:35,PLACED,SOUTH
2992,274,2025-07-08 19:54:30,DELIVERED,EAST
2993,589,2025-03-31 20:24:08,PLACED,SOUTH
2994,438,2025-04-08 04:19:38,CANCELLED,NORTH
2995,327,2026-01-15 06:58:00,SHIPPED,WEST
2996,122,2025-07-05 13:51:57,DELIVERED,WEST
2997,165,2026-07-23 06:33:40,RETURNED,SOUTH
2998,522,2025-09-03 06:50:52,RETURNED,SOUTH
2999,91,2025-05-29 20:29:02,DELIVERED,EAST
3000,233,2024-12-18 01:43:11,SHIPPED,NORTH
