item_id,order_id,product_id,quantity,unit_price,discount_percent
1,1,71,5,13042.53,19.5
2,1,356,2,9066.74,39.7
3,1,261,3,11724.41,36.4
4,2,366,4,8105.27,46.6
5,2,291,1,12798.37,22.1
6,2,85,2,26937.04,3.8
7,3,415,1,19401.36,47.1
8,4,234,3,25149.54,33.4
9,5,60,3,872.33,49.8
10,5,262,2,16126.83,14.4
11,5,209,2,29135.69,38.5
12,5,499,-1,12800.1,42.6
13,6,31,2,12526.92,22.6
14,6,394,4,29699.44,20.7
15,6,192,1,4272.54,15.7
16,7,247,2,4095.82,34.9
17,7,285,5,17692.65,2.0
18,7,179,2,21783.42,48.6
19,7,33,4,14697.84,30.9
20,8,97,4,18466.62,16.4
21,9,283,1,18541.76,10.6
22,9,414,3,1973.75,15.2
23,9,124,3,13085.0,15.4
24,10,54,2,11450.34,3.3
25,10,113,3,22078.42,32.1
26,10,393,3,10744.85,37.9
27,10,253,4,20590.74,18.8
28,11,95,-3,9768.95,48.6
29,11,306,3,10363.92,36.4
30,11,47,3,23406.68,46.3
31,12,409,5,6937.95,0.0
32,12,493,2,28705.39,3.3
33,12,145,3,11401.32,36.9
34,13,383,3,17449.76,9.9
35,14,96,5,13793.85,25.9
36,14,118,3,6488.32,6.7
37,14,267,3,517.52,16.1
38,15,452,4,2933.28,9.7
39,15,508,3,15111.25,3.0
40,16,250,3,2853.77,3.2
41,16,88,4,16092.33,8.5
42,16,320,1,14627.97,27.4
43,16,212,1,1455.59,33.6
44,17,434,4,25184.59,20.3
45,17,309,1,4369.36,21.4
46,17,132,2,7407.29,40.4
47,18,382,2,21231.19,9.8
48,19,35,5,13008.94,16.8
49,19,55,3,27307.61,0.9
50,19,190,2,5129.17,37.0
51,19,200,2,916.52,20.4
52,20,106,3,9660.78,29.4
53,21,20,4,12790.01,12.5
54,21,98,5,4305.42,6.8
55,22,285,3,7040.0,48.9
56,22,39,2,1511.03,18.9
57,23,98,5,22749.5,42.5
58,24,213,3,6351.37,28.8
59,25,234,5,11427.09,48.6
60,25,179,2,7373.38,29.9
61,26,422,3,5651.55,20.0
62,26,291,3,18321.42,21.4
63,26,342,-2,17551.13,21.5
64,27,275,5,28527.59,12.4
65,27,179,4,18790.56,43.3
66,28,284,4,24928.29,17.8
67,28,370,1,10104.79,8.9
68,29,414,4,28817.19,18.5
69,29,380,5,1911.3,45.8
70,29,341,1,8071.37,39.1
71,29,68,2,12189.16,29.1
72,30,164,3,27721.74,19.7
73,30,296,2,10208.11,28.1
74,30,453,4,3905.73,31.7
75,31,256,4,14866.24,29.6
76,31,158,3,14297.15,7.8
77,31,297,4,28531.97,37.2
78,32,332,3,12383.65,16.4
79,32,278,2,20095.8,1.3
80,33,403,2,8951.45,23.5
81,34,80,2,20246.94,25.0
82,34,426,5,19707.78,34.7
83,35,30,4,24211.45,23.7
84,36,61,3,16135.53,21.2
85,36,483,5,27124.7,1.0
86,36,171,4,21984.27,28.7
87,36,5,1,29373.47,19.9
88,37,305,3,19309.08,41.9
89,37,453,2,11719.15,35.1
90,38,416,4,4246.97,46.5
91,38,211,5,18955.21,15.0
92,38,196,5,7941.71,42.3
93,39,113,4,21105.22,19.2
94,40,472,1,12409.65,44.5
95,40,91,3,6698.14,5.5
96,40,420,4,3312.34,17.5
97,41,117,2,17073.83,13.6
98,42,84,2,8238.04,13.6
99,43,430,1,8515.26,41.3
100,43,494,3,2749.47,3.1
101,43,211,4,14859.35,10.8
102,43,281,3,27270.42,4.6
103,44,11,3,19719.1,46.1
104,44,290,1,4600.61,28.1
105,44,86,4,27782.31,20.2
106,44,26,1,22464.89,3.6
107,45,253,1,28647.72,38.5
108,46,514,2,29892.75,10.5
109,46,338,4,1935.36,23.9
110,46,310,1,14621.34,47.0
111,47,211,4,1856.94,16.2
112,48,102,2,23502.46,4.9
113,48,89,1,29891.13,15.2
114,48,508,1,4931.0,46.6
115,48,119,1,8750.91,6.0
116,49,307,1,23200.95,30.4
117,49,325,4,25489.08,18.4
118,49,140,4,5706.92,3.6
119,49,497,1,1221.53,31.9
120,50,114,3,5162.65,32.1
121,50,389,3,26321.66,3.8
122,50,126,3,6612.07,2.6
123,51,190,3,10180.34,49.9
124,51,398,4,22213.85,44.7
125,51,69,-3,10962.2,24.3
126,51,417,4,17554.11,29.9
127,52,534,5,8541.56,28.5
128,52,539,2,29436.73,1.5
129,52,368,3,13037.31,17.4
130,53,214,2,25566.96,9.2
131,53,375,1,13724.97,19.5
132,53,373,3,12212.3,1.3
133,53,517,1,14344.69,33.2
134,54,302,3,3425.82,11.1
135,55,522,5,13407.88,40.4
136,55,432,1,29055.6,49.0
137,55,185,5,18025.2,33.6
138,55,267,1,14627.26,26.8
139,56,484,2,15094.92,5.6
140,57,166,2,5511.34,27.8
141,57,144,5,8403.77,16.3
142,57,235,2,10801.68,30.3
143,58,33,5,8112.5,30.3
144,58,2,3,26708.21,5.1
145,58,280,2,10476.18,1.5
146,59,199,2,23007.69,26.5
147,59,327,1,23767.22,21.8
148,59,454,3,28699.43,27.8
149,60,476,1,3916.01,27.0
150,61,25,1,18699.58,45.5
151,62,249,2,23620.64,25.5
152,62,309,3,8708.55,27.8
153,62,80,3,22009.64,31.4
154,63,180,5,20256.63,46.3
155,64,24,3,14981.88,45.6
156,64,395,1,20243.29,11.4
157,65,150,5,21789.02,35.9
158,66,246,3,16621.23,47.9
159,66,413,3,17811.46,15.3
160,66,15,5,22810.86,9.3
161,67,430,4,17036.52,2.4
162,68,368,5,12931.61,18.9
163,68,157,4,10013.63,23.0
164,68,533,3,11200.51,44.7
165,69,409,4,12489.8,46.3
166,70,71,1,15409.65,9.7
167,70,307,5,18452.04,32.0
168,70,60,3,8153.66,23.0
169,70,144,2,9760.95,43.8
170,71,545,2,7287.61,7.0
171,72,179,1,8289.81,22.7
172,72,218,1,21632.37,17.1
173,72,309,4,18050.54,16.4
174,73,323,5,27852.18,19.2
175,73,470,5,24288.88,0.7
176,73,289,3,13620.13,12.0
177,74,227,3,20302.13,14.6
178,74,148,2,25464.87,16.1
179,75,538,3,705.65,41.4
180,75,397,4,5596.25,44.1
181,76,454,4,8935.17,7.8
182,77,135,4,13973.92,46.4
183,77,28,1,10839.56,12.0
184,78,416,4,25767.29,41.7
185,78,392,2,24600.26,37.6
186,79,125,5,1450.21,26.6
187,79,237,3,326.94,7.6
188,80,98,2,11272.79,11.3
189,80,50,1,18150.71,0.1
190,80,109,2,21291.12,32.4
191,80,246,4,4472.12,42.1
192,81,288,3,29097.84,15.5
193,81,505,5,29925.28,40.6
194,81,66,1,8641.07,39.0
195,81,527,2,4187.82,11.7
196,82,480,4,8759.8,36.7
197,82,477,4,484.17,37.0
198,82,548,3,5954.77,30.7
199,82,78,1,20135.39,48.7
200,83,431,4,19478.27,38.0
201,83,439,1,23534.23,8.0
202,83,349,3,14356.02,2.7
203,83,60,5,1890.24,6.6
204,84,117,5,20424.6,22.1
205,85,490,2,6032.83,24.3
206,85,438,5,4743.84,43.5
207,85,210,5,21641.81,32.4
208,85,344,2,27357.28,4.2
209,86,156,-1,28174.9,12.2
210,86,320,2,17136.95,26.9
211,86,198,2,26223.67,35.2
212,87,213,4,10402.93,32.9
213,88,390,5,21436.81,5.2
214,88,214,2,24063.28,24.8
215,88,130,1,26483.3,17.0
216,88,491,5,4269.89,4.7
217,89,32,4,11848.29,9.2
218,89,398,2,26157.99,18.4
219,89,362,4,5574.05,14.0
220,90,226,3,20211.97,15.7
221,90,255,5,14130.92,20.5
222,90,501,5,8875.8,21.3
223,91,286,1,748.24,20.3
224,91,295,1,28761.36,28.9
225,92,335,2,24570.86,2.7
226,92,393,2,22545.75,43.8
227,92,547,2,17958.58,11.6
228,92,342,1,18455.28,29.2
229,93,264,1,4016.61,5.5
230,93,276,3,27040.93,9.3
231,94,300,1,8677.55,17.2
232,94,506,5,13962.87,43.9
233,95,120,1,13822.77,10.2
234,95,533,5,4105.24,14.6
235,95,299,2,23247.72,9.7
236,96,58,4,14698.31,38.3
237,96,277,4,5994.2,31.5
238,97,533,1,2114.17,6.9
239,97,437,2,909.29,47.5
240,98,531,3,3882.36,40.9
241,99,210,4,20303.28,19.1
242,99,218,5,5074.93,48.9
243,100,511,-2,19239.44,12.7
244,100,88,4,26313.57,30.0
245,100,212,-2,27525.08,14.0
246,100,391,1,3500.37,9.4
247,101,379,1,2415.61,44.9
248,101,96,1,14308.28,39.4
249,101,221,1,16272.71,2.4
250,102,293,1,1931.41,3.1
251,103,66,5,10263.92,34.4
252,103,357,2,15720.98,32.7
253,104,528,3,10632.68,2.5
254,104,223,1,3182.97,20.2
255,104,489,4,8526.78,5.5
256,105,269,4,23730.26,32.9
257,105,37,5,15860.75,27.9
258,105,94,4,21081.63,21.8
259,105,39,5,27842.51,21.2
260,106,116,5,22101.71,26.1
261,106,88,2,12473.31,23.8
262,106,482,3,25958.64,16.6
263,106,395,2,11310.23,12.8
264,107,357,4,21197.12,27.3
265,108,374,5,19718.39,38.5
266,108,246,3,4860.75,20.0
267,109,97,4,10121.02,2.2
268,109,480,5,24450.08,46.5
269,110,497,-3,10295.07,7.9
270,110,214,2,14421.8,19.2
271,110,5,2,7725.88,3.5
272,110,208,1,5021.73,6.3
273,111,308,1,24133.37,23.4
274,111,437,1,16101.61,28.2
275,111,110,1,19203.37,38.3
276,112,171,4,13730.83,37.3
277,112,496,1,26376.71,25.1
278,113,327,4,19608.95,46.1
279,113,132,5,1938.21,22.1
280,114,150,2,21518.21,13.9
281,115,303,1,10529.08,32.9
282,115,298,4,29565.12,4.7
283,116,124,5,13091.62,38.6
284,116,487,4,12260.92,2.0
285,116,111,4,15768.05,11.7
286,116,386,3,580.73,30.7
287,117,156,4,20496.31,18.2
288,117,166,5,6088.69,34.7
289,117,289,1,17425.72,38.0
290,118,14,-3,8606.97,33.6
291,118,470,1,10103.79,39.4
292,119,85,3,1210.54,35.1
293,120,71,2,12629.86,1.5
294,121,138,5,17197.44,10.4
295,122,480,2,6697.65,14.5
296,122,345,2,10808.88,44.7
297,122,467,1,8582.27,20.1
298,123,259,5,27731.4,49.2
299,124,291,1,28278.1,47.5
300,124,246,4,12756.15,7.3
301,124,160,3,11846.08,16.7
302,124,24,5,27059.09,49.4
303,125,132,2,721.65,19.6
304,125,298,3,20029.54,18.8
305,125,3,-1,17717.93,28.0
306,125,41,2,24734.66,24.8
307,126,411,2,21916.03,44.0
308,127,241,2,11503.54,35.6
309,127,328,2,24373.52,4.5
310,128,59,5,1667.22,41.0
311,129,68,1,24305.31,15.5
312,129,455,1,5287.36,32.2
313,130,344,5,26435.36,30.0
314,130,286,1,18686.96,11.5
315,131,226,2,23132.4,19.7
316,131,455,1,15404.16,40.5
317,131,428,2,20263.94,21.5
318,132,358,5,9162.68,22.9
319,133,469,2,2302.14,41.4
320,133,4,1,29386.4,34.0
321,133,356,2,350.17,30.6
322,134,208,1,16775.22,49.4
323,134,459,2,20051.25,30.3
324,134,516,4,22030.05,17.8
325,134,298,-3,3204.99,40.6
326,135,491,2,19780.24,27.1
327,135,101,4,27812.42,21.6
328,135,522,3,834.79,36.4
329,135,508,2,13850.72,20.1
330,136,189,4,15490.22,34.6
331,136,436,-3,20664.82,22.4
332,137,88,5,20311.75,35.7
333,137,405,1,13967.61,29.0
334,137,333,3,17011.46,5.3
335,137,174,5,14350.97,23.2
336,138,331,-1,27372.84,18.5
337,138,508,1,9580.92,46.2
338,138,390,3,3831.47,22.0
339,138,304,4,9956.88,27.6
340,139,72,3,26035.34,17.5
341,139,143,5,13297.9,32.4
342,140,539,3,23238.65,0.2
343,140,439,3,8166.11,35.2
344,140,41,4,16879.23,44.4
345,141,475,2,17730.55,0.9
346,141,51,2,10262.87,0.7
347,141,239,4,25084.83,1.8
348,142,176,5,10404.42,49.8
349,142,24,2,12301.42,10.5
350,142,412,5,568.75,8.4
351,143,14,4,19204.27,1.0
352,144,268,4,4252.9,35.1
353,144,177,3,7252.62,47.3
354,145,26,1,24222.11,38.1
355,145,335,5,11087.61,20.4
356,145,507,4,7745.79,36.0
357,146,214,2,7706.14,36.2
358,146,371,4,26900.07,48.8
359,146,312,4,10682.68,43.7
360,146,260,3,15249.63,39.3
361,147,362,4,24980.54,10.8
362,147,440,3,15575.8,12.0
363,148,472,5,14182.89,46.2
364,149,250,5,16869.49,32.8
365,149,163,3,7391.27,48.8
366,149,419,5,20746.21,43.3
367,150,365,-3,23734.32,16.0
368,151,370,1,17916.83,26.6
369,152,475,3,5249.24,49.3
370,152,170,2,17057.62,34.8
371,152,9,4,27218.87,42.2
372,152,53,3,19084.59,46.1
373,153,248,1,1996.73,6.9
374,154,113,1,9066.93,17.2
375,154,363,5,2916.98,10.5
376,154,40,1,4264.15,23.2
377,155,239,3,5723.91,39.9
378,155,230,1,3439.09,12.0
379,155,504,1,8315.66,43.4
380,156,367,4,25230.73,19.0
381,156,190,3,3419.18,2.6
382,156,472,2,15903.04,27.7
383,156,271,3,8847.41,47.7
384,157,442,3,2903.63,23.8
385,157,42,3,10386.2,17.9
386,157,83,2,20690.27,34.9
387,158,139,2,7498.78,12.5
388,158,486,2,25391.1,33.4
389,158,191,3,28903.35,36.0
390,158,111,2,22855.41,12.9
391,159,178,1,15459.49,26.3
392,160,402,2,2606.7,41.6
393,160,164,2,27696.12,29.9
394,160,15,4,22367.48,47.1
395,160,61,1,21397.08,36.1
396,161,129,1,28434.52,47.6
397,161,429,2,24850.76,26.6
398,162,316,1,19761.36,32.5
399,163,149,2,12082.06,18.3
400,164,180,3,4062.19,18.1
401,164,244,4,14050.09,30.3
402,165,113,3,17755.06,37.4
403,166,199,2,19442.21,12.4
404,166,88,3,6828.21,39.8
405,166,534,2,19967.73,29.3
406,167,122,5,3529.3,33.7
407,167,110,2,11755.82,39.1
408,167,329,1,27300.09,10.7
409,167,17,1,25271.4,7.1
410,168,55,4,6934.78,30.9
411,169,101,1,23626.7,22.1
412,169,253,4,23362.62,5.7
413,170,368,5,20505.09,24.4
414,171,300,1,7703.44,15.9
415,171,355,-1,275.76,38.8
416,171,83,5,7396.67,24.7
417,171,383,2,22368.81,15.5
418,172,57,4,22860.85,2.4
419,172,175,1,8238.8,30.2
420,172,324,2,8266.96,34.2
421,173,357,2,7278.8,21.2
422,173,305,1,2357.96,12.2
423,173,71,2,13447.58,3.6
424,173,550,3,3093.85,12.2
425,174,62,1,7127.14,32.9
426,174,103,2,5297.0,38.5
427,174,318,1,26456.37,33.6
428,174,164,4,6745.68,42.1
429,175,89,4,18046.96,23.3
430,175,491,3,19475.68,21.4
431,176,48,-1,2515.7,34.9
432,176,44,1,28999.06,45.7
433,177,117,1,23854.23,33.6
434,177,445,3,3215.57,10.8
435,177,248,-2,2519.72,5.5
436,177,276,1,18704.25,39.9
437,178,371,4,4338.87,19.8
438,178,266,1,18041.19,22.7
439,178,373,2,13231.8,36.7
440,179,514,2,25409.07,12.0
441,180,411,4,27717.63,22.0
442,180,110,1,11230.43,24.7
443,180,138,2,16379.67,42.6
444,181,294,3,20049.78,48.1
445,181,48,4,26583.82,8.8
446,181,170,2,125.37,47.6
447,181,144,4,12541.27,4.8
448,182,179,5,6880.25,30.0
449,182,105,4,6295.55,46.2
450,182,384,1,25267.4,19.4
451,183,397,5,16806.11,48.1
452,183,523,-2,16284.38,24.3
453,183,495,2,12106.78,11.4
454,183,23,3,17341.93,9.1
455,184,117,1,11560.72,29.9
456,184,172,1,27244.5,2.5
457,185,97,2,3935.65,7.8
458,185,84,5,5858.13,4.4
459,186,458,4,19594.91,42.4
460,187,343,5,14364.22,14.2
461,187,459,5,18048.0,15.8
462,187,539,2,3283.02,6.2
463,187,534,4,23736.77,49.4
464,188,530,1,13036.79,24.6
465,188,98,3,12250.83,12.2
466,188,548,2,24889.81,8.4
467,189,376,4,3190.34,29.8
468,189,361,2,14691.31,28.0
469,189,460,5,25191.49,10.6
470,189,183,5,19483.28,44.4
471,190,402,2,20961.21,5.7
472,191,14,4,10506.96,39.8
473,191,512,1,11731.62,40.1
474,192,432,2,2398.76,30.7
475,192,124,3,17394.03,37.7
476,193,318,1,7355.91,33.6
477,194,303,5,6824.73,34.7
478,194,381,2,20434.47,45.9
479,194,529,1,4679.14,42.5
480,195,158,3,3264.66,40.4
481,195,149,5,21046.86,9.2
482,196,261,4,26951.11,45.2
483,197,187,4,24351.83,6.1
484,198,239,2,21727.5,27.7
485,198,268,1,9487.14,10.9
486,198,367,2,359.44,38.6
487,198,265,4,15687.36,36.8
488,199,439,3,10934.64,39.4
489,200,139,4,14555.31,38.8
490,200,285,1,12614.26,25.4
491,200,33,2,6552.2,31.1
492,200,181,4,13639.36,23.9
493,201,124,3,29241.17,35.3
494,201,491,2,19548.64,32.3
495,202,97,1,12412.66,45.6
496,202,538,2,13073.0,15.4
497,202,236,-3,3086.35,39.5
498,203,275,5,26191.19,13.5
499,203,173,1,4804.52,14.0
500,203,304,3,318.95,30.0
501,204,422,5,12831.32,3.3
502,204,360,3,341.12,40.1
503,204,94,3,14900.28,9.6
504,204,121,1,26927.92,23.4
505,205,319,1,20562.88,31.2
506,205,138,2,11627.75,3.8
507,205,308,1,912.12,10.0
508,206,328,2,7331.67,19.1
509,206,274,5,19952.56,49.9
510,206,186,2,17138.44,11.7
511,206,180,1,17103.57,4.6
512,207,197,1,25089.66,39.7
513,208,130,4,12796.73,8.9
514,208,288,3,12362.33,10.1
515,208,153,5,16210.06,11.5
516,209,264,1,28178.22,36.9
517,209,214,5,7706.61,1.9
518,210,371,5,5380.19,47.2
519,210,295,5,9960.11,1.0
520,210,180,3,24653.66,1.1
521,210,292,2,29225.03,42.6
522,211,279,4,24219.39,30.3
523,211,492,3,9870.1,16.1
524,211,9,4,12205.24,2.2
525,212,128,5,23965.27,17.0
526,212,536,5,28491.24,10.6
527,212,207,3,22213.2,30.5
528,212,5,4,15538.71,21.7
529,213,265,4,21038.37,42.8
530,213,468,-2,17568.84,4.3
531,213,17,4,27254.73,4.0
532,213,419,2,23972.78,13.0
533,214,106,4,13020.84,16.3
534,214,345,1,16330.3,25.3
535,214,402,1,11592.35,33.1
536,214,492,2,6211.86,34.7
537,215,446,-2,9793.73,45.5
538,215,530,4,12315.0,35.4
539,215,336,2,14585.73,15.5
540,216,271,4,2255.82,41.6
541,216,183,2,26995.31,40.1
542,217,308,2,9980.11,49.0
543,218,332,2,22691.54,43.7
544,218,503,1,18912.63,38.0
545,219,530,4,25797.6,43.4
546,219,295,2,9759.98,17.5
547,220,87,-1,25519.6,7.1
548,221,342,5,25803.67,7.4
549,221,87,4,13844.03,26.2
550,221,214,1,26756.85,19.4
551,221,2,1,28366.1,37.4
552,222,260,2,18903.15,12.9
553,222,312,5,11387.85,36.9
554,223,239,2,5965.67,18.5
555,223,108,1,14355.66,42.1
556,224,460,1,26588.67,15.1
557,225,473,2,11704.91,47.2
558,225,439,3,20928.95,25.5
559,225,178,5,27453.42,30.3
560,226,272,2,28234.38,42.0
561,226,508,2,17664.25,42.4
562,226,384,4,23637.62,43.9
563,226,280,2,14338.33,23.3
564,227,289,-2,12695.39,17.7
565,227,26,4,10586.89,14.9
566,227,272,4,23019.27,32.6
567,227,154,5,17691.98,39.4
568,228,285,4,11240.76,17.9
569,229,248,3,7400.57,49.2
570,229,298,4,11027.16,17.1
571,230,206,4,29517.21,31.6
572,230,134,1,25864.86,1.8
573,231,30,3,17588.94,37.7
574,231,81,4,2426.12,30.0
575,231,72,5,17074.13,36.8
576,231,62,1,2694.23,5.1
577,232,515,3,12113.61,3.8
578,232,221,4,13515.45,46.2
579,232,459,4,15382.54,33.4
580,233,473,4,16472.05,7.4
581,233,422,3,21389.24,18.4
582,233,410,5,17626.39,0.8
583,234,283,2,20780.5,0.2
584,235,191,3,25675.43,15.8
585,235,509,2,18731.94,21.1
586,236,69,1,6566.82,4.4
587,236,260,1,9318.98,15.4
588,237,219,5,10253.57,13.1
589,237,93,3,24845.65,0.1
590,238,269,-3,26225.46,8.3
591,238,289,5,14477.44,11.3
592,238,106,1,16164.39,37.4
593,239,424,2,2796.16,10.2
594,239,318,5,20262.05,0.4
595,239,509,3,5948.3,45.0
596,239,491,3,16081.9,3.9
597,240,540,1,14719.88,30.1
598,240,374,5,24221.26,2.9
599,241,78,5,25201.15,48.7
600,241,175,4,10420.34,31.0
601,241,385,2,28279.67,4.9
602,242,319,5,2841.83,44.6
603,242,546,1,29783.3,48.0
604,243,265,2,7847.56,35.2
605,244,320,5,26301.42,28.7
606,244,161,2,29344.44,42.3
607,245,178,3,4726.66,45.2
608,246,93,1,5979.59,4.2
609,246,90,3,10937.05,42.4
610,246,303,3,6781.36,9.5
611,247,304,1,20184.39,5.0
612,247,11,4,10880.82,27.5
613,247,461,3,9661.02,20.3
614,248,244,5,22285.28,9.2
615,248,313,2,12257.63,30.7
616,248,334,3,10303.17,2.8
617,248,311,1,28054.57,45.9
618,249,24,1,27539.77,37.4
619,250,96,2,19958.2,6.7
620,250,18,4,16112.86,20.9
621,250,61,2,4643.15,4.2
622,250,540,3,27843.33,20.1
623,251,391,3,14947.42,40.0
624,251,150,1,432.56,28.4
625,251,32,3,14819.07,38.0
626,251,542,4,1569.77,10.1
627,252,32,4,27394.78,13.4
628,252,48,4,22076.98,12.7
629,253,475,3,2742.33,16.7
630,253,126,1,10002.36,49.8
631,254,151,5,12043.07,40.3
632,255,295,2,23759.72,41.6
633,256,14,4,7978.35,47.7
634,256,429,5,28984.57,2.1
635,256,368,3,26131.68,31.7
636,257,447,1,27027.34,16.5
637,257,402,4,24177.25,11.0
638,257,266,5,15308.91,25.5
639,258,356,1,12559.04,6.4
640,258,436,5,788.6,4.4
641,258,244,2,16724.78,0.5
642,258,76,5,8385.12,37.7
643,259,16,1,6298.7,6.1
644,260,534,5,8766.46,3.7
645,260,331,1,7862.5,40.4
646,260,252,3,7077.42,22.0
647,261,368,4,14279.54,32.0
648,261,96,3,21888.51,6.3
649,262,506,4,24459.31,26.4
650,262,9,3,11461.94,33.0
651,262,262,2,11090.04,33.2
652,262,523,2,26191.86,7.9
653,263,550,1,15855.58,7.7
654,263,2,1,13160.01,25.5
655,264,438,4,14600.26,20.5
656,264,549,1,18363.27,20.0
657,264,306,5,6642.45,48.7
658,265,334,2,10786.68,10.0
659,265,487,3,26926.97,34.2
660,265,343,5,18892.4,46.2
661,266,282,1,21202.05,14.6
662,266,469,2,12913.42,16.2
663,266,284,1,23718.28,30.9
664,266,90,3,6798.19,30.7
665,267,326,4,9389.35,5.6
666,267,74,5,18005.67,11.9
667,267,367,1,17015.16,10.3
668,268,63,2,25130.0,4.3
669,268,113,5,14314.46,32.0
670,269,288,3,22803.8,39.6
671,269,149,5,5105.05,19.1
672,270,533,4,19681.71,2.5
673,271,519,3,342.39,10.2
674,272,6,4,22457.76,18.7
675,272,74,4,12067.33,37.3
676,272,342,3,9856.25,13.6
677,273,354,2,26785.64,2.0
678,274,497,1,18910.88,37.5
679,274,274,3,18759.12,3.1
680,274,413,2,21346.86,41.1
681,274,142,4,22192.69,46.3
682,275,514,2,29435.34,44.0
683,275,374,3,21707.38,42.5
684,276,252,4,10271.5,16.0
685,276,21,2,11649.69,20.8
686,277,380,5,8083.15,37.4
687,277,408,-3,18324.36,41.6
688,278,352,4,11301.86,3.4
689,278,85,3,9038.17,39.7
690,278,103,2,10237.69,33.6
691,278,517,3,18635.38,8.9
692,279,530,4,8236.19,22.2
693,279,345,3,17512.23,1.8
694,280,371,5,7973.39,39.7
695,281,314,4,16157.6,32.9
696,281,228,4,24041.02,8.7
697,282,3,1,14657.62,47.3
698,282,273,3,25967.36,17.3
699,283,475,1,3382.72,47.5
700,283,478,4,13700.14,11.4
701,283,128,3,7287.72,3.6
702,284,550,3,14102.12,25.0
703,284,496,1,6775.2,13.5
704,284,137,4,9339.72,19.7
705,285,384,3,4634.29,43.0
706,285,479,3,10550.59,0.9
707,285,220,5,23594.12,41.8
708,286,309,4,12133.31,7.8
709,286,500,5,23225.03,13.1
710,286,371,2,12375.28,11.9
711,286,514,3,13376.78,15.0
712,287,105,1,7709.11,49.0
713,287,258,4,21638.89,40.3
714,287,411,3,3822.12,17.5
715,287,456,3,29841.35,25.9
716,288,512,4,1208.68,23.1
717,288,291,4,3113.11,3.9
718,289,32,1,28209.5,23.0
719,289,41,3,17281.26,24.4
720,289,108,5,5425.13,26.5
721,290,101,3,17391.2,39.0
722,290,408,5,12784.19,20.1
723,290,160,2,23738.54,24.3
724,291,377,5,12284.82,24.5
725,291,365,2,16065.96,10.7
726,292,219,3,24626.16,37.7
727,293,77,1,18147.67,45.5
728,294,169,2,13023.18,42.6
729,294,505,3,14445.54,38.6
730,294,318,4,23081.9,44.2
731,295,533,1,19959.37,45.7
732,295,23,2,24157.32,38.7
733,295,201,3,16865.52,7.7
734,296,526,3,5526.09,49.6
735,297,243,5,25933.1,26.2
736,297,483,5,3200.22,40.5
737,297,271,2,23923.24,8.3
738,297,70,2,9735.91,8.0
739,298,85,5,25967.89,19.7
740,298,111,3,13600.0,13.2
741,298,501,4,27449.94,35.0
742,298,151,3,8476.9,46.2
743,299,534,5,20005.41,38.2
744,300,88,2,15385.16,0.9
745,300,219,1,6261.72,41.3
746,300,392,1,20731.5,10.8
747,301,526,3,25872.46,47.0
748,301,309,2,5057.79,47.3
749,301,103,5,7390.52,12.1
750,301,550,1,26992.07,5.6
751,302,174,5,14502.33,38.9
752,302,213,4,27247.34,2.3
753,302,399,4,19875.87,24.2
754,302,12,5,7193.43,23.3
755,303,383,4,20702.38,3.3
756,303,3,1,15019.73,2.1
757,304,51,5,6748.87,11.3
758,304,307,2,11674.97,14.9
759,304,106,4,7775.41,21.5
760,304,514,5,18424.94,20.1
761,305,237,3,23902.93,28.5
762,305,21,4,19390.67,11.5
763,305,397,1,21184.51,29.8
764,306,127,3,16803.73,5.0
765,307,146,2,3624.18,16.6
766,307,401,5,7544.15,45.1
767,307,476,3,28582.76,20.1
768,307,12,-1,3481.14,28.6
769,308,523,3,15480.53,7.1
770,309,204,5,24843.93,9.6
771,309,377,1,227.43,18.1
772,310,335,3,27556.46,18.9
773,310,87,3,3751.32,43.8
774,311,312,1,4601.2,27.2
775,312,89,5,21225.36,28.3
776,312,339,-1,10232.36,37.9
777,313,103,2,1076.48,20.5
778,313,505,1,26808.23,15.2
779,313,84,4,243.9,4.7
780,313,498,5,24293.63,38.0
781,314,214,3,3547.57,27.9
782,314,245,4,13779.4,43.3
783,314,459,1,380.76,14.0
784,315,333,4,22833.1,2.2
785,315,466,3,17446.31,21.0
786,315,239,4,10066.6,37.7
787,316,271,3,26917.46,42.9
788,316,349,4,21788.32,10.9
789,316,120,1,29725.73,19.4
790,316,1,3,4949.72,2.6
791,317,307,1,3314.33,24.2
792,317,489,4,11826.92,44.1
793,317,424,3,12607.99,23.1
794,318,156,3,8124.06,49.4
795,318,171,-1,17441.1,30.4
796,318,397,4,15899.9,17.4
797,318,216,4,11430.79,29.5
798,319,418,2,27951.49,39.1
799,319,70,5,23049.14,22.1
800,320,468,2,17128.14,44.7
801,320,450,4,6762.35,23.4
802,320,384,4,2185.8,39.3
803,320,480,4,22802.75,49.4
804,321,134,4,5254.5,33.0
805,322,417,2,8693.85,8.2
806,323,248,2,18541.8,46.5
807,323,54,4,774.47,20.1
808,324,387,3,21260.77,34.0
809,325,409,2,5802.8,21.9
810,326,331,3,7348.96,35.8
811,326,144,4,25858.43,13.2
812,326,313,5,10156.32,26.6
813,326,93,3,7437.73,5.8
814,327,263,3,28896.26,45.2
815,328,332,4,12364.89,49.7
816,329,374,4,16758.21,48.5
817,329,342,5,19162.49,22.3
818,330,29,2,5146.64,12.5
819,330,185,4,1122.06,45.0
820,330,44,3,16849.46,48.2
821,330,235,5,23293.01,33.1
822,331,538,1,7622.79,7.9
823,331,496,3,23936.39,8.7
824,331,164,4,27479.83,28.9
825,331,532,1,12870.6,11.7
826,332,519,1,9793.02,35.1
827,332,7,4,9435.36,34.2
828,333,22,1,2559.84,44.4
829,333,151,3,28418.75,3.3
830,334,543,1,1761.05,44.4
831,334,511,2,26245.94,16.0
832,334,141,1,10729.8,20.3
833,335,259,4,1756.52,26.7
834,335,283,3,22074.84,46.6
835,335,175,2,500.57,48.4
836,335,53,4,4338.59,11.9
837,336,408,1,12844.72,39.8
838,336,548,3,13418.48,29.7
839,337,138,3,22271.65,26.6
840,337,411,1,18666.73,23.0
841,338,374,1,17008.34,24.8
842,339,136,2,1481.98,42.4
843,339,29,3,3877.2,11.3
844,339,133,5,13553.9,0.2
845,339,359,2,22643.13,29.3
846,340,106,3,27443.12,40.5
847,340,352,2,24081.96,32.3
848,341,290,1,27130.73,23.3
849,342,310,4,24819.1,29.1
850,342,114,2,10440.23,4.0
851,342,318,2,20823.71,8.9
852,342,188,4,21855.76,11.8
853,343,473,3,6006.83,44.2
854,343,492,5,26912.4,25.9
855,343,176,4,10920.9,5.5
856,343,265,3,6761.73,25.9
857,344,161,5,1501.57,40.3
858,345,547,4,17477.35,20.9
859,345,20,1,21657.75,28.4
860,345,304,-1,12626.61,17.7
861,346,490,2,12224.98,34.7
862,346,426,2,3864.13,13.1
863,347,34,5,7004.77,29.8
864,347,227,3,27696.28,31.5
865,348,103,2,14056.15,5.4
866,349,472,2,11940.46,45.6
867,350,504,1,26376.18,31.7
868,350,337,2,27560.35,39.9
869,350,432,3,18363.5,49.3
870,351,460,5,19157.41,41.7
871,351,314,3,18532.06,34.2
872,351,168,4,23646.75,39.9
873,352,362,5,694.38,8.4
874,353,168,1,1376.91,10.1
875,353,309,1,17282.02,35.2
876,353,477,4,9088.36,22.7
877,353,242,3,9103.07,22.6
878,354,256,1,21460.52,14.2
879,354,333,1,12076.52,24.6
880,354,326,1,22067.75,22.1
881,354,267,3,28388.07,11.2
882,355,314,4,17665.71,13.9
883,355,237,5,25967.28,39.6
884,356,179,2,10097.78,9.9
885,356,526,5,3048.38,11.1
886,356,481,-2,7050.06,17.0
887,357,52,4,9375.76,42.3
888,357,186,4,28008.8,1.1
889,358,196,2,10470.54,16.2
890,358,470,1,3852.85,41.1
891,358,162,1,14675.46,4.5
892,359,333,5,28685.06,13.3
893,359,548,1,8274.15,7.6
894,359,511,3,28394.47,19.7
895,360,81,2,11202.94,18.6
896,361,135,5,24043.45,1.8
897,362,530,3,27112.22,17.5
898,362,78,3,18376.09,12.7
899,362,94,1,18532.46,43.7
900,362,256,4,25763.81,15.7
901,363,125,5,18990.93,6.6
902,363,402,2,621.74,39.2
903,363,443,4,4110.42,42.6
904,363,237,5,19748.28,44.6
905,364,244,1,13800.22,47.0
906,364,324,3,4699.9,15.7
907,364,135,4,15079.15,17.9
908,364,10,5,13417.24,43.9
909,365,195,-3,1356.78,38.3
910,365,221,1,2451.55,14.2
911,365,433,1,25502.42,36.6
912,366,498,5,3035.08,29.7
913,366,526,4,19727.66,19.3
914,367,536,5,14246.65,26.8
915,367,117,5,24537.28,17.7
916,368,47,4,22786.49,26.8
917,368,359,4,5365.31,1.7
918,368,37,2,21464.62,7.8
919,368,391,-3,29507.13,5.6
920,369,459,3,12657.25,0.9
921,369,159,1,28786.88,11.1
922,369,198,5,13358.99,44.2
923,370,106,5,16503.88,20.6
924,370,262,3,11687.09,13.2
925,370,355,4,11429.65,25.8
926,371,461,1,2611.63,15.2
927,371,382,3,20098.18,39.8
928,371,71,2,29907.68,12.4
929,371,346,5,1559.55,31.3
930,372,215,5,25063.34,17.3
931,372,151,2,7282.77,23.5
932,372,17,2,651.01,10.0
933,372,34,5,14482.84,29.6
934,373,426,5,14466.55,7.7
935,373,111,2,7952.37,2.9
936,374,298,-1,29903.95,14.8
937,374,346,5,29806.48,36.0
938,374,329,5,27560.24,42.1
939,375,412,2,9364.71,4.9
940,375,470,2,23970.19,38.6
941,375,243,2,23196.17,3.0
942,375,533,-1,8802.39,15.6
943,376,232,3,3280.06,49.6
944,376,19,4,9491.35,13.6
945,376,504,2,15408.34,24.8
946,377,368,4,4787.19,16.8
947,377,103,3,18991.91,2.8
948,378,131,2,26909.52,14.3
949,378,256,4,13603.08,42.4
950,379,189,3,15607.85,36.8
951,380,105,5,26488.59,0.6
952,380,529,4,12997.56,35.5
953,380,170,2,6603.55,6.4
954,381,283,4,24009.76,20.8
955,381,498,4,11788.15,16.1
956,381,35,3,9152.11,7.8
957,382,164,2,7606.76,27.2
958,382,266,1,7405.06,23.1
959,383,79,1,25144.19,43.6
960,383,308,1,20893.96,19.0
961,383,376,5,24383.98,46.0
962,383,43,5,22890.78,33.5
963,384,7,1,26213.39,28.4
964,384,393,1,24456.02,40.2
965,384,88,3,25425.27,18.9
966,384,26,5,4376.14,15.2
967,385,420,2,7928.83,14.0
968,385,217,1,15518.49,5.5
969,385,297,5,19041.29,15.6
970,385,65,3,27656.73,34.9
971,386,161,4,26228.84,33.4
972,386,323,4,1252.72,18.1
973,387,282,4,13651.74,14.8
974,388,540,3,24298.79,17.7
975,388,218,3,9509.6,6.3
976,388,71,4,9910.86,48.8
977,388,23,1,13704.32,13.4
978,389,220,5,18858.89,30.7
979,389,461,4,210.93,47.1
980,390,110,5,8739.02,9.3
981,390,235,3,2217.17,41.7
982,391,230,4,10582.73,47.0
983,392,357,4,7318.93,34.3
984,393,84,-3,18116.56,32.2
985,394,417,4,1219.81,46.6
986,394,97,-2,13280.29,47.5
987,394,170,5,9079.38,28.1
988,395,521,1,26955.67,12.3
989,395,259,1,29648.01,46.1
990,395,530,4,217.47,3.6
991,396,228,2,24494.61,46.7
992,396,493,1,3408.38,44.2
993,396,321,5,21134.18,21.2
994,396,318,1,8413.16,1.2
995,397,275,1,28349.91,40.5
996,398,434,2,20000.94,25.9
997,398,459,4,29549.32,46.3
998,398,287,2,6941.47,49.3
999,399,28,1,26305.38,37.9
1000,399,217,5,17549.85,19.2
1001,399,240,3,6511.83,19.3
1002,399,369,5,14380.91,41.6
1003,400,107,5,26084.69,38.2
1004,400,466,2,8264.08,24.8
1005,401,201,4,25748.9,48.5
1006,401,358,5,4687.67,24.0
1007,402,465,2,8277.04,10.0
1008,402,95,4,27530.59,19.5
1009,402,268,4,275.32,18.2
1010,402,81,4,26194.14,41.2
1011,403,129,1,11856.72,40.6
1012,403,122,2,28040.44,18.5
1013,403,125,3,12079.26,41.0
1014,403,398,5,13491.03,5.1
1015,404,336,-1,18019.06,11.9
1016,404,370,4,20898.75,49.1
1017,404,498,4,11986.23,37.4
1018,405,371,1,9945.09,31.1
1019,405,330,1,311.93,33.3
1020,406,57,3,12781.56,20.8
1021,407,198,1,25676.93,0.1
1022,407,265,5,15408.61,32.8
1023,407,259,3,20013.68,18.8
1024,407,527,1,22948.44,34.3
1025,408,490,3,19992.78,26.5
1026,408,131,4,28465.76,12.3
1027,408,202,3,29085.87,36.2
1028,408,224,2,3880.71,3.6
1029,409,144,1,15835.45,49.2
1030,409,22,1,14472.7,3.2
1031,410,30,3,22960.85,34.5
1032,410,160,2,12764.46,9.5
1033,411,424,4,8290.06,41.8
1034,412,231,2,19791.82,48.9
1035,412,70,5,4560.63,44.3
1036,413,466,2,13886.75,13.0
1037,413,105,5,9694.26,43.0
1038,413,180,3,5631.77,30.7
1039,413,390,3,9108.41,26.0
1040,414,440,1,2324.13,39.2
1041,414,446,1,12839.96,1.2
1042,415,329,4,2646.67,16.7
1043,416,58,5,14419.39,30.5
1044,416,398,3,17356.11,34.4
1045,416,171,-3,8066.75,19.5
1046,417,480,2,26601.1,48.3
1047,417,173,1,6569.29,9.5
1048,418,75,3,10406.55,31.0
1049,418,549,4,14105.37,11.4
1050,418,7,5,5947.4,41.5
1051,419,324,4,8156.03,4.3
1052,419,355,2,29630.41,48.2
1053,419,70,2,21343.47,21.3
1054,419,150,4,28739.47,23.2
1055,420,107,3,21935.47,8.0
1056,420,106,1,16336.91,18.1
1057,420,165,1,22319.15,25.4
1058,420,374,2,18885.53,49.7
1059,421,524,2,24001.19,2.0
1060,421,478,5,15790.44,4.2
1061,422,236,2,5598.37,23.6
1062,422,438,-3,13530.75,1.1
1063,422,362,5,14151.81,41.5
1064,422,298,2,14752.7,34.9
1065,423,406,5,21967.93,16.4
1066,423,335,1,647.78,18.2
1067,424,34,5,9176.88,26.9
1068,425,132,1,484.66,20.9
1069,425,440,2,3957.16,16.1
1070,425,178,5,7004.32,35.3
1071,426,279,3,6004.99,22.8
1072,426,146,5,3530.37,21.7
1073,427,31,4,6711.29,21.1
1074,427,115,4,18405.27,41.8
1075,428,313,3,11277.11,45.5
1076,428,10,1,11747.09,21.8
1077,428,255,4,228.1,34.3
1078,428,212,3,16614.34,5.0
1079,429,502,2,17445.19,20.6
1080,430,529,3,2967.19,17.9
1081,430,4,1,19660.49,48.2
1082,431,426,2,21279.61,18.6
1083,431,102,2,4081.46,39.7
1084,431,200,1,9798.88,41.9
1085,431,126,4,19472.86,31.8
1086,432,359,3,14958.63,20.2
1087,432,278,2,17914.85,2.3
1088,433,90,3,23311.18,40.9
1089,434,519,5,16609.68,8.9
1090,434,446,1,29496.91,13.8
1091,434,186,2,694.17,45.4
1092,435,547,5,14179.55,41.8
1093,435,520,3,24821.84,6.6
1094,435,8,2,11102.49,35.1
1095,436,374,3,16949.57,22.1
1096,436,186,5,18257.28,42.6
1097,436,47,2,23579.11,49.5
1098,437,19,4,12409.15,7.1
1099,437,313,3,23034.92,34.1
1100,438,399,-3,29369.29,42.4
1101,439,40,2,6122.38,35.5
1102,439,112,4,1917.56,45.8
1103,439,357,4,13035.43,37.4
1104,439,172,5,19105.03,44.4
1105,440,8,1,22240.16,37.4
1106,440,508,5,18168.51,32.0
1107,441,478,3,20908.36,46.8
1108,441,108,2,6416.19,33.8
1109,442,150,5,25837.33,25.6
1110,442,526,1,16428.34,38.3
1111,442,375,5,14075.61,34.8
1112,443,9,4,7192.64,29.4
1113,444,284,3,26099.49,15.5
1114,444,321,1,13611.79,29.1
1115,444,474,4,4149.59,32.0
1116,445,292,3,29806.08,5.5
1117,445,238,3,7559.62,29.0
1118,445,305,2,27634.96,25.8
1119,446,474,5,28987.18,18.2
1120,447,462,4,9962.98,33.3
1121,447,520,1,11414.66,26.3
1122,447,229,2,29730.38,33.9
1123,448,216,4,14024.18,19.4
1124,448,59,2,9557.46,1.3
1125,448,454,4,15285.05,10.9
1126,448,101,2,5803.35,35.8
1127,449,290,4,17491.12,30.2
1128,449,14,5,10057.62,38.3
1129,449,242,2,2701.25,50.0
1130,450,403,4,7213.0,34.7
1131,450,323,1,8613.83,22.5
1132,451,55,2,8108.37,24.4
1133,451,193,5,9959.2,1.7
1134,451,144,3,9487.5,17.2
1135,452,43,4,7619.15,9.7
1136,452,153,3,28116.83,39.6
1137,452,38,4,23995.94,5.6
1138,452,42,5,16955.18,46.4
1139,453,152,1,25297.89,16.2
1140,454,415,5,19508.31,32.8
1141,454,106,3,11647.48,14.2
1142,454,158,3,7525.14,0.2
1143,454,173,3,9782.88,47.0
1144,455,53,3,12918.25,25.0
1145,455,130,5,18210.88,33.6
1146,455,418,2,7039.4,6.8
1147,456,197,5,5420.5,37.1
1148,456,64,5,11373.19,33.0
1149,456,270,2,28446.4,21.2
1150,456,421,1,5593.88,34.3
1151,457,64,3,20328.38,20.0
1152,457,455,5,1210.07,32.2
1153,458,25,1,6295.47,42.4
1154,458,69,5,1091.62,21.8
1155,458,349,2,27379.7,19.1
1156,458,111,5,19506.7,34.3
1157,459,75,4,23517.58,30.5
1158,459,162,3,6807.51,24.0
1159,460,178,1,26941.69,6.3
1160,460,428,2,19605.8,22.2
1161,461,187,5,16833.83,24.5
1162,461,465,4,23699.65,44.5
1163,461,56,1,12066.86,7.5
1164,462,82,2,12699.51,28.8
1165,463,299,4,11033.68,29.0
1166,464,278,5,12566.98,34.6
1167,464,503,-2,26594.88,47.5
1168,465,160,2,13646.15,23.3
1169,465,264,4,16468.9,26.8
1170,465,351,-1,24332.86,35.0
1171,465,182,3,14408.68,22.9
1172,466,445,5,15467.08,30.3
1173,467,314,1,23887.41,6.8
1174,467,159,2,26818.07,34.4
1175,468,387,4,902.69,17.1
1176,469,77,4,16328.19,0.5
1177,469,529,4,11402.17,50.0
1178,469,435,5,25159.6,31.8
1179,469,35,5,15758.53,44.9
1180,470,269,3,7222.85,18.7
1181,470,137,1,25169.8,39.6
1182,471,88,5,20459.31,27.8
1183,472,3,4,14628.38,44.9
1184,472,122,1,14438.2,32.4
1185,472,483,1,14191.74,14.3
1186,472,2,2,12797.0,27.4
1187,473,454,3,12427.29,33.5
1188,473,389,1,2838.56,46.3
1189,473,464,1,1632.13,23.4
1190,474,509,3,939.5,8.8
1191,475,50,5,14259.31,34.3
1192,475,153,2,21129.55,30.9
1193,475,357,1,29693.74,8.6
1194,476,374,3,19236.11,43.4
1195,476,485,5,26025.34,49.4
1196,476,276,3,24959.36,8.3
1197,476,472,5,22930.2,12.9
1198,477,58,3,3478.87,38.9
1199,477,289,3,1276.55,39.7
1200,478,96,5,23043.78,43.4
1201,478,193,4,22272.6,38.6
1202,478,245,4,11441.68,5.8
1203,479,5,1,24269.2,22.9
1204,479,543,1,24018.16,26.0
1205,479,328,4,15534.71,3.9
1206,479,352,5,1142.32,2.9
1207,480,516,1,20247.83,22.2
1208,480,411,1,16991.63,28.9
1209,480,176,2,7827.27,38.2
1210,481,149,1,2806.82,48.1
1211,481,452,5,11221.15,34.6
1212,481,112,5,7583.53,33.9
1213,482,228,5,12420.29,25.0
1214,482,170,4,21724.07,9.9
1215,482,79,5,348.59,38.0
1216,483,152,3,18524.37,47.4
1217,483,429,2,358.69,42.6
1218,484,168,5,25947.45,35.9
1219,484,530,1,25630.57,40.2
1220,484,496,3,18304.62,27.0
1221,485,313,2,28070.71,47.9
1222,485,396,5,27573.64,34.1
1223,485,6,2,2510.06,21.5
1224,485,302,4,10144.88,2.4
1225,486,353,4,18628.24,25.2
1226,486,148,4,17731.44,27.1
1227,486,186,4,9986.22,13.9
1228,487,463,1,3554.85,30.5
1229,487,302,5,29734.63,49.2
1230,487,71,1,20768.55,48.1
1231,488,187,5,6342.97,18.8
1232,488,465,5,913.74,7.7
1233,488,341,5,8661.65,14.7
1234,488,66,4,21591.13,33.5
1235,489,122,4,4169.48,6.6
1236,489,72,1,28986.03,40.6
1237,489,369,-2,10125.11,12.6
1238,489,420,3,29037.23,5.1
1239,490,135,4,19106.4,15.0
1240,491,55,2,24271.95,45.7
1241,491,219,4,2115.43,20.7
1242,492,292,3,12609.26,43.1
1243,492,306,1,3988.75,3.8
1244,493,504,2,16772.26,24.4
1245,494,405,3,20938.94,14.9
1246,495,526,4,9850.49,41.7
1247,495,411,1,5040.9,42.7
1248,495,386,2,10223.8,3.8
1249,496,536,1,27348.83,15.8
1250,496,391,3,11764.39,46.1
1251,497,180,5,29705.44,22.5
1252,497,550,2,1429.23,4.0
1253,497,514,2,24453.29,27.0
1254,498,94,2,26037.08,47.2
1255,498,172,3,3890.6,22.1
1256,498,215,4,16399.69,6.8
1257,498,164,3,5665.96,7.2
1258,499,388,-2,13520.19,11.3
1259,499,30,1,28701.98,0.4
1260,499,250,5,6903.92,11.1
1261,499,154,3,24416.65,37.7
1262,500,492,2,5867.05,32.5
1263,500,249,4,15041.2,35.7
1264,500,351,3,9984.69,17.0
1265,501,482,4,6696.73,31.8
1266,501,224,2,16567.45,40.8
1267,501,63,1,9433.96,8.2
1268,502,43,3,27256.43,26.1
1269,502,157,2,29435.01,39.8
1270,502,340,4,19512.25,14.7
1271,503,426,5,16169.37,47.7
1272,504,432,4,7062.12,19.5
1273,504,293,3,11465.4,0.5
1274,504,410,3,15495.49,46.4
1275,505,442,2,18745.63,3.5
1276,505,512,3,16376.45,16.5
1277,505,234,4,967.32,33.0
1278,506,166,5,20356.93,14.0
1279,506,245,3,1050.04,20.6
1280,506,269,5,9758.63,3.0
1281,506,321,1,6839.13,47.8
1282,507,121,5,15014.09,43.4
1283,508,148,5,1694.9,44.6
1284,508,230,1,1241.91,33.7
1285,508,254,3,24576.42,10.3
1286,508,365,2,9849.71,22.9
1287,509,461,4,2219.25,15.9
1288,509,503,5,13001.65,31.0
1289,510,303,5,17144.27,48.8
1290,510,362,-2,9793.88,32.4
1291,510,507,4,4106.71,35.5
1292,510,349,1,9080.84,18.2
1293,511,77,3,4016.35,42.7
1294,511,230,2,24289.25,3.1
1295,511,354,5,19392.61,25.0
1296,512,404,1,26222.62,30.5
1297,513,95,3,14793.64,35.5
1298,513,307,1,24134.55,2.0
1299,514,485,3,13950.56,1.3
1300,514,395,5,4330.75,47.6
1301,515,372,1,23594.64,36.9
1302,515,248,3,387.25,35.1
1303,516,447,1,17318.65,4.5
1304,516,240,1,24699.95,45.1
1305,517,169,5,17088.67,35.4
1306,517,363,4,18272.69,12.6
1307,517,490,2,27136.7,16.2
1308,518,9,3,22256.33,36.5
1309,518,89,5,21330.57,23.6
1310,518,90,5,23037.4,31.2
1311,518,117,4,12882.82,20.8
1312,519,506,2,3567.64,5.8
1313,519,245,-1,18615.45,44.1
1314,520,515,1,2858.78,29.6
1315,520,86,1,4966.56,26.3
1316,521,541,5,11457.4,20.6
1317,522,162,1,20315.4,43.4
1318,522,193,2,2196.1,10.8
1319,522,120,5,21839.1,34.8
1320,523,453,2,22835.22,44.1
1321,524,501,1,439.22,32.8
1322,524,56,5,2858.03,5.8
1323,524,308,4,8787.81,16.1
1324,524,71,1,7251.41,10.3
1325,525,24,3,17813.77,21.5
1326,525,255,1,7757.44,26.0
1327,526,354,2,10807.37,43.0
1328,526,60,2,2349.72,18.9
1329,526,508,1,11891.78,41.8
1330,526,465,5,21869.87,4.6
1331,527,324,4,29298.96,48.6
1332,528,389,4,26102.43,1.1
1333,528,211,5,8499.97,45.7
1334,529,407,4,1872.03,24.7
1335,529,252,3,15735.16,0.4
1336,529,141,-2,26012.77,3.3
1337,529,254,5,12683.6,12.5
1338,530,306,4,10195.59,26.7
1339,530,221,3,26462.38,27.1
1340,531,176,5,21993.03,42.0
1341,531,250,2,15785.51,44.5
1342,532,383,3,9559.31,43.5
1343,532,346,1,26835.54,47.7
1344,533,220,5,25871.75,38.9
1345,534,439,2,16479.34,24.5
1346,534,508,5,25251.52,9.6
1347,535,545,2,12394.72,21.9
1348,535,18,4,12690.64,40.0
1349,536,492,1,3995.06,20.0
1350,536,273,3,10421.7,8.4
1351,536,101,4,1215.76,13.0
1352,536,403,1,15434.84,5.5
1353,537,260,5,3470.92,15.6
1354,537,82,4,26759.81,3.6
1355,537,379,1,3149.13,19.3
1356,538,204,1,2770.85,30.4
1357,539,23,3,11434.61,17.5
1358,539,341,4,15073.21,12.3
1359,539,350,3,27754.49,47.2
1360,539,348,2,15044.97,4.5
1361,540,28,3,18993.31,15.7
1362,540,204,5,10689.75,20.5
1363,540,298,1,7002.93,0.3
1364,541,95,4,19341.51,6.9
1365,542,154,4,27222.2,34.3
1366,542,226,4,22337.96,40.1
1367,542,536,5,7029.45,18.4
1368,542,386,1,28274.8,16.2
1369,543,22,5,17250.24,20.3
1370,543,199,3,1091.07,5.7
1371,543,265,3,25698.36,37.7
1372,543,31,2,8325.33,26.4
1373,544,279,1,566.31,21.0
1374,544,194,5,9988.52,33.0
1375,544,486,1,9215.94,9.1
1376,545,262,3,8881.14,41.8
1377,545,292,4,25292.83,34.9
1378,545,397,4,3999.88,17.1
1379,546,13,1,19485.99,22.3
1380,547,314,3,17593.76,11.7
1381,547,473,4,21376.8,27.5
1382,547,292,4,8427.09,36.6
1383,548,94,4,16729.95,47.3
1384,548,48,5,8587.71,32.8
1385,548,55,1,22156.24,12.0
1386,548,93,5,9121.89,14.1
1387,549,178,2,23636.55,44.3
1388,549,252,2,19233.21,24.2
1389,549,321,4,21416.96,43.0
1390,550,128,3,11412.88,31.9
1391,550,214,4,2966.1,4.1
1392,550,50,2,26517.59,36.4
1393,550,142,5,25972.61,48.0
1394,551,535,3,2282.23,36.1
1395,552,500,1,3568.21,20.8
1396,553,308,3,7711.9,35.6
1397,554,106,5,7309.41,37.9
1398,555,372,4,6465.28,36.6
1399,555,311,5,27525.66,42.9
1400,555,177,2,7311.15,50.0
1401,555,310,3,16831.08,41.9
1402,556,470,1,19012.44,17.0
1403,556,5,1,4789.04,37.5
1404,556,58,5,24866.54,27.5
1405,556,481,2,12244.75,28.6
1406,557,419,4,21867.58,7.4
1407,558,370,3,12135.08,41.3
1408,558,209,1,23079.23,0.1
1409,558,221,-3,29791.42,23.6
1410,558,471,5,25299.14,1.1
1411,559,252,1,15879.12,25.6
1412,560,446,1,17162.11,44.5
1413,560,231,3,15187.75,29.7
1414,560,169,4,14802.07,15.2
1415,560,38,4,28022.7,8.8
1416,561,356,3,24381.02,19.7
1417,561,61,4,14179.64,18.0
1418,561,487,5,15343.95,25.1
1419,561,294,5,8216.24,23.8
1420,562,4,2,22668.4,3.1
1421,562,42,2,11976.34,49.6
1422,562,199,2,3837.72,37.2
1423,563,354,2,7321.51,30.6
1424,563,176,1,29972.93,23.1
1425,563,381,3,23289.23,2.0
1426,564,233,2,19454.15,13.6
1427,564,344,4,11106.07,6.3
1428,564,89,2,14517.41,31.6
1429,564,444,1,1949.28,39.9
1430,565,410,2,5904.26,24.6
1431,565,418,3,3972.6,26.6
1432,566,410,2,26866.76,41.6
1433,566,164,4,20257.67,9.3
1434,566,533,2,3150.01,11.7
1435,567,483,-3,17563.61,7.1
1436,567,55,1,6211.98,22.3
1437,568,203,2,20515.71,31.6
1438,568,196,5,6395.21,14.0
1439,568,239,1,3923.69,32.3
1440,569,276,4,3120.73,26.2
1441,570,117,4,16256.58,44.7
1442,570,489,4,8944.19,42.2
1443,570,432,3,21864.4,34.6
1444,571,377,5,23767.36,23.2
1445,572,446,2,21427.33,31.5
1446,572,297,5,12917.43,26.5
1447,573,270,5,6480.2,40.1
1448,573,136,5,13758.74,45.5
1449,574,531,1,7216.87,4.7
1450,574,223,5,24745.82,21.0
1451,574,217,3,23403.38,34.0
1452,574,83,2,10015.49,19.8
1453,575,537,2,29714.96,24.7
1454,575,415,3,24882.26,28.9
1455,575,38,2,4355.54,29.2
1456,575,413,1,26728.27,0.0
1457,576,190,4,5150.0,5.2
1458,576,318,4,7336.2,33.9
1459,576,151,5,20332.26,20.7
1460,577,345,5,10501.2,39.4
1461,577,296,3,13120.84,33.1
1462,577,8,1,14150.91,25.7
1463,578,33,1,569.44,7.3
1464,578,55,4,28206.44,19.0
1465,579,227,4,6226.14,35.2
1466,579,172,2,8623.92,25.2
1467,579,360,2,17991.85,3.3
1468,579,400,1,23928.75,29.0
1469,580,11,5,12980.66,36.0
1470,581,453,2,12459.18,15.2
1471,582,203,3,2831.83,49.6
1472,582,481,5,20159.77,30.0
1473,582,527,4,8849.81,46.9
1474,582,366,3,19191.17,28.0
1475,583,293,4,24456.83,35.8
1476,584,446,2,16232.9,38.4
1477,584,308,3,4009.96,47.2
1478,584,262,-2,11730.83,17.2
1479,584,506,5,5822.34,27.1
1480,585,461,5,15123.46,48.8
1481,585,454,3,10707.33,30.3
1482,585,93,3,18607.19,25.2
1483,586,162,5,25831.16,32.2
1484,586,332,4,8484.52,40.1
1485,586,60,2,8030.01,11.1
1486,586,154,2,10813.98,26.4
1487,587,182,3,11727.39,41.1
1488,587,115,1,252.76,27.3
1489,587,192,3,12646.27,14.5
1490,588,1,3,13294.75,23.0
1491,588,307,5,3763.52,37.1
1492,588,61,1,5669.25,5.8
1493,588,218,2,21838.03,40.8
1494,589,321,1,19190.36,45.1
1495,589,360,3,3766.43,26.1
1496,589,419,2,11246.92,42.3
1497,589,515,4,137.96,40.7
1498,590,324,3,23583.59,24.1
1499,590,1,1,3267.25,43.8
1500,590,27,2,25681.46,40.5
1501,591,97,1,17972.35,30.4
1502,591,95,1,5771.81,20.1
1503,591,384,3,1181.84,17.8
1504,591,57,1,20188.1,37.0
1505,592,422,5,13049.67,33.0
1506,592,546,1,16134.41,32.1
1507,593,209,5,27224.45,47.7
1508,593,167,3,616.45,45.9
1509,594,433,5,6678.1,40.6
1510,595,200,3,4979.48,6.7
1511,596,43,1,28075.45,23.6
1512,596,54,5,10527.82,7.7
1513,596,219,5,306.46,20.0
1514,597,186,2,21652.36,32.5
1515,598,398,3,28301.46,21.5
1516,599,96,1,24960.73,3.2
1517,599,173,1,20050.04,6.6
1518,599,113,2,26256.57,30.7
1519,599,121,2,5950.45,9.1
1520,600,521,2,6712.74,39.5
1521,600,508,3,18040.98,27.7
1522,600,139,5,29893.64,40.8
1523,601,397,5,22908.02,43.0
1524,602,296,3,4981.99,3.3
1525,603,223,1,15614.12,20.2
1526,604,106,4,25211.06,43.8
1527,604,14,5,15036.94,5.1
1528,604,260,5,25239.33,13.7
1529,605,270,-2,445.49,34.0
1530,605,288,3,24876.17,45.6
1531,605,361,2,20800.09,22.8
1532,606,408,5,27445.12,17.4
1533,606,443,4,7810.96,30.4
1534,606,226,3,4377.95,30.9
1535,607,298,4,27904.39,49.8
1536,608,442,5,8700.88,20.3
1537,608,184,1,26356.3,40.3
1538,608,324,1,11783.31,42.8
1539,608,196,2,15780.65,31.5
1540,609,481,4,26715.1,16.0
1541,610,138,4,3971.37,40.3
1542,611,87,5,12030.62,0.4
1543,611,124,5,15710.59,13.5
1544,611,400,5,17875.43,31.6
1545,611,397,4,14545.19,2.3
1546,612,379,3,1439.68,3.1
1547,612,388,4,28560.18,10.3
1548,612,162,2,9736.45,13.7
1549,612,510,3,4626.01,41.4
1550,613,35,5,25146.8,15.4
1551,613,1,1,13633.22,5.4
1552,613,534,1,10250.43,7.5
1553,613,329,2,9980.69,38.4
1554,614,122,4,598.08,30.6
1555,614,528,2,8715.83,7.5
1556,615,130,-1,26507.43,46.1
1557,615,127,3,26684.27,11.3
1558,616,284,1,8503.02,1.5
1559,617,525,4,26290.93,24.1
1560,617,228,2,20706.32,15.2
1561,617,272,1,27846.31,21.4
1562,617,202,2,2872.61,24.6
1563,618,515,1,28807.41,40.2
1564,619,155,4,15627.62,30.8
1565,619,319,2,20410.55,18.1
1566,619,167,3,23311.43,43.5
1567,619,419,4,6474.89,35.1
1568,620,201,2,9505.56,14.8
1569,620,506,3,6157.71,5.8
1570,621,540,2,7627.78,18.3
1571,621,192,5,5681.97,48.1
1572,621,26,3,13297.28,23.6
1573,621,340,4,21286.88,26.6
1574,622,307,2,1762.91,23.6
1575,622,329,2,21531.8,19.5
1576,622,513,2,3171.42,38.9
1577,622,458,4,3939.0,32.8
1578,623,493,1,7782.05,47.7
1579,624,4,-2,2540.42,46.1
1580,624,125,5,23674.77,29.9
1581,625,361,2,6484.65,29.8
1582,625,473,4,2990.87,6.1
1583,625,320,2,6889.74,12.2
1584,626,462,4,951.86,1.3
1585,626,169,2,23775.52,15.1
1586,626,443,5,18029.55,18.2
1587,627,424,1,25152.3,23.8
1588,627,71,2,3556.55,28.6
1589,627,544,5,7728.3,22.8
1590,628,528,3,17542.81,2.3
1591,628,131,2,3613.99,8.4
1592,629,330,4,512.02,22.5
1593,629,271,3,21981.89,43.9
1594,630,406,4,21719.41,24.8
1595,630,475,-1,6713.28,19.2
1596,631,412,4,11390.99,35.9
1597,631,13,5,25589.75,6.0
1598,631,4,5,3899.07,29.1
1599,632,516,5,5034.49,27.8
1600,632,426,4,4096.53,13.1
1601,633,211,3,21685.48,18.0
1602,633,203,4,17140.61,33.1
1603,634,412,4,1070.6,13.7
1604,635,238,3,6246.96,17.0
1605,635,97,3,17390.51,50.0
1606,635,187,5,19768.93,49.1
1607,636,360,1,26200.25,37.5
1608,636,101,1,14267.81,35.4
1609,636,158,2,23699.61,12.6
1610,636,268,1,2586.59,20.5
1611,637,359,3,5090.91,31.1
1612,637,371,2,27649.74,10.4
1613,637,382,2,27296.74,19.7
1614,638,182,4,14339.6,18.3
1615,638,501,5,12811.85,10.4
1616,638,410,1,14617.24,49.9
1617,638,473,3,6679.76,40.7
1618,639,305,4,25663.46,9.6
1619,640,502,1,10963.25,1.4
1620,641,77,5,3277.24,15.4
1621,642,316,2,12439.67,12.6
1622,643,77,5,481.71,0.1
1623,643,268,4,3007.74,46.7
1624,644,472,5,17163.54,4.5
1625,644,19,4,6802.74,33.1
1626,644,320,-2,18431.6,28.6
1627,645,237,5,20299.98,5.9
1628,645,397,2,13796.27,21.6
1629,645,463,2,1808.33,25.4
1630,645,186,5,13221.07,7.9
1631,646,372,3,10921.17,34.1
1632,646,481,2,23069.8,24.4
1633,646,107,-1,20470.59,15.4
1634,647,478,2,18797.98,9.1
1635,648,5,5,20667.01,43.4
1636,648,435,4,22654.31,1.7
1637,648,521,3,20239.15,23.7
1638,648,349,5,11417.22,48.4
1639,649,218,4,1626.7,19.1
1640,649,200,4,25205.75,32.9
1641,649,421,3,17876.39,40.4
1642,650,343,4,11611.83,13.0
1643,650,531,3,29176.16,37.2
1644,650,456,2,8324.78,22.2
1645,651,328,3,7315.99,24.8
1646,651,37,1,16818.83,13.6
1647,651,133,5,18373.13,15.7
1648,652,265,2,13283.7,40.7
1649,652,341,1,23208.28,24.1
1650,653,384,2,6041.78,26.7
1651,654,194,4,9158.02,37.0
1652,654,192,3,24361.53,1.5
1653,654,124,2,1755.34,40.1
1654,654,254,3,139.11,44.0
1655,655,181,3,3190.46,40.1
1656,655,264,4,10892.83,11.5
1657,656,443,4,8505.87,21.4
1658,656,211,4,25926.69,37.3
1659,656,207,2,27112.53,9.8
1660,656,299,5,14288.66,5.6
1661,657,55,1,1695.83,4.4
1662,657,291,4,13142.7,24.1
1663,658,336,3,29304.92,13.1
1664,659,488,2,25904.96,1.1
1665,659,481,3,6527.39,16.1
1666,659,208,3,8160.79,47.3
1667,659,531,2,25664.89,1.1
1668,660,188,4,966.9,20.2
1669,660,420,3,13038.12,23.5
1670,660,33,5,20437.98,6.0
1671,661,187,4,27680.97,43.1
1672,661,245,2,5709.34,23.1
1673,662,534,2,27285.88,12.4
1674,662,305,5,13432.24,16.7
1675,662,105,1,14729.44,3.3
1676,663,415,3,3661.26,1.5
1677,664,274,5,6229.05,26.9
1678,664,42,4,15974.15,13.4
1679,664,508,1,6917.14,25.9
1680,664,37,4,6470.7,46.5
1681,665,292,5,3965.96,9.2
1682,665,8,1,5755.35,43.3
1683,665,299,5,7421.26,33.2
1684,666,263,5,9836.1,31.2
1685,666,252,3,29816.03,44.4
1686,666,85,5,27039.9,49.8
1687,666,439,1,6077.1,9.3
1688,667,473,3,13127.84,42.2
1689,668,159,3,4852.71,41.7
1690,668,434,2,18250.85,29.9
1691,668,56,4,5955.43,1.1
1692,669,252,4,10643.46,48.5
1693,669,367,1,13260.99,32.1
1694,670,362,1,24148.89,34.1
1695,671,168,5,10782.75,4.7
1696,671,27,3,230.94,14.6
1697,672,81,1,22766.1,34.6
1698,672,545,5,3876.82,45.4
1699,673,542,1,27295.35,17.3
1700,673,128,4,6603.68,25.8
1701,673,34,4,18040.09,44.2
1702,674,278,3,7177.39,41.5
1703,674,338,1,16119.95,24.3
1704,675,528,3,25573.36,29.3
1705,675,142,1,15182.85,9.2
1706,676,374,5,19875.36,4.0
1707,676,479,5,1326.46,2.7
1708,676,429,5,12754.34,36.3
1709,677,311,1,20288.69,16.9
1710,677,269,3,15423.71,14.1
1711,677,514,3,22139.12,25.5
1712,678,262,3,1328.02,45.9
1713,678,296,-2,17910.23,18.1
1714,679,216,1,25778.21,25.4
1715,679,378,2,13454.44,38.8
1716,679,341,4,18864.8,46.7
1717,680,382,1,3873.11,25.7
1718,680,185,3,22126.16,40.6
1719,680,379,5,14151.12,1.9
1720,681,64,3,16467.83,15.5
1721,681,292,4,13909.17,13.3
1722,681,339,1,13147.67,6.6
1723,681,373,3,23663.95,32.9
1724,682,121,3,27058.97,46.5
1725,682,158,4,13457.87,31.2
1726,682,338,4,9103.66,39.1
1727,682,373,2,14775.49,34.0
1728,683,370,1,20833.58,10.1
1729,683,203,1,1770.88,14.1
1730,683,65,5,7295.72,14.5
1731,683,290,3,26643.13,18.2
1732,684,192,4,21010.73,43.0
1733,684,126,5,1713.66,41.0
1734,684,435,1,9115.51,40.2
1735,684,220,1,15131.99,38.0
1736,685,301,4,2754.95,45.5
1737,686,329,2,11789.97,19.2
1738,686,163,5,20481.32,12.1
1739,686,96,4,1177.8,28.8
1740,686,468,5,29501.39,27.3
1741,687,91,3,23722.65,27.6
1742,688,96,2,5279.03,8.1
1743,689,50,2,21257.68,47.0
1744,689,34,4,17664.32,9.2
1745,689,195,-3,26695.26,27.2
1746,690,532,5,8984.91,47.6
1747,690,174,1,22605.45,20.6
1748,690,65,4,7529.13,44.1
1749,690,546,2,22200.53,27.2
1750,691,525,4,13105.45,24.0
1751,691,95,4,9277.93,42.4
1752,691,191,5,5904.32,34.2
1753,692,507,4,17857.11,32.6
1754,692,445,5,14283.71,41.2
1755,693,280,4,19946.17,15.3
1756,693,173,4,24481.88,10.9
1757,693,319,5,21123.83,12.5
1758,694,339,2,5959.93,14.0
1759,694,448,4,23787.94,29.2
1760,694,414,-3,28168.41,40.3
1761,695,398,5,2009.91,44.9
1762,695,400,5,5543.65,7.0
1763,695,429,2,7365.5,38.6
1764,696,273,2,5653.59,2.6
1765,696,393,2,14630.51,27.9
1766,697,55,4,14809.0,15.0
1767,697,397,5,28913.47,24.8
1768,697,66,3,23637.99,16.4
1769,698,334,4,15122.23,28.1
1770,698,461,-2,10185.99,42.5
1771,698,409,4,19152.32,23.9
1772,698,381,3,28225.11,13.2
1773,699,230,1,7735.27,21.7
1774,699,170,3,24009.12,8.9
1775,699,479,2,2724.63,34.2
1776,699,38,3,13731.8,5.0
1777,700,141,5,2871.38,48.6
1778,700,52,1,24153.55,20.4
1779,700,256,2,6791.56,44.0
1780,701,51,2,25005.37,35.5
1781,701,90,4,26981.38,20.5
1782,701,270,2,25640.83,33.6
1783,702,286,2,16484.22,0.1
1784,703,518,1,22126.69,24.6
1785,704,373,5,2537.49,13.4
1786,705,303,2,14245.14,35.2
1787,705,417,5,12933.51,47.9
1788,705,371,2,9564.25,49.0
1789,705,22,1,9432.13,43.4
1790,706,491,1,424.1,37.6
1791,706,376,2,3351.18,27.5
1792,706,127,3,24126.93,10.1
1793,706,227,3,29950.44,12.0
1794,707,45,5,3875.14,14.1
1795,707,291,2,12471.66,20.6
1796,708,45,4,29043.85,17.0
1797,708,180,-1,7591.35,16.3
1798,708,227,4,13761.39,6.9
1799,708,207,2,12214.96,44.6
1800,709,148,3,3470.77,0.4
1801,710,448,1,9644.28,47.8
1802,710,500,2,2588.55,26.1
1803,710,43,4,26098.06,29.9
1804,711,247,2,17273.05,11.5
1805,711,374,2,599.27,43.3
1806,712,543,4,9992.33,40.9
1807,712,289,5,8974.32,7.3
1808,712,328,5,6893.34,7.4
1809,713,406,5,23545.23,31.4
1810,713,272,1,17248.76,7.1
1811,714,312,1,9757.52,15.2
1812,715,324,5,6718.59,14.2
1813,716,254,2,294.74,24.1
1814,716,230,3,5885.88,35.0
1815,716,427,5,24606.99,45.0
1816,717,416,3,7075.29,46.5
1817,718,151,4,420.65,48.3
1818,719,452,3,21142.53,43.7
1819,719,63,2,25891.99,46.0
1820,719,114,5,22371.02,4.6
1821,720,390,5,13389.05,1.8
1822,720,542,4,28560.01,11.8
1823,720,112,5,7245.5,38.2
1824,721,59,3,26785.15,29.5
1825,722,194,4,8696.92,25.0
1826,722,254,3,21708.21,2.2
1827,722,76,3,27849.48,43.5
1828,722,500,3,17170.92,46.6
1829,723,479,4,25963.63,0.3
1830,723,22,2,26093.52,23.4
1831,723,510,3,12818.82,32.6
1832,724,461,2,12379.03,38.0
1833,724,114,4,23650.31,41.0
1834,725,125,5,25836.16,1.0
1835,726,28,2,13136.56,0.2
1836,727,286,1,24455.99,3.4
1837,728,51,2,15868.71,17.2
1838,728,202,5,13908.78,41.2
1839,728,140,1,2630.34,33.6
1840,728,512,4,15244.96,44.0
1841,729,108,4,19459.64,38.6
1842,730,314,3,28856.48,18.1
1843,730,445,5,20606.82,49.5
1844,730,29,2,1203.87,43.3
1845,730,503,1,29130.94,18.4
1846,731,471,5,5323.77,2.2
1847,731,290,1,12790.03,37.4
1848,732,485,1,14752.92,24.8
1849,732,194,3,15023.87,30.4
1850,732,372,5,27862.38,33.3
1851,732,124,5,9276.16,26.9
1852,733,396,2,23213.34,42.1
1853,733,481,1,20941.15,44.6
1854,733,128,5,3780.35,19.1
1855,734,115,2,20379.49,10.6
1856,734,92,5,14403.87,10.8
1857,734,431,4,15958.04,25.8
1858,734,194,4,11279.94,11.8
1859,735,183,5,20298.55,38.8
1860,735,434,3,14453.63,6.2
1861,735,176,2,12156.61,42.7
1862,736,298,2,17160.5,8.3
1863,736,378,5,6708.75,22.0
1864,737,523,5,19565.58,34.3
1865,737,442,4,11268.3,37.9
1866,737,344,3,9837.14,24.1
1867,737,9,4,23451.14,28.1
1868,738,308,2,9124.1,16.0
1869,738,209,5,27757.27,3.8
1870,738,76,4,10616.38,42.9
1871,738,129,4,4821.84,30.9
1872,739,193,3,13576.15,17.6
1873,740,191,4,16121.64,44.5
1874,740,263,1,24216.94,26.9
1875,740,202,4,17221.64,13.6
1876,740,205,5,19332.17,13.6
1877,741,62,1,567.68,7.3
1878,742,486,5,4592.59,46.0
1879,742,267,-3,24010.92,25.2
1880,742,198,5,12528.2,44.7
1881,742,358,1,6502.42,7.8
1882,743,379,3,6383.1,15.3
1883,743,460,1,3112.29,16.2
1884,744,39,1,19326.47,43.5
1885,744,194,3,25262.72,43.9
1886,744,307,2,9126.45,47.0
1887,744,470,3,12545.15,8.1
1888,745,127,3,23812.1,31.1
1889,745,237,2,19941.98,28.5
1890,746,502,1,22547.4,12.3
1891,747,235,1,27557.96,40.1
1892,747,283,3,14221.3,2.5
1893,747,395,4,1616.64,39.6
1894,748,53,3,3339.84,9.5
1895,749,77,1,22232.36,0.0
1896,749,266,3,19029.93,24.4
1897,750,69,3,13140.06,33.2
1898,750,393,3,8167.4,9.6
1899,750,527,4,11822.77,36.5
1900,750,43,-3,10282.27,47.0
1901,751,337,3,16602.56,22.0
1902,752,383,5,5196.02,3.0
1903,753,182,5,25897.33,32.2
1904,753,312,3,4884.97,29.1
1905,753,183,5,3475.8,5.5
1906,754,87,5,28848.18,34.7
1907,755,195,2,271.08,6.0
1908,755,124,1,3331.37,15.1
1909,755,292,1,18616.47,25.3
1910,755,173,3,13131.61,49.0
1911,756,413,2,13954.2,47.0
1912,756,373,2,19896.02,22.9
1913,756,305,5,28554.22,45.7
1914,756,76,3,20846.08,28.8
1915,757,196,1,26783.67,4.9
1916,757,154,3,26491.8,10.9
1917,757,117,5,23048.33,44.4
1918,758,297,1,21845.26,7.4
1919,758,188,3,11896.63,47.1
1920,759,84,3,7482.22,41.8
1921,759,249,3,4851.89,26.8
1922,759,162,1,24424.92,23.7
1923,759,11,-1,18610.48,36.6
1924,760,437,5,21053.92,44.8
1925,760,405,2,2343.66,22.4
1926,760,482,3,25300.85,2.6
1927,760,310,2,20998.84,44.1
1928,761,75,2,8581.35,23.1
1929,761,20,3,8367.63,21.6
1930,761,505,1,13162.35,40.5
1931,762,183,4,22598.43,47.7
1932,762,498,2,17469.81,16.0
1933,763,225,2,23871.56,25.6
1934,763,106,4,19478.32,48.5
1935,764,471,4,26550.71,36.9
1936,764,437,2,19556.33,11.6
1937,765,237,1,24636.5,36.3
1938,765,81,5,5693.88,4.0
1939,765,534,2,9442.6,23.4
1940,765,377,1,24471.36,49.2
1941,766,508,1,21724.11,27.6
1942,767,290,4,11398.76,20.8
1943,767,410,2,23084.04,11.9
1944,767,203,3,27367.39,17.9
1945,768,287,2,27016.72,29.1
1946,768,368,2,24532.24,41.2
1947,768,285,3,18408.78,17.6
1948,769,424,3,3381.04,37.4
1949,770,27,4,9327.81,5.4
1950,771,440,3,22050.63,0.5
1951,771,235,1,7629.08,24.6
1952,772,146,4,25314.01,39.3
1953,772,145,1,29792.1,9.9
1954,772,243,2,6572.73,41.3
1955,772,268,5,2497.33,3.2
1956,773,362,3,26332.05,47.7
1957,773,315,2,13292.95,15.9
1958,774,251,5,25253.75,10.3
1959,774,510,1,26940.2,49.8
1960,774,223,2,29222.27,2.7
1961,774,73,3,23465.94,29.1
1962,775,27,5,2956.19,40.1
1963,775,28,4,9005.42,47.6
1964,775,241,1,27539.09,6.4
1965,776,312,1,16364.8,22.4
1966,776,78,3,29178.2,3.1
1967,777,546,3,17079.37,28.7
1968,777,457,1,6367.77,6.4
1969,777,197,-1,19362.39,33.2
1970,777,189,2,9272.93,6.5
1971,778,422,1,24163.21,14.7
1972,779,2,1,7108.95,18.3
1973,779,68,4,17179.62,6.7
1974,779,13,2,20570.51,6.4
1975,779,300,3,12755.57,43.0
1976,780,134,1,21352.11,40.0
1977,780,88,5,28234.21,27.7
1978,780,501,4,14784.09,23.8
1979,780,387,3,25956.57,10.9
1980,781,476,1,16037.63,28.7
1981,781,79,2,1347.42,25.3
1982,781,132,3,10901.26,29.3
1983,781,219,5,12355.69,25.5
1984,782,468,2,8488.43,26.9
1985,783,511,5,19753.89,38.9
1986,784,254,1,10500.3,24.2
1987,785,523,1,23040.22,27.0
1988,785,340,4,21636.75,1.6
1989,785,198,3,18068.42,38.4
1990,786,459,3,7624.71,47.2
1991,786,84,3,25438.46,44.8
1992,787,144,4,28909.66,3.7
1993,788,202,3,10835.34,32.4
1994,788,470,2,20245.71,13.3
1995,788,286,1,13560.25,47.0
1996,789,467,5,27821.15,8.2
1997,789,480,2,29251.14,40.0
1998,789,516,1,22233.99,22.8
1999,789,539,1,27774.45,1.1
2000,790,507,3,12135.72,34.4
2001,790,70,4,16168.7,0.8
2002,790,128,1,28284.06,1.1
2003,791,438,4,7787.65,13.7
2004,791,419,2,23110.77,15.0
2005,791,496,4,1872.89,12.9
2006,792,482,5,13949.26,38.9
2007,792,85,2,9856.36,38.8
2008,792,118,3,6801.45,37.7
2009,792,17,2,9307.94,18.8
2010,793,543,1,7897.38,48.0
2011,793,495,1,24103.69,22.1
2012,793,263,5,28011.61,28.7
2013,793,62,5,4909.23,23.4
2014,794,541,2,1869.72,25.6
2015,794,125,3,7427.32,12.4
2016,794,108,3,20711.26,40.8
2017,795,523,2,13965.12,29.7
2018,796,59,4,8197.27,36.4
2019,796,23,4,24201.35,23.4
2020,796,252,-3,9985.05,19.0
2021,796,278,2,6244.59,3.7
2022,797,265,1,19238.32,1.4
2023,797,112,-1,7510.61,20.1
2024,797,69,1,23543.37,18.0
2025,798,181,3,8016.87,32.3
2026,798,78,4,19654.18,47.3
2027,799,205,4,3685.58,41.6
2028,799,272,3,20075.46,31.1
2029,799,140,3,8177.03,7.1
2030,800,547,3,9506.05,21.9
2031,801,549,5,11125.45,26.7
2032,801,158,5,17457.83,42.6
2033,801,412,1,5570.88,9.6
2034,802,356,3,15384.16,34.7
2035,802,380,3,26289.26,8.6
2036,803,345,-2,9552.95,43.6
2037,804,462,3,7851.49,39.5
2038,805,135,4,14820.99,24.1
2039,805,367,3,17008.26,13.2
2040,805,186,1,9252.96,14.1
2041,806,50,4,17092.17,43.7
2042,807,400,2,28812.43,33.6
2043,807,305,3,24089.57,24.8
2044,808,361,4,718.86,5.0
2045,808,298,3,828.28,7.9
2046,809,260,1,2868.14,21.7
2047,809,363,5,25647.59,40.7
2048,809,203,3,14115.17,22.0
2049,810,407,1,21229.18,14.8
2050,810,140,4,23238.16,10.9
2051,811,61,5,15304.61,26.6
2052,811,237,2,13851.88,28.7
2053,811,305,2,12878.65,39.3
2054,812,271,3,18174.46,37.4
2055,812,425,5,10685.77,22.8
2056,812,269,1,5281.69,36.3
2057,812,345,4,21317.95,14.4
2058,813,450,2,25515.19,46.6
2059,813,110,1,4925.9,30.0
2060,814,404,1,13903.92,45.9
2061,814,133,1,23016.72,13.8
2062,815,285,4,10157.06,18.3
2063,816,168,2,15188.77,47.9
2064,817,359,-1,21249.75,40.2
2065,818,39,3,20407.21,16.9
2066,818,489,5,29321.35,47.4
2067,819,431,5,6384.85,35.0
2068,819,503,2,24615.6,49.7
2069,819,494,2,21492.0,26.0
2070,819,280,4,23115.12,28.9
2071,820,353,1,4224.81,0.1
2072,821,170,3,28617.4,34.8
2073,821,70,5,20027.84,19.1
2074,821,264,3,6575.62,24.8
2075,821,199,3,14344.44,5.6
2076,822,365,5,17077.06,9.7
2077,823,228,2,25254.77,23.4
2078,823,32,2,3252.97,6.5
2079,823,371,2,26683.74,13.8
2080,823,53,3,15564.11,2.6
2081,824,465,1,15812.01,20.6
2082,824,383,1,18264.12,23.6
2083,825,29,2,28318.64,6.1
2084,825,490,3,10480.37,12.3
2085,826,424,1,24404.51,40.5
2086,826,39,5,15531.22,23.2
2087,826,135,4,10887.28,39.5
2088,827,203,1,24589.64,27.5
2089,828,445,5,8561.98,3.4
2090,829,13,2,27989.38,2.4
2091,829,174,5,12753.59,32.5
2092,829,287,4,9803.8,34.1
2093,830,6,1,8970.61,41.4
2094,830,347,2,11785.71,31.1
2095,830,100,2,13414.86,25.1
2096,831,107,2,1276.87,39.7
2097,831,128,5,8184.67,33.1
2098,831,295,3,27209.28,7.3
2099,832,396,2,25763.59,45.2
2100,832,268,4,13529.06,48.4
2101,832,199,5,20193.27,34.7
2102,832,303,3,16033.66,22.3
2103,833,89,4,13786.13,7.6
2104,834,297,5,13555.5,30.6
2105,834,94,4,14234.02,3.6
2106,834,517,5,6461.56,42.2
2107,834,459,3,10755.59,33.5
2108,835,265,4,16442.8,13.5
2109,835,253,-1,14525.94,29.5
2110,836,353,5,5435.18,21.6
2111,836,70,5,4272.9,2.5
2112,836,522,2,20080.09,47.4
2113,836,458,2,28920.61,38.8
2114,837,145,4,29707.72,49.5
2115,838,256,-2,13789.26,25.3
2116,838,5,5,3542.65,11.7
2117,839,186,1,17451.98,39.2
2118,839,349,3,27514.51,40.6
2119,839,398,5,1480.71,47.7
2120,840,208,3,2287.93,45.5
2121,841,416,2,17690.37,16.2
2122,841,347,5,8082.33,44.5
2123,842,452,1,15011.72,46.9
2124,842,29,3,23636.67,12.4
2125,842,511,1,23539.63,36.7
2126,842,45,4,29755.81,44.6
2127,843,202,4,7227.01,45.5
2128,843,397,2,26262.09,45.3
2129,843,449,4,24019.72,41.6
2130,844,262,1,15753.34,14.5
2131,844,384,4,9297.42,13.7
2132,844,514,3,26483.12,31.4
2133,845,112,4,6296.47,12.9
2134,845,516,1,19026.49,6.8
2135,845,513,5,26098.62,41.7
2136,846,126,1,527.53,34.9
2137,846,322,2,19888.33,0.3
2138,847,524,4,2225.03,41.5
2139,847,265,1,22049.24,23.2
2140,847,360,4,311.28,15.8
2141,848,87,3,11180.44,32.6
2142,848,102,4,22579.88,20.0
2143,849,486,3,14471.67,19.7
2144,849,444,2,351.78,33.6
2145,849,395,2,17624.85,15.5
2146,850,190,3,17239.47,26.9
2147,850,73,2,17839.21,25.1
2148,850,503,4,10881.73,37.0
2149,851,171,5,10918.28,2.0
2150,851,6,2,17887.86,26.8
2151,852,539,3,1137.56,19.0
2152,852,443,3,12505.08,48.0
2153,853,39,1,7782.6,2.8
2154,853,252,2,29994.76,41.0
2155,854,248,1,27661.23,40.0
2156,854,21,1,12074.46,12.6
2157,855,352,2,20926.23,17.8
2158,855,536,1,10373.72,13.8
2159,855,511,4,28098.44,17.3
2160,856,325,5,26402.88,10.0
2161,856,75,1,19736.25,16.4
2162,857,435,5,21390.24,28.8
2163,857,443,5,13177.16,12.5
2164,857,254,5,27710.37,16.4
2165,857,209,1,20805.77,30.0
2166,858,443,4,28034.72,15.3
2167,859,432,5,8590.32,21.6
2168,859,173,1,14608.87,29.5
2169,859,201,4,16981.22,41.9
2170,859,403,1,2804.63,43.9
2171,860,507,1,20422.29,49.8
2172,860,79,2,25116.86,9.4
2173,861,163,3,19144.56,28.6
2174,861,104,3,21957.19,19.1
2175,861,132,3,12570.47,9.1
2176,861,128,4,10163.79,20.4
2177,862,218,2,8709.67,36.6
2178,862,362,3,7293.41,26.9
2179,863,15,3,9469.74,42.8
2180,863,241,3,2059.82,13.7
2181,863,55,2,26535.95,26.5
2182,864,355,3,533.03,47.7
2183,864,51,2,28255.66,25.8
2184,865,26,-1,2672.57,45.4
2185,865,144,-2,2976.16,27.9
2186,865,272,3,21107.87,12.1
2187,865,277,4,14293.98,32.2
2188,866,447,1,13183.37,22.2
2189,866,364,2,10192.84,15.5
2190,866,352,3,14097.77,4.9
2191,866,264,4,12896.92,17.0
2192,867,223,2,13933.87,2.6
2193,867,131,1,10437.8,46.7
2194,868,213,2,19133.97,28.5
2195,869,162,3,24389.45,23.7
2196,869,484,5,2189.14,6.6
2197,869,339,1,6709.31,45.9
2198,869,517,1,4526.34,22.1
2199,870,372,1,28473.16,40.1
2200,870,323,1,12700.53,33.7
2201,871,35,3,17981.4,2.3
2202,871,401,3,5768.73,12.6
2203,872,402,2,24728.99,37.4
2204,872,274,4,17688.36,12.6
2205,873,8,2,5037.99,44.5
2206,873,58,5,7245.4,7.9
2207,874,520,4,27660.05,16.0
2208,875,109,3,6619.62,0.7
2209,875,58,1,20001.48,10.6
2210,875,224,3,15482.92,43.0
2211,875,193,4,27961.63,44.2
2212,876,413,2,16626.93,15.5
2213,876,379,1,7315.74,13.7
2214,876,424,2,6684.56,35.6
2215,877,363,1,10092.12,37.4
2216,877,424,3,3720.51,15.6
2217,877,542,1,24547.01,25.7
2218,877,292,4,11936.91,33.7
2219,878,370,1,1349.07,46.4
2220,878,419,2,21189.64,22.4
2221,878,336,2,17124.13,19.8
2222,879,529,5,4876.7,48.5
2223,879,263,1,21997.35,16.9
2224,879,144,5,19053.54,42.0
2225,880,465,4,12455.06,13.7
2226,880,134,4,9275.86,2.9
2227,881,48,5,16830.99,6.1
2228,881,80,2,10914.94,37.9
2229,881,226,2,18222.71,8.3
2230,881,499,1,2699.78,49.5
2231,882,404,-2,20338.44,33.4
2232,882,137,2,18143.37,46.1
2233,882,267,2,19811.0,32.8
2234,883,413,4,15222.82,15.5
2235,883,469,4,11380.85,15.4
2236,883,25,4,27885.62,41.0
2237,883,52,5,19050.1,10.5
2238,884,518,3,17420.51,16.7
2239,884,163,2,17168.84,39.6
2240,884,365,5,22548.36,7.3
2241,884,17,2,9889.09,36.7
2242,885,500,3,21563.42,44.1
2243,885,251,5,21376.97,23.7
2244,886,277,2,23450.63,34.0
2245,887,258,1,10667.8,46.9
2246,887,441,4,2699.33,2.4
2247,887,427,5,11936.08,25.1
2248,888,533,3,18161.72,49.2
2249,888,535,2,20437.41,39.8
2250,888,483,5,10870.77,26.0
2251,888,174,3,12570.93,4.3
2252,889,280,2,26077.93,27.2
2253,889,49,1,11911.76,37.1
2254,889,234,4,17609.95,40.2
2255,890,506,5,16575.93,0.1
2256,890,254,2,4882.29,40.0
2257,891,395,5,22955.03,9.0
2258,892,157,1,10977.99,10.8
2259,893,249,2,20398.79,14.6
2260,893,405,-3,5405.25,8.4
2261,894,188,5,17884.65,21.3
2262,895,36,3,18171.42,44.9
2263,895,116,1,19926.29,22.8
2264,896,409,1,19719.13,31.9
2265,896,15,1,28541.4,18.8
2266,896,8,2,24642.78,8.7
2267,897,317,2,23546.32,25.5
2268,897,543,1,11244.27,3.6
2269,897,245,4,9202.9,30.9
2270,898,477,1,26947.49,34.5
2271,899,12,2,27192.8,42.2
2272,899,137,5,7198.72,49.6
2273,899,495,1,25845.32,27.3
2274,899,145,3,18850.27,28.4
2275,900,184,2,3486.35,33.3
2276,901,26,5,26126.0,10.7
2277,902,78,3,5688.38,22.5
2278,902,240,2,19700.66,2.1
2279,902,143,2,3439.92,21.8
2280,903,298,2,5107.21,19.3
2281,903,170,1,22504.07,4.2
2282,903,542,1,3476.9,21.7
2283,904,550,1,10059.47,25.4
2284,904,422,2,13026.08,11.7
2285,904,139,-1,1319.8,28.7
2286,904,8,3,6340.6,42.9
2287,905,13,5,8502.26,3.7
2288,905,370,1,13476.03,39.8
2289,905,203,-2,15103.84,8.2
2290,906,423,4,15175.81,21.8
2291,906,502,1,22041.71,28.0
2292,906,458,1,19547.31,19.6
2293,907,42,3,21564.8,0.4
2294,907,348,2,13311.79,22.7
2295,907,523,4,7347.0,36.3
2296,908,27,5,27242.47,6.5
2297,908,121,1,22567.05,3.2
2298,909,262,2,25509.97,26.7
2299,909,29,5,17936.48,18.2
2300,910,311,1,2077.68,23.5
2301,910,43,3,25690.24,23.7
2302,911,91,4,8218.34,17.6
2303,912,447,1,4989.48,47.8
2304,912,523,1,13490.15,33.0
2305,912,416,-3,9003.1,34.2
2306,912,200,5,29481.63,26.1
2307,913,128,3,24646.29,16.8
2308,914,512,1,17575.7,16.9
2309,914,412,4,22160.03,4.8
2310,914,476,2,23725.43,22.5
2311,914,450,1,27966.38,24.2
2312,915,42,3,21148.66,17.5
2313,915,133,4,15193.57,8.1
2314,915,157,2,9745.6,9.5
2315,915,211,5,27530.44,31.8
2316,916,545,5,14281.61,11.8
2317,916,275,4,5322.08,22.9
2318,917,195,3,21047.56,44.6
2319,917,221,2,21030.83,12.7
2320,918,516,2,21444.64,40.0
2321,918,411,4,8656.84,14.3
2322,919,466,2,9640.94,37.9
2323,919,255,3,4013.04,12.0
2324,920,427,4,5064.05,48.6
2325,921,255,1,28178.39,31.5
2326,921,342,1,12389.24,9.7
2327,921,232,1,3589.06,34.6
2328,921,241,3,12010.89,9.8
2329,922,182,5,16742.48,9.1
2330,922,426,3,13835.17,14.2
2331,922,217,3,23996.46,5.9
2332,923,209,1,2417.14,23.4
2333,923,278,5,8022.8,49.6
2334,923,298,3,5084.35,40.6
2335,924,184,1,26987.02,3.7
2336,924,308,1,29363.2,20.4
2337,924,388,5,5291.76,12.6
2338,925,296,4,21880.35,16.2
2339,925,183,5,18587.8,44.1
2340,925,514,5,24378.27,18.0
2341,925,453,1,13995.06,40.5
2342,926,378,3,14455.2,28.4
2343,926,78,2,1556.63,47.9
2344,926,542,5,5228.34,16.2
2345,927,79,1,4295.39,20.2
2346,927,27,2,22309.31,26.8
2347,928,173,1,27635.39,31.6
2348,928,316,-2,22117.8,29.5
2349,928,211,1,11390.83,43.2
2350,928,49,2,22523.55,45.7
2351,929,151,1,15614.29,24.6
2352,930,396,4,2418.04,38.6
2353,931,86,2,9620.79,6.9
2354,931,359,1,12517.92,0.1
2355,931,10,1,5698.67,49.1
2356,931,105,5,16279.89,39.5
2357,932,137,1,16670.11,44.4
2358,932,116,5,16485.08,7.1
2359,933,474,4,18574.81,40.7
2360,934,518,1,8648.94,13.9
2361,934,268,3,11828.47,32.1
2362,934,168,4,5170.44,35.3
2363,934,34,4,2125.12,49.0
2364,935,174,5,8270.49,48.8
2365,935,532,4,6478.87,37.7
2366,935,330,5,15164.91,29.7
2367,936,349,4,17285.97,33.0
2368,937,400,4,9425.3,31.3
2369,937,455,5,6630.7,13.6
2370,938,325,-2,24537.51,11.5
2371,939,243,4,22288.03,43.7
2372,940,420,5,12632.4,17.9
2373,940,393,4,611.02,24.3
2374,940,436,2,2703.47,4.4
2375,941,133,4,9392.96,32.8
2376,941,399,5,797.85,39.3
2377,941,170,3,17514.59,3.0
2378,942,240,3,4808.58,13.8
2379,942,330,4,22937.17,47.3
2380,942,416,4,21709.8,20.9
2381,943,331,3,16847.91,37.5
2382,943,470,2,9974.71,8.5
2383,943,229,5,24900.55,21.0
2384,944,85,3,23208.46,42.6
2385,945,180,2,23617.49,19.9
2386,945,281,5,28511.24,28.2
2387,945,439,1,24615.99,33.2
2388,945,336,1,13185.93,2.9
2389,946,92,3,4390.71,28.2
2390,946,351,3,6719.15,34.7
2391,946,85,2,20303.88,30.4
2392,947,385,4,2202.66,6.5
2393,947,254,2,750.79,3.0
2394,947,342,1,11996.38,12.3
2395,947,165,4,2379.26,26.4
2396,948,539,2,19556.14,45.1
2397,948,508,2,19804.45,34.6
2398,948,194,1,21385.76,30.6
2399,948,460,4,1543.26,12.3
2400,949,63,3,8513.0,26.5
2401,949,517,4,19615.48,43.3
2402,950,186,5,27549.11,4.4
2403,951,50,4,14617.13,48.8
2404,951,163,4,28192.32,39.2
2405,951,69,4,10327.84,47.7
2406,951,33,3,10522.96,16.5
2407,952,214,5,3413.72,16.5
2408,953,207,1,4277.33,31.2
2409,953,367,3,6242.16,41.1
2410,953,114,2,5845.01,12.5
2411,954,211,1,9408.65,32.7
2412,955,345,-2,7586.93,21.6
2413,955,30,4,524.75,22.0
2414,955,476,3,19004.04,6.2
2415,956,314,1,27983.11,45.2
2416,956,520,3,16918.36,12.2
2417,956,489,2,13649.66,43.9
2418,957,256,5,9883.03,23.9
2419,957,56,2,20034.22,7.9
2420,957,179,3,15266.69,10.3
2421,957,289,1,4908.16,27.3
2422,958,544,3,28555.79,19.2
2423,958,87,5,17513.08,37.5
2424,958,308,3,9475.66,40.8
2425,959,306,2,7223.87,29.2
2426,959,443,1,29059.19,8.5
2427,959,258,5,11332.86,26.9
2428,960,262,5,17678.88,38.1
2429,960,506,3,22958.51,6.2
2430,960,10,4,13597.66,2.2
2431,961,434,3,27120.56,37.1
2432,961,502,1,1813.14,34.6
2433,962,473,1,24876.8,24.8
2434,963,434,1,6724.65,14.9
2435,963,44,5,18580.68,40.1
2436,963,255,4,26568.75,17.5
2437,964,182,2,21554.98,35.6
2438,964,500,2,26089.2,38.0
2439,964,354,4,20649.25,25.1
2440,965,364,4,27227.36,19.6
2441,966,356,4,3383.37,16.3
2442,967,427,5,26755.45,49.0
2443,967,83,4,28033.24,11.9
2444,967,432,1,10314.89,44.1
2445,967,425,4,3585.36,45.3
2446,968,213,2,5702.23,13.0
2447,968,343,1,15371.72,18.7
2448,969,69,4,27115.87,22.6
2449,969,132,3,16785.49,38.0
2450,969,84,5,14633.91,15.2
2451,969,149,5,18861.44,49.5
2452,970,88,1,10490.38,24.7
2453,970,436,2,11721.57,43.8
2454,971,185,1,12716.49,6.7
2455,971,356,-1,4110.88,14.1
2456,972,114,2,29193.5,37.7
2457,973,515,2,14054.06,34.1
2458,974,537,3,6864.04,19.4
2459,975,154,3,12573.64,10.3
2460,975,178,4,13697.74,19.6
2461,975,198,2,23013.9,26.0
2462,975,13,1,23997.85,44.0
2463,976,223,2,14116.33,0.9
2464,977,316,4,9207.72,34.7
2465,977,537,3,3907.01,36.2
2466,978,424,2,484.71,12.1
2467,978,83,1,20633.3,21.5
2468,978,119,5,9952.5,33.3
2469,979,143,1,21334.11,4.7
2470,979,69,5,22887.05,23.3
2471,979,343,1,24305.22,10.5
2472,979,205,4,11857.99,19.6
2473,980,492,2,4835.13,47.6
2474,980,180,5,8468.44,0.5
2475,980,520,4,18372.2,35.9
2476,981,32,3,19024.96,9.9
2477,981,231,2,4743.48,12.5
2478,981,503,4,28590.34,16.5
2479,982,101,4,15089.62,27.8
2480,982,351,1,3861.47,42.9
2481,982,49,2,8592.76,42.7
2482,982,256,5,18148.61,25.0
2483,983,518,2,27288.76,45.3
2484,983,244,1,8368.46,23.3
2485,984,424,1,12305.47,17.6
2486,984,275,3,4216.22,45.1
2487,984,92,2,21123.84,40.2
2488,984,252,5,19699.81,32.8
2489,985,135,5,25689.97,29.0
2490,986,195,4,25916.89,3.8
2491,986,263,5,16128.07,21.8
2492,986,328,1,23330.62,47.8
2493,987,93,5,10465.7,20.0
2494,988,528,3,28782.29,37.8
2495,988,193,4,24231.29,46.2
2496,988,146,3,2700.11,31.9
2497,988,214,4,3271.67,38.8
2498,989,420,4,16093.75,49.8
2499,989,36,1,20101.34,1.5
2500,990,220,2,441.06,45.6
2501,990,103,4,25587.57,21.4
2502,991,454,2,19441.36,11.2
2503,991,168,5,6791.28,44.8
2504,992,431,1,17421.23,34.8
2505,992,495,3,14762.47,14.4
2506,992,1,2,17709.7,24.5
2507,993,326,4,6116.68,12.2
2508,994,258,5,19648.69,24.8
2509,994,6,1,22676.09,25.9
2510,994,350,5,3822.91,42.5
2511,994,278,1,4184.29,29.5
2512,995,433,3,29534.72,38.9
2513,995,430,1,16950.16,25.8
2514,996,15,3,18291.05,23.3
2515,996,93,1,864.7,45.8
2516,996,301,1,13577.27,26.0
2517,997,264,2,18961.04,36.4
2518,997,402,4,22621.8,11.6
2519,997,452,1,16678.72,13.8
2520,998,110,5,11401.1,3.4
2521,998,544,1,6113.72,0.7
2522,999,129,1,3196.58,48.3
2523,999,260,1,5969.94,17.7
2524,999,180,1,17376.92,8.3
2525,1000,65,5,18783.18,41.0
2526,1000,186,2,22833.95,7.0
2527,1000,322,4,20413.5,49.4
2528,1001,441,5,17359.43,16.0
2529,1001,38,1,26837.89,39.1
2530,1001,397,1,19465.2,28.2
2531,1001,170,4,16548.39,26.7
2532,1002,298,5,5976.93,11.9
2533,1002,200,5,19968.83,31.7
2534,1002,22,4,21198.75,9.0
2535,1003,249,3,28008.8,28.0
2536,1003,523,1,6751.61,41.2
2537,1003,171,4,15329.71,2.8
2538,1003,5,4,12239.15,22.6
2539,1004,140,5,16624.89,6.7
2540,1005,234,2,15966.92,49.1
2541,1006,328,5,22596.81,9.3
2542,1006,449,1,6355.5,0.6
2543,1006,277,5,14517.02,29.7
2544,1006,35,3,22812.72,23.6
2545,1007,388,4,2017.92,46.2
2546,1007,332,4,14351.08,12.9
2547,1008,98,3,22988.97,17.8
2548,1008,317,3,20369.89,47.5
2549,1008,324,2,29494.64,16.2
2550,1009,50,1,24586.14,15.7
2551,1009,116,2,23641.66,27.2
2552,1009,534,3,13852.42,14.3
2553,1009,375,1,19505.38,3.0
2554,1010,545,1,25798.48,11.2
2555,1010,10,1,5406.58,24.2
2556,1010,208,4,1643.46,46.1
2557,1010,517,3,11366.99,34.4
2558,1011,155,3,4238.36,38.5
2559,1011,251,3,2406.2,43.2
2560,1012,482,5,16363.09,41.2
2561,1012,544,2,28849.28,49.8
2562,1012,137,2,13973.22,18.9
2563,1013,165,3,14493.91,36.2
2564,1013,524,2,19014.6,1.2
2565,1013,387,3,19578.43,14.0
2566,1013,474,4,22587.77,34.8
2567,1014,540,2,5447.71,28.6
2568,1014,99,2,28001.46,35.1
2569,1014,194,1,26024.51,38.2
2570,1014,126,2,10520.68,34.3
2571,1015,98,3,8418.32,42.2
2572,1015,514,3,16209.29,26.5
2573,1015,370,2,2657.59,38.3
2574,1016,238,2,936.9,45.2
2575,1017,518,2,9858.87,15.1
2576,1017,155,3,29517.23,29.0
2577,1018,369,5,17567.98,21.8
2578,1018,454,2,4518.0,37.0
2579,1018,103,5,12593.01,42.5
2580,1018,437,5,9480.49,14.6
2581,1019,306,5,24737.77,47.2
2582,1019,449,1,17340.93,42.6
2583,1020,182,2,11848.66,3.9
2584,1020,534,1,25572.71,14.7
2585,1020,297,4,4815.15,19.7
2586,1020,405,5,23107.68,11.8
2587,1021,415,5,24778.6,14.2
2588,1021,320,4,8510.5,4.0
2589,1022,444,2,7698.4,32.6
2590,1023,36,1,21428.56,34.5
2591,1023,235,2,23081.24,21.6
2592,1024,537,3,9250.21,14.5
2593,1024,281,-3,10005.59,30.8
2594,1025,156,1,19052.26,25.6
2595,1025,167,1,1187.91,36.6
2596,1025,361,1,22219.21,39.5
2597,1025,78,4,26741.2,14.8
2598,1026,107,5,19837.66,10.0
2599,1027,389,2,27055.59,13.9
2600,1028,427,4,16416.1,14.4
2601,1029,227,2,27344.14,13.7
2602,1029,152,5,17209.84,17.3
2603,1029,78,1,13881.36,40.0
2604,1029,441,1,20641.8,37.8
2605,1030,25,1,29715.04,31.9
2606,1030,173,4,13068.26,4.7
2607,1030,250,2,27909.74,32.9
2608,1031,512,3,13706.94,38.0
2609,1032,262,5,20880.51,14.6
2610,1032,68,2,4782.76,41.0
2611,1032,175,5,2259.53,39.3
2612,1033,49,3,4246.88,42.2
2613,1033,522,5,207.2,48.6
2614,1034,428,1,25546.02,38.0
2615,1034,441,2,29606.87,6.8
2616,1035,238,3,7234.43,12.4
2617,1036,375,2,14641.68,30.0
2618,1036,47,2,16878.5,25.3
2619,1037,303,4,10707.92,10.5
2620,1037,49,3,4715.36,36.6
2621,1037,238,5,672.82,11.2
2622,1038,536,3,24651.82,14.4
2623,1039,252,1,10047.73,2.9
2624,1039,132,5,25662.73,33.0
2625,1039,48,1,25104.41,5.9
2626,1039,528,2,14052.07,8.5
2627,1040,54,3,7788.95,28.6
2628,1041,110,4,28195.69,42.7
2629,1041,74,-1,21329.75,17.8
2630,1042,543,4,22653.93,23.9
2631,1042,406,5,11412.98,18.9
2632,1042,338,-1,6651.75,18.9
2633,1043,300,4,7973.16,7.4
2634,1044,2,5,17866.94,25.1
2635,1045,365,5,18791.98,0.2
2636,1045,136,2,23234.07,5.8
2637,1046,141,3,14546.22,22.1
2638,1047,441,5,28066.11,10.9
2639,1047,429,4,5969.33,23.5
2640,1048,471,3,25043.4,27.7
2641,1049,347,3,4786.29,41.5
2642,1049,250,2,22700.39,11.0
2643,1050,367,2,22240.87,44.1
2644,1050,247,5,19638.56,49.1
2645,1051,186,3,21174.0,1.5
2646,1051,480,5,24309.43,24.4
2647,1052,467,2,20191.67,32.7
2648,1052,337,1,8336.24,29.4
2649,1052,279,5,29489.62,22.9
2650,1053,318,4,29302.21,16.8
2651,1054,462,1,19933.37,38.7
2652,1054,239,3,14157.25,45.4
2653,1054,395,5,2987.47,2.6
2654,1054,97,1,8870.8,5.5
2655,1055,322,2,24172.99,44.9
2656,1055,440,5,13743.83,22.7
2657,1055,285,4,28591.34,28.8
2658,1055,220,3,15238.39,9.1
2659,1056,254,5,25784.45,22.0
2660,1056,316,4,13532.69,45.6
2661,1056,72,4,9897.98,23.9
2662,1056,122,1,16641.49,7.2
2663,1057,171,5,18751.4,42.4
2664,1058,169,4,872.41,26.5
2665,1058,265,3,20353.88,28.0
2666,1058,66,3,5879.7,35.7
2667,1059,285,4,6175.73,26.5
2668,1060,414,1,13112.69,31.1
2669,1060,506,5,21328.59,42.4
2670,1060,23,3,167.77,3.0
2671,1061,38,2,7229.41,43.1
2672,1061,456,4,9439.22,38.8
2673,1061,379,5,14639.39,29.2
2674,1062,181,3,22499.83,15.3
2675,1062,516,2,22304.96,12.9
2676,1063,153,4,12295.18,41.2
2677,1063,384,3,13416.13,47.0
2678,1063,118,4,25105.83,35.1
2679,1063,492,2,28647.01,24.2
2680,1064,62,3,5706.68,29.3
2681,1065,364,4,13841.76,27.9
2682,1065,57,4,160.47,31.8
2683,1066,297,2,10570.81,47.7
2684,1066,230,3,3715.43,45.0
2685,1066,21,4,25417.0,23.2
2686,1066,264,1,13190.77,49.5
2687,1067,480,3,377.19,43.7
2688,1067,106,2,29987.47,22.9
2689,1067,450,5,27511.55,34.4
2690,1067,441,5,18909.33,24.4
2691,1068,473,4,1135.9,36.9
2692,1068,408,1,11948.38,49.2
2693,1068,139,1,9625.16,15.4
2694,1068,172,4,3870.71,20.9
2695,1069,394,1,20493.39,21.8
2696,1069,479,-3,27250.62,16.0
2697,1069,525,3,1081.15,40.7
2698,1070,67,4,6870.41,43.3
2699,1070,244,1,24484.56,35.6
2700,1070,264,4,12237.75,16.1
2701,1070,31,3,7105.92,31.7
2702,1071,161,3,6715.51,11.2
2703,1071,117,5,22387.88,45.7
2704,1071,422,1,11034.22,44.5
2705,1072,532,4,6808.11,5.8
2706,1072,33,4,25732.0,37.9
2707,1073,304,1,9527.56,1.5
2708,1073,366,-3,10498.64,18.3
2709,1073,341,3,28924.19,7.8
2710,1073,382,1,16907.66,26.6
2711,1074,297,3,27858.75,29.3
2712,1074,95,5,17720.87,32.8
2713,1074,130,3,16883.36,29.8
2714,1075,253,2,10108.31,17.3
2715,1075,322,4,24030.12,47.6
2716,1075,442,4,20874.14,18.2
2717,1075,26,2,14291.2,26.0
2718,1076,224,2,8086.83,43.4
2719,1076,69,3,15945.82,1.0
2720,1076,177,4,12751.0,8.0
2721,1077,276,4,8389.23,18.8
2722,1077,427,4,23123.64,12.4
2723,1078,131,4,1269.87,33.8
2724,1078,268,1,3305.61,26.4
2725,1079,172,4,2261.82,27.9
2726,1080,45,3,16658.72,38.2
2727,1080,258,1,24303.97,44.7
2728,1080,253,4,22646.87,30.1
2729,1081,15,1,9776.55,27.1
2730,1082,338,5,1349.84,6.0
2731,1083,198,1,10263.5,1.7
2732,1084,50,2,10304.1,32.1
2733,1085,39,1,12386.87,20.7
2734,1085,189,1,26702.28,48.0
2735,1085,109,3,27180.96,48.1
2736,1085,242,3,4411.18,5.7
2737,1086,537,1,13765.41,40.4
2738,1086,195,5,23524.3,13.2
2739,1086,407,3,18004.67,42.4
2740,1087,5,3,22378.1,18.5
2741,1087,153,3,14913.54,45.1
2742,1087,1,4,11783.22,24.5
2743,1087,251,5,18988.38,10.6
2744,1088,354,5,17137.31,37.7
2745,1088,59,1,11998.27,17.6
2746,1088,311,2,26281.58,35.3
2747,1089,195,1,14205.73,7.4
2748,1089,134,5,27532.03,19.3
2749,1089,131,2,12455.3,44.6
2750,1090,372,4,3645.24,37.3
2751,1090,502,5,6082.32,12.3
2752,1090,258,1,15590.54,18.4
2753,1091,145,5,16417.2,25.5
2754,1091,486,1,13057.78,19.2
2755,1091,528,2,5415.62,33.2
2756,1092,146,4,16212.29,4.1
2757,1092,470,3,6997.81,12.7
2758,1092,447,5,22211.95,35.2
2759,1092,168,3,19079.94,23.5
2760,1093,165,2,26831.11,0.9
2761,1094,510,3,10949.35,45.7
2762,1094,83,4,19850.15,28.6
2763,1094,28,2,23330.66,33.3
2764,1094,431,3,20925.87,31.1
2765,1095,223,2,22105.08,6.2
2766,1096,438,4,28795.09,12.9
2767,1096,480,2,22559.56,35.6
2768,1096,52,1,8928.74,27.6
2769,1096,435,2,22276.21,42.3
2770,1097,404,5,13464.27,35.6
2771,1097,19,3,19366.07,9.4
2772,1098,146,2,28241.16,6.5
2773,1098,137,3,26563.67,24.6
2774,1098,333,2,13734.04,12.6
2775,1099,348,5,15813.65,17.2
2776,1099,50,3,15837.32,21.6
2777,1099,169,4,5769.17,11.5
2778,1099,110,5,14726.67,41.6
2779,1100,181,5,23178.56,12.3
2780,1100,17,5,9401.09,37.6
2781,1100,293,4,17329.23,47.6
2782,1101,182,2,19391.9,2.7
2783,1101,539,3,9383.55,4.1
2784,1102,486,5,19968.74,3.4
2785,1102,297,5,15551.74,21.7
2786,1102,422,1,26205.95,43.5
2787,1102,456,3,23430.01,16.4
2788,1103,67,3,22474.84,8.6
2789,1103,118,3,28840.87,2.6
2790,1104,472,4,4215.42,33.7
2791,1104,219,5,11434.28,41.5
2792,1104,507,5,28315.29,43.9
2793,1105,88,-3,21571.16,6.2
2794,1105,491,1,22296.41,8.9
2795,1105,158,4,17924.9,19.8
2796,1105,139,3,14704.44,29.3
2797,1106,260,1,16995.37,19.9
2798,1107,15,1,146.79,13.3
2799,1108,528,2,14564.75,33.7
2800,1108,496,5,28762.28,21.2
2801,1108,188,2,18612.79,40.8
2802,1109,46,1,17631.08,7.8
2803,1109,354,2,19610.79,43.2
2804,1110,211,4,13952.54,33.8
2805,1110,241,4,13383.9,12.5
2806,1110,336,2,11701.28,41.6
2807,1111,545,1,371.35,35.4
2808,1111,494,5,2855.29,0.1
2809,1111,331,1,18923.49,34.3
2810,1112,523,4,2651.64,33.0
2811,1112,31,1,14492.94,13.2
2812,1113,403,1,13837.96,37.5
2813,1113,423,2,11110.74,21.2
2814,1113,510,2,23500.77,36.8
2815,1113,280,3,22739.34,19.3
2816,1114,148,4,14739.65,16.0
2817,1114,372,-3,22802.19,37.3
2818,1114,334,2,15725.5,11.2
2819,1115,473,4,22500.01,48.3
2820,1115,396,4,2736.21,30.5
2821,1115,275,5,6217.83,20.2
2822,1116,110,4,10079.0,34.9
2823,1116,405,5,26037.91,1.9
2824,1117,66,4,6609.59,0.8
2825,1117,345,2,11763.04,35.6
2826,1117,403,1,10825.22,3.9
2827,1118,58,1,26145.74,42.0
2828,1118,457,1,6214.0,32.7
2829,1118,523,2,26221.98,34.4
2830,1119,253,2,22986.11,29.8
2831,1119,426,5,11837.75,23.0
2832,1119,374,3,10880.21,25.8
2833,1119,164,1,14278.68,49.3
2834,1120,99,4,383.02,32.8
2835,1120,334,2,23300.32,41.3
2836,1120,300,2,11793.74,28.6
2837,1120,188,3,12678.7,7.8
2838,1121,445,3,15041.69,4.2
2839,1121,549,5,29725.69,26.3
2840,1122,384,3,23915.26,37.6
2841,1122,65,3,10146.3,30.0
2842,1123,226,2,20755.02,16.2
2843,1123,378,1,26101.83,44.9
2844,1124,6,5,23369.72,35.7
2845,1124,155,2,23941.61,17.8
2846,1125,450,1,11299.47,44.7
2847,1125,540,5,19502.66,15.0
2848,1126,421,4,8055.87,13.8
2849,1126,539,1,13700.12,7.5
2850,1127,106,1,29961.45,47.5
2851,1127,11,1,15837.43,2.5
2852,1128,324,3,16333.8,32.5
2853,1128,413,1,3355.28,28.1
2854,1128,318,4,14645.81,24.6
2855,1128,360,3,15036.49,4.0
2856,1129,458,5,28647.92,18.8
2857,1129,545,3,11720.99,16.5
2858,1130,240,4,8367.42,28.7
2859,1130,308,2,28584.92,28.9
2860,1131,160,2,15109.76,30.8
2861,1131,441,1,5521.41,24.2
2862,1132,511,3,1603.33,48.2
2863,1132,251,3,359.33,45.4
2864,1133,259,4,889.98,23.9
2865,1134,168,4,13581.82,48.8
2866,1134,78,1,17207.0,37.6
2867,1134,277,5,3534.06,27.8
2868,1134,364,3,14592.21,36.0
2869,1135,447,5,10567.24,22.5
2870,1135,374,5,20522.3,17.3
2871,1135,210,3,13635.23,12.2
2872,1135,452,5,16103.08,48.0
2873,1136,400,5,9671.97,16.9
2874,1136,67,4,14552.84,11.9
2875,1136,446,1,4333.94,25.4
2876,1137,456,5,2533.37,27.4
2877,1137,379,5,14125.34,18.7
2878,1137,393,5,25465.48,11.0
2879,1137,75,5,1310.66,38.9
2880,1138,332,3,8670.91,37.0
2881,1139,236,3,21907.77,3.4
2882,1139,389,3,27774.19,14.5
2883,1139,330,4,3184.15,6.7
2884,1139,374,2,28138.32,45.5
2885,1140,345,2,26315.79,18.4
2886,1140,243,3,27987.8,41.1
2887,1140,208,1,17152.62,49.9
2888,1140,381,2,21934.06,6.0
2889,1141,1,3,19023.53,25.2
2890,1141,538,2,23370.2,39.3
2891,1141,502,4,25572.99,21.2
2892,1141,501,4,13724.13,29.1
2893,1142,448,5,15035.6,28.5
2894,1142,395,3,27905.0,48.8
2895,1143,300,3,19886.61,22.2
2896,1144,410,1,20619.43,0.9
2897,1144,161,2,21349.04,34.5
2898,1145,415,5,4834.32,14.5
2899,1145,365,3,18672.45,33.5
2900,1146,436,4,9652.68,29.2
2901,1146,512,4,5021.25,40.1
2902,1146,124,1,21528.67,29.5
2903,1147,36,-2,21384.02,38.2
2904,1147,519,1,11000.53,37.1
2905,1147,513,4,4343.86,26.1
2906,1147,312,3,1093.78,22.7
2907,1148,358,2,25576.46,20.4
2908,1149,460,3,11704.99,12.1
2909,1149,187,1,24855.52,9.2
2910,1149,67,5,28112.41,11.2
2911,1149,132,5,23150.12,5.6
2912,1150,318,1,14435.35,0.1
2913,1150,87,2,17034.12,41.4
2914,1151,544,3,20535.7,25.1
2915,1151,221,4,23373.08,38.1
2916,1151,35,4,13347.06,9.9
2917,1152,436,4,14474.39,49.8
2918,1152,345,3,13522.18,12.2
2919,1152,424,3,8789.26,40.5
2920,1152,48,4,14493.59,32.9
2921,1153,13,5,19564.49,36.9
2922,1153,301,1,18882.66,45.6
2923,1153,41,5,13481.87,10.6
2924,1154,516,1,15839.21,7.6
2925,1154,299,1,23809.83,4.3
2926,1154,369,4,22080.76,46.8
2927,1154,484,2,3596.59,18.9
2928,1155,439,1,2671.12,31.8
2929,1156,448,-2,13269.47,32.7
2930,1156,92,1,26163.27,15.6
2931,1156,237,1,28474.0,27.7
2932,1156,292,4,790.8,43.7
2933,1157,394,3,18752.07,16.6
2934,1158,519,4,6413.86,10.9
2935,1158,42,2,26137.75,15.2
2936,1158,231,5,27497.5,4.9
2937,1159,537,2,10549.4,39.1
2938,1160,189,5,18957.1,35.5
2939,1160,267,2,20168.69,1.8
2940,1160,279,1,7869.51,10.6
2941,1161,280,5,26046.62,27.2
2942,1162,508,5,11356.74,36.9
2943,1162,170,5,15108.66,22.4
2944,1162,324,1,28577.01,25.1
2945,1162,107,4,29092.03,48.0
2946,1163,229,2,25752.13,27.3
2947,1164,112,4,7646.23,13.1
2948,1164,185,2,11153.8,11.6
2949,1164,99,3,6649.17,5.4
2950,1164,374,5,15067.3,19.7
2951,1165,364,5,28260.36,24.4
2952,1165,511,5,1891.82,28.2
2953,1166,123,3,23242.8,4.7
2954,1166,478,3,5257.44,46.9
2955,1166,238,3,25044.89,38.5
2956,1166,226,4,10055.76,42.4
2957,1167,108,3,29059.52,34.1
2958,1167,379,2,18027.89,39.6
2959,1167,190,3,21879.17,18.5
2960,1168,118,4,16775.38,12.7
2961,1169,439,2,13382.89,29.7
2962,1169,139,2,9442.51,8.7
2963,1169,22,4,172.68,40.1
2964,1169,194,1,9398.69,13.1
2965,1170,4,2,10633.88,14.1
2966,1170,175,3,11623.08,27.8
2967,1170,446,4,21624.19,41.6
2968,1171,547,3,10405.86,42.1
2969,1171,262,3,8267.8,6.6
2970,1172,145,-2,27088.21,25.2
2971,1172,493,3,19452.2,26.3
2972,1172,348,1,13214.19,23.5
2973,1173,401,1,20798.76,9.2
2974,1173,193,4,15931.99,5.3
2975,1174,156,4,7499.0,7.7
2976,1174,417,4,13469.99,36.1
2977,1175,299,1,17460.96,42.2
2978,1175,445,5,29088.99,32.0
2979,1175,344,3,17548.74,7.6
2980,1175,519,3,18252.2,9.7
2981,1176,207,3,19152.47,24.7
2982,1177,419,3,6974.3,32.5
2983,1177,517,5,6356.2,9.3
2984,1177,267,4,3790.93,35.7
2985,1177,5,1,14561.54,29.8
2986,1178,250,5,20449.59,11.1
2987,1178,310,3,23885.12,33.2
2988,1178,43,1,15411.52,5.3
2989,1179,287,5,1843.8,6.0
2990,1179,12,5,15902.33,34.7
2991,1179,162,3,28655.58,3.6
2992,1179,256,2,16944.7,27.2
2993,1180,369,3,24292.68,43.0
2994,1181,23,4,468.13,21.0
2995,1182,242,3,11975.62,47.5
2996,1182,390,2,24311.2,15.5
2997,1183,135,5,29794.59,7.3
2998,1183,149,4,28853.84,5.0
2999,1183,345,2,10186.79,47.8
3000,1183,108,1,15928.05,1.7
3001,1184,492,5,26539.82,3.2
3002,1184,509,5,14380.65,17.7
3003,1184,19,4,15976.15,20.9
3004,1185,51,1,22907.73,27.9
3005,1185,547,2,3499.95,2.1
3006,1185,220,4,29570.59,2.7
3007,1186,85,1,18122.88,47.7
3008,1186,288,-1,10304.55,39.5
3009,1186,203,2,11994.34,2.0
3010,1186,19,-1,29549.93,46.8
3011,1187,293,5,25309.19,30.8
3012,1187,526,2,13909.2,26.6
3013,1187,335,2,4665.02,39.2
3014,1187,460,2,17289.42,33.5
3015,1188,336,3,17820.5,42.7
3016,1188,263,3,14730.16,44.2
3017,1189,241,3,10894.13,13.4
3018,1189,88,1,14319.0,31.5
3019,1189,519,2,22119.72,13.5
3020,1190,222,3,10848.33,31.9
3021,1190,410,1,8476.27,45.9
3022,1190,421,5,14835.85,1.9
3023,1190,536,4,22455.54,48.5
3024,1191,193,2,2940.2,43.9
3025,1192,372,-1,6363.39,5.5
3026,1192,513,4,17462.53,13.2
3027,1193,50,4,1026.73,44.3
3028,1194,214,4,5074.79,8.7
3029,1194,335,1,20628.61,10.4
3030,1195,283,2,7009.97,19.0
3031,1195,134,5,28607.71,9.5
3032,1195,396,-2,2662.88,22.4
3033,1195,409,5,8923.59,23.3
3034,1196,48,5,10923.16,27.7
3035,1196,343,1,269.82,41.5
3036,1196,113,4,23163.46,39.9
3037,1197,367,2,11007.57,18.5
3038,1197,162,4,7235.07,9.1
3039,1198,246,1,4587.16,9.3
3040,1199,491,4,748.89,14.7
3041,1199,101,2,11053.34,22.3
3042,1199,56,1,19962.35,29.0
3043,1199,407,1,15001.43,9.6
3044,1200,508,3,4980.12,49.3
3045,1200,506,4,28321.95,26.1
3046,1201,411,5,25869.82,4.9
3047,1202,325,1,2899.13,12.9
3048,1203,119,5,9421.44,18.2
3049,1203,161,4,13244.05,3.7
3050,1203,300,2,13365.71,46.2
3051,1204,271,3,9376.93,47.2
3052,1204,95,5,10621.33,37.0
3053,1204,1,-2,322.45,6.1
3054,1204,420,1,28000.87,20.2
3055,1205,473,-1,6268.26,43.8
3056,1206,107,4,6475.19,11.1
3057,1207,535,1,13706.8,1.5
3058,1208,326,3,28655.05,21.1
3059,1208,482,-1,17135.12,33.3
3060,1209,298,4,16633.36,48.0
3061,1209,133,1,3776.87,43.5
3062,1209,409,2,9158.41,33.0
3063,1210,126,4,9581.4,14.6
3064,1211,447,2,28574.72,3.1
3065,1211,148,3,3876.25,3.7
3066,1211,282,5,7925.17,2.7
3067,1211,541,5,24287.57,4.9
3068,1212,153,4,11788.22,7.3
3069,1212,244,4,8670.07,12.9
3070,1212,286,2,3046.63,21.7
3071,1213,323,3,19402.67,14.4
3072,1213,10,2,14326.57,50.0
3073,1213,441,2,19291.64,14.5
3074,1214,248,1,19205.34,26.8
3075,1214,108,3,13640.79,18.8
3076,1214,13,5,6899.91,0.7
3077,1214,509,3,19056.56,48.3
3078,1215,501,3,21093.82,18.6
3079,1215,314,5,14117.05,21.6
3080,1215,511,1,2904.0,21.3
3081,1216,160,4,23930.86,16.0
3082,1216,372,1,23875.37,10.7
3083,1216,248,-3,3555.7,16.4
3084,1217,459,1,9893.75,39.4
3085,1217,276,1,18008.99,24.2
3086,1217,19,5,2115.88,13.3
3087,1217,368,4,12006.79,2.5
3088,1218,177,1,2802.52,17.3
3089,1218,295,4,5407.3,24.4
3090,1219,523,1,11873.21,40.0
3091,1220,126,1,13864.46,29.1
3092,1221,153,1,5642.77,19.5
3093,1221,165,3,169.04,34.5
3094,1222,532,4,3786.26,8.7
3095,1222,353,1,28743.41,13.1
3096,1223,286,4,5740.01,10.1
3097,1223,179,2,21016.18,43.1
3098,1224,104,1,18315.13,9.3
3099,1224,317,2,26901.85,13.0
3100,1225,521,5,8695.9,17.1
3101,1225,467,3,29891.61,6.8
3102,1225,68,3,6864.13,43.5
3103,1226,373,5,14801.72,30.4
3104,1227,405,2,14708.05,23.0
3105,1227,303,2,6753.56,36.1
3106,1228,433,1,3917.02,7.4
3107,1229,329,1,7257.46,10.4
3108,1229,107,4,9912.38,18.6
3109,1230,183,4,29232.94,13.9
3110,1231,107,2,5522.66,42.8
3111,1231,175,5,14574.47,12.5
3112,1231,217,4,1871.11,38.4
3113,1232,213,5,29250.86,28.1
3114,1232,108,5,6232.55,30.9
3115,1232,255,1,12785.1,47.3
3116,1233,144,5,295.06,49.8
3117,1233,385,4,2121.43,5.3
3118,1234,77,3,8171.71,29.9
3119,1234,460,2,16255.34,9.9
3120,1235,449,2,13417.08,33.6
3121,1235,237,4,5154.61,42.1
3122,1235,127,1,13244.67,24.4
3123,1236,16,2,27554.72,16.1
3124,1237,210,1,20047.37,39.0
3125,1237,271,-3,24352.66,28.2
3126,1238,530,2,21901.88,26.7
3127,1238,330,5,29261.06,38.2
3128,1239,528,1,29763.91,21.3
3129,1239,498,3,26539.13,40.3
3130,1239,363,1,13442.82,0.8
3131,1240,427,2,2809.26,28.7
3132,1240,506,4,20939.16,49.9
3133,1240,63,5,10038.44,37.2
3134,1240,412,-1,14753.23,36.3
3135,1241,262,4,18720.79,48.6
3136,1241,59,-1,14620.8,31.6
3137,1242,29,5,17463.22,44.0
3138,1242,425,3,29550.47,18.6
3139,1243,47,1,11795.5,41.4
3140,1243,489,3,3896.67,21.6
3141,1244,490,3,1912.53,21.2
3142,1244,250,2,17308.45,30.3
3143,1244,151,2,11599.24,45.8
3144,1245,123,1,18679.81,23.8
3145,1245,133,5,778.55,11.7
3146,1245,25,3,434.1,48.9
3147,1245,462,5,22630.53,39.5
3148,1246,270,4,29967.04,37.2
3149,1246,285,1,24748.71,22.4
3150,1246,330,2,1105.13,15.7
3151,1246,446,3,27135.1,48.7
3152,1247,334,3,387.63,39.4
3153,1247,430,4,19415.06,39.9
3154,1247,496,5,20418.65,1.8
3155,1248,74,3,25936.45,3.9
3156,1249,358,5,1659.68,31.5
3157,1250,74,3,28607.65,18.0
3158,1251,6,3,1218.56,14.6
3159,1251,51,3,7632.39,23.1
3160,1251,14,2,8941.16,48.4
3161,1252,360,-3,17470.77,7.1
3162,1252,175,4,4123.08,22.2
3163,1252,370,2,15957.29,34.8
3164,1252,417,1,2766.39,25.4
3165,1253,110,3,1890.36,33.8
3166,1253,394,3,18089.71,15.4
3167,1254,347,4,26053.74,46.5
3168,1255,510,4,20544.5,24.1
3169,1256,397,2,23329.11,7.8
3170,1256,194,5,13811.14,23.6
3171,1256,104,3,28905.93,5.0
3172,1256,41,3,8414.1,29.7
3173,1257,375,3,2611.53,33.2
3174,1257,518,5,26852.49,3.4
3175,1257,185,2,25932.0,31.6
3176,1258,286,4,22470.17,16.2
3177,1258,505,3,27471.91,15.0
3178,1258,161,5,29774.36,1.0
3179,1259,317,5,7726.55,20.3
3180,1260,297,1,19356.19,23.8
3181,1260,516,4,20015.77,33.7
3182,1261,429,1,9716.71,13.7
3183,1261,261,1,16930.79,42.8
3184,1261,482,4,3891.22,26.9
3185,1261,211,4,13112.99,22.9
3186,1262,410,3,4994.09,41.9
3187,1262,59,5,19768.85,30.6
3188,1262,84,4,25953.67,24.8
3189,1262,124,1,15975.32,17.8
3190,1263,327,4,22036.4,10.6
3191,1263,120,5,19598.34,41.2
3192,1263,27,1,19881.06,42.8
3193,1263,384,4,28982.58,45.8
3194,1264,279,4,25391.52,23.4
3195,1265,139,1,20946.64,18.0
3196,1266,263,5,20789.95,43.9
3197,1266,289,3,4052.34,19.5
3198,1266,37,4,7824.26,45.3
3199,1267,366,4,6394.6,41.4
3200,1267,345,2,196.4,45.2
3201,1267,485,5,26965.06,47.6
3202,1268,461,4,4009.16,31.3
3203,1269,487,5,26433.92,24.9
3204,1269,399,5,17473.95,13.6
3205,1270,437,-2,27761.24,40.5
3206,1270,413,2,23358.26,21.8
3207,1271,271,3,1480.88,48.0
3208,1271,177,4,24078.84,21.6
3209,1271,293,4,26133.03,23.4
3210,1272,143,3,16971.11,3.2
3211,1272,285,2,28350.84,21.4
3212,1272,503,4,24104.23,17.2
3213,1273,353,5,2311.34,21.4
3214,1273,37,1,14462.71,25.5
3215,1274,55,1,15764.19,9.8
3216,1274,490,3,24762.34,29.0
3217,1275,214,2,24952.94,21.6
3218,1275,492,2,22761.03,13.9
3219,1276,101,5,19197.38,45.4
3220,1276,4,1,19381.36,8.7
3221,1276,93,4,27043.24,2.0
3222,1277,110,5,13918.21,30.0
3223,1278,270,3,17744.69,4.8
3224,1279,149,-1,24809.35,28.1
3225,1280,377,4,29517.53,34.0
3226,1281,158,5,20302.38,36.1
3227,1281,223,3,26609.78,26.5
3228,1281,298,2,14273.94,24.0
3229,1282,333,-3,5461.39,22.4
3230,1282,55,1,29863.76,28.8
3231,1282,250,4,4835.67,2.3
3232,1283,361,5,18229.1,13.9
3233,1283,203,3,20299.65,35.1
3234,1283,162,4,4393.13,47.7
3235,1284,500,3,25832.38,4.0
3236,1284,247,5,29028.94,22.1
3237,1284,523,4,7787.62,39.4
3238,1284,540,5,2595.6,14.7
3239,1285,389,3,3099.92,15.8
3240,1285,170,5,1600.85,0.9
3241,1285,387,-1,21160.52,0.4
3242,1285,391,5,2164.93,29.8
3243,1286,256,2,12727.76,21.9
3244,1286,255,3,18647.68,11.1
3245,1286,468,1,2460.54,10.5
3246,1287,65,1,21606.35,25.6
3247,1287,82,4,25316.0,47.7
3248,1288,225,1,21744.59,35.8
3249,1289,282,1,24077.1,49.9
3250,1289,196,-1,21198.73,35.0
3251,1289,95,4,6471.99,10.7
3252,1289,462,4,24357.42,32.9
3253,1290,6,3,17013.85,20.7
3254,1291,162,2,28483.98,33.9
3255,1292,16,5,11499.91,13.5
3256,1292,1,4,27803.5,2.7
3257,1292,426,3,25669.66,48.8
3258,1293,256,4,2595.47,41.5
3259,1293,350,1,29817.68,1.6
3260,1293,43,1,2578.88,15.8
3261,1294,72,3,18376.29,45.6
3262,1294,116,4,1837.73,48.2
3263,1295,416,5,13166.94,2.5
3264,1295,196,5,25296.12,16.6
3265,1295,281,4,10563.13,41.9
3266,1295,507,3,12081.27,13.0
3267,1296,397,3,19921.45,34.6
3268,1297,113,5,4864.87,38.9
3269,1297,504,1,9073.27,27.9
3270,1297,346,4,1759.95,48.2
3271,1297,265,-1,17068.92,33.6
3272,1298,363,4,14807.95,27.4
3273,1298,502,3,26638.81,13.1
3274,1298,44,1,27079.03,45.3
3275,1299,141,4,23750.12,0.9
3276,1299,267,3,25456.67,3.2
3277,1299,149,2,13203.82,25.6
3278,1300,182,4,1385.71,7.1
3279,1300,421,5,19991.99,5.8
3280,1300,523,1,13414.03,19.1
3281,1300,259,4,19636.1,2.2
3282,1301,272,3,17345.77,7.7
3283,1302,479,1,20526.8,15.6
3284,1302,401,4,23524.5,16.1
3285,1303,507,1,20665.57,43.5
3286,1304,114,-2,27386.43,27.7
3287,1304,550,3,29220.17,18.1
3288,1304,7,5,18791.45,46.0
3289,1305,47,1,18162.96,8.0
3290,1305,444,5,22815.73,15.0
3291,1305,439,3,6238.52,47.5
3292,1305,500,2,3411.27,7.9
3293,1306,373,2,12742.46,41.4
3294,1306,497,3,23575.85,2.7
3295,1307,175,1,10424.25,29.2
3296,1308,294,5,29669.99,27.0
3297,1308,477,2,10333.04,20.3
3298,1308,401,5,6563.74,4.8
3299,1309,40,4,24731.7,1.9
3300,1310,414,2,21558.74,36.8
3301,1311,247,3,18609.74,44.2
3302,1311,469,3,3785.17,21.9
3303,1311,64,1,13124.23,20.7
3304,1311,232,4,26291.21,48.4
3305,1312,198,2,29426.44,18.8
3306,1312,396,2,24300.6,30.9
3307,1312,56,3,10851.65,40.3
3308,1312,136,1,11677.59,13.4
3309,1313,475,5,27451.55,31.8
3310,1313,210,1,22664.61,49.1
3311,1313,510,4,11746.35,27.0
3312,1313,100,2,25564.34,37.8
3313,1314,28,1,6831.84,40.6
3314,1314,6,4,139.22,26.7
3315,1315,40,5,23924.39,14.2
3316,1315,394,5,29328.07,31.8
3317,1315,283,5,24660.92,2.9
3318,1315,251,2,14708.34,26.5
3319,1316,164,4,7960.27,5.7
3320,1317,5,1,26923.46,5.9
3321,1317,49,3,27475.15,16.4
3322,1318,215,3,828.42,8.0
3323,1318,521,3,23543.31,22.2
3324,1318,1,2,5595.15,18.5
3325,1318,290,5,10885.78,16.0
3326,1319,58,3,14096.64,4.6
3327,1319,120,5,14272.1,38.0
3328,1319,194,1,21614.66,6.1
3329,1320,544,1,15435.17,17.9
3330,1321,297,1,29036.43,46.8
3331,1322,505,1,29328.3,36.7
3332,1323,70,2,6566.46,38.6
3333,1323,340,5,4447.44,38.7
3334,1323,439,5,8030.33,11.3
3335,1324,208,2,18121.64,18.8
3336,1324,44,4,6040.98,40.6
3337,1324,155,2,9119.92,40.7
3338,1324,379,4,6234.98,42.3
3339,1325,141,5,29655.1,3.5
3340,1326,441,2,12977.31,10.4
3341,1326,399,2,2612.74,15.3
3342,1327,287,1,11107.98,37.7
3343,1327,382,1,27492.79,19.1
3344,1327,431,1,16069.88,30.9
3345,1328,421,1,8507.61,40.5
3346,1328,234,2,20775.91,26.3
3347,1328,246,1,19876.3,19.3
3348,1328,48,3,910.13,36.3
3349,1329,508,1,23368.54,12.3
3350,1329,17,4,27873.43,21.4
3351,1330,479,4,1380.45,8.0
3352,1330,42,5,18218.65,47.6
3353,1330,512,5,965.41,10.3
3354,1331,199,2,6117.3,44.1
3355,1331,543,4,983.32,30.4
3356,1331,60,5,5174.8,23.2
3357,1331,539,4,10921.92,26.2
3358,1332,142,4,25200.91,20.2
3359,1332,107,2,15214.04,32.5
3360,1332,4,5,28428.27,19.4
3361,1332,520,-2,25620.23,25.2
3362,1333,164,1,9416.18,43.3
3363,1334,176,1,12726.46,38.8
3364,1334,273,5,4111.52,31.6
3365,1334,387,5,18328.36,22.8
3366,1335,9,5,6442.62,27.9
3367,1335,223,-3,27432.1,17.3
3368,1335,127,3,27259.03,49.3
3369,1335,43,1,28329.28,39.9
3370,1336,547,3,16221.67,45.9
3371,1336,253,2,11668.0,9.1
3372,1336,198,5,20663.51,21.1
3373,1337,425,5,26535.86,23.8
3374,1337,305,2,19246.32,26.6
3375,1337,58,1,25271.74,10.6
3376,1337,328,3,21210.56,42.0
3377,1338,110,1,8691.2,44.8
3378,1338,130,3,14649.68,47.5
3379,1338,429,4,6088.57,3.9
3380,1338,539,1,25237.87,33.4
3381,1339,141,3,7462.93,41.8
3382,1339,277,5,4855.59,11.3
3383,1339,493,3,19513.47,30.8
3384,1339,283,2,1057.58,15.4
3385,1340,452,4,7666.69,0.7
3386,1341,341,3,12247.84,19.3
3387,1342,498,3,25290.73,17.1
3388,1343,324,3,4575.7,16.7
3389,1343,352,4,13687.07,30.5
3390,1344,475,4,14218.15,13.6
3391,1345,25,5,4992.86,35.9
3392,1345,102,5,12273.92,26.9
3393,1345,322,2,18522.83,40.2
3394,1345,267,5,15789.64,6.9
3395,1346,259,2,16933.59,44.7
3396,1346,434,1,6877.0,20.1
3397,1346,514,5,1648.99,45.7
3398,1347,503,5,4911.85,7.3
3399,1347,82,3,221.61,19.9
3400,1348,80,4,12436.46,14.3
3401,1349,38,1,17040.34,42.9
3402,1349,445,-3,3280.75,19.6
3403,1349,78,5,26202.88,15.4
3404,1349,292,2,1258.44,4.8
3405,1350,410,2,24151.39,0.2
3406,1350,134,2,24658.2,6.5
3407,1350,503,5,17161.27,46.7
3408,1351,203,4,29756.45,18.7
3409,1351,58,4,17129.55,5.3
3410,1351,512,1,18853.23,33.9
3411,1351,204,1,25949.46,40.7
3412,1352,219,3,127.79,7.3
3413,1353,23,2,4516.08,22.9
3414,1354,264,4,10219.1,45.9
3415,1354,252,3,1920.08,16.0
3416,1354,318,4,26674.06,33.6
3417,1354,314,1,29879.46,0.7
3418,1355,361,5,19215.53,28.0
3419,1355,197,5,27966.61,9.4
3420,1355,511,1,20225.86,44.1
3421,1356,543,1,24194.12,4.9
3422,1356,169,3,21883.18,1.0
3423,1357,138,3,8917.88,38.7
3424,1357,507,2,17834.98,15.5
3425,1358,538,1,8918.56,42.8
3426,1358,439,4,3971.41,31.8
3427,1358,511,3,27413.98,24.0
3428,1358,290,5,6411.57,38.7
3429,1359,11,1,751.32,29.8
3430,1360,299,2,2074.24,31.8
3431,1360,178,2,15132.61,21.2
3432,1360,521,5,14148.03,38.7
3433,1360,170,2,8597.15,29.6
3434,1361,351,4,16956.24,28.4
3435,1362,542,3,26777.91,17.5
3436,1362,268,2,29817.62,11.1
3437,1362,235,3,8329.46,35.8
3438,1363,28,2,2226.36,36.7
3439,1363,527,5,19489.19,11.9
3440,1363,21,5,22510.59,32.8
3441,1363,425,3,18619.39,37.1
3442,1364,127,1,19151.53,39.7
3443,1364,160,3,19157.88,4.7
3444,1365,328,4,29242.85,25.3
3445,1366,476,1,11160.66,1.4
3446,1366,467,-2,28415.36,36.1
3447,1367,134,2,27957.08,35.7
3448,1367,395,2,3987.06,16.7
3449,1367,223,4,18230.41,2.6
3450,1367,190,1,14489.78,31.1
3451,1368,452,3,4976.16,48.5
3452,1368,530,5,18689.29,41.8
3453,1369,399,3,10922.26,13.4
3454,1369,112,5,16405.89,11.2
3455,1370,464,2,22296.76,0.9
3456,1370,158,3,3229.33,30.2
3457,1370,540,2,14502.03,14.2
3458,1371,102,2,2213.24,32.4
3459,1371,370,2,2229.86,33.3
3460,1371,340,4,9951.09,19.1
3461,1371,230,4,22508.26,43.0
3462,1372,370,1,23598.28,8.6
3463,1372,52,3,19921.06,38.6
3464,1372,146,5,20142.72,37.8
3465,1372,116,1,23076.65,17.6
3466,1373,334,1,26250.16,39.3
3467,1373,233,5,21035.28,16.5
3468,1374,508,2,5201.08,27.8
3469,1374,393,2,21296.63,46.3
3470,1375,294,5,20322.09,23.8
3471,1375,395,1,22431.13,17.4
3472,1375,192,2,16217.87,6.7
3473,1375,184,4,9822.63,30.1
3474,1376,318,3,7607.77,30.4
3475,1377,385,3,29075.28,28.7
3476,1378,181,-3,28440.86,35.8
3477,1378,270,4,13457.99,33.2
3478,1378,208,4,25626.31,11.4
3479,1378,285,5,10009.26,32.4
3480,1379,329,5,4766.04,4.4
3481,1380,32,1,19625.61,21.7
3482,1381,20,1,8289.27,41.4
3483,1381,489,4,28542.81,3.9
3484,1382,413,3,1732.31,13.5
3485,1382,471,1,23084.15,0.1
3486,1382,386,3,10330.73,18.9
3487,1382,10,3,12635.67,32.1
3488,1383,372,4,14442.86,15.0
3489,1383,469,3,181.17,26.0
3490,1383,198,2,7314.96,2.7
3491,1383,143,4,22846.63,9.3
3492,1384,497,4,28528.11,16.7
3493,1384,24,4,6669.87,41.8
3494,1384,429,-1,23303.28,43.7
3495,1385,1,1,19084.86,41.6
3496,1385,503,2,1966.07,28.8
3497,1386,115,1,13011.74,6.1
3498,1386,361,2,13060.61,43.5
3499,1386,58,5,1852.26,5.9
3500,1386,491,5,19229.58,34.1
3501,1387,442,1,17074.67,31.1
3502,1387,208,5,13889.46,30.8
3503,1387,107,2,4572.28,43.1
3504,1387,292,1,15442.15,37.5
3505,1388,481,2,7753.36,10.8
3506,1388,464,4,29587.67,37.0
3507,1388,521,4,29887.36,22.3
3508,1389,515,-1,17139.43,22.0
3509,1389,192,3,14695.0,16.6
3510,1389,240,1,3558.25,49.7
3511,1390,394,1,2062.53,16.4
3512,1390,464,5,29015.16,13.9
3513,1391,548,4,9326.7,30.5
3514,1391,187,1,19257.31,22.5
3515,1392,334,2,19853.81,18.7
3516,1392,58,2,14128.59,26.9
3517,1392,286,1,26471.4,41.5
3518,1392,172,1,15428.46,3.7
3519,1393,391,-2,17864.83,15.2
3520,1393,24,3,17992.91,3.0
3521,1394,67,2,18525.2,45.4
3522,1394,337,5,26610.33,50.0
3523,1394,101,1,18705.27,34.3
3524,1395,548,4,28720.72,2.5
3525,1395,56,5,2271.18,48.1
3526,1395,22,1,12924.09,31.9
3527,1395,513,4,2970.91,23.8
3528,1396,156,4,1599.57,48.5
3529,1396,285,5,22346.71,17.2
3530,1396,168,1,7722.86,32.4
3531,1396,3,5,29251.59,16.1
3532,1397,181,2,2597.03,3.2
3533,1397,292,4,2861.68,17.4
3534,1397,7,4,5424.39,7.6
3535,1397,35,3,19046.67,23.4
3536,1398,103,2,5516.38,18.1
3537,1398,277,1,2574.23,6.8
3538,1398,355,4,7048.92,13.1
3539,1399,149,4,20951.02,23.7
3540,1399,454,5,9247.72,33.9
3541,1400,519,3,6035.35,13.9
3542,1400,177,2,2832.96,26.1
3543,1400,241,-1,9469.15,42.9
3544,1400,370,5,8366.28,5.0
3545,1401,106,2,4797.12,46.8
3546,1401,216,1,15176.78,10.8
3547,1401,372,1,13939.08,44.9
3548,1402,154,3,20990.21,4.8
3549,1402,226,3,23950.65,24.1
3550,1402,151,4,9844.29,21.9
3551,1403,503,2,11276.2,0.6
3552,1404,334,3,23479.58,8.5
3553,1404,536,1,14328.09,33.9
3554,1404,46,4,5696.74,36.7
3555,1405,185,2,18938.09,18.1
3556,1405,194,4,21746.06,19.0
3557,1405,463,3,10626.6,6.6
3558,1405,24,4,4393.8,10.1
3559,1406,419,3,25490.77,3.2
3560,1407,203,2,25082.79,38.3
3561,1407,139,3,28122.62,22.2
3562,1407,461,4,25550.4,27.2
3563,1408,217,5,17676.74,23.6
3564,1408,500,3,7520.37,9.2
3565,1408,92,5,22184.23,3.8
3566,1408,243,2,19676.03,38.8
3567,1409,339,4,23783.8,19.4
3568,1409,464,3,3501.8,31.3
3569,1409,373,2,28185.99,7.7
3570,1409,200,2,23569.29,38.6
3571,1410,276,5,1800.75,3.8
3572,1410,135,4,1426.5,36.4
3573,1410,396,2,18195.86,13.1
3574,1411,38,5,6070.46,36.0
3575,1412,73,5,15537.27,36.5
3576,1412,391,-3,5647.68,25.3
3577,1413,109,1,10872.79,29.9
3578,1413,59,4,27396.18,15.8
3579,1413,252,5,11561.25,15.0
3580,1413,432,3,5126.53,26.4
3581,1414,527,5,28085.84,38.1
3582,1415,94,1,13865.66,14.1
3583,1416,210,-2,15389.03,25.4
3584,1416,410,5,19904.11,14.3
3585,1417,215,2,5296.2,42.9
3586,1417,500,4,29808.06,42.7
3587,1417,138,5,23462.02,11.2
3588,1418,78,5,1739.17,15.2
3589,1419,247,4,9950.56,38.6
3590,1419,48,3,5379.64,27.8
3591,1419,481,1,2064.63,26.3
3592,1420,286,2,3233.43,8.0
3593,1420,474,5,20783.41,15.5
3594,1420,171,-1,4021.24,10.6
3595,1420,94,4,15881.95,22.4
3596,1421,316,2,26073.02,24.7
3597,1422,539,5,24376.1,1.2
3598,1422,95,3,3578.82,17.2
3599,1422,82,2,26316.83,4.5
3600,1423,10,2,2996.23,2.1
3601,1424,471,2,22756.35,3.2
3602,1425,174,4,28654.2,8.8
3603,1425,160,5,26640.94,4.5
3604,1425,200,1,2335.0,45.8
3605,1425,19,5,11686.72,43.3
3606,1426,413,4,4370.49,24.5
3607,1426,37,3,10997.4,34.8
3608,1427,445,2,20727.83,44.4
3609,1428,235,1,28646.07,35.5
3610,1428,247,3,29226.6,1.8
3611,1428,212,5,8235.97,46.9
3612,1429,251,3,3104.79,11.1
3613,1429,37,5,11934.6,10.2
3614,1429,372,5,25063.67,41.4
3615,1429,77,1,14384.99,4.7
3616,1430,347,2,7171.39,2.5
3617,1430,430,2,19861.97,25.9
3618,1431,493,1,17682.51,43.7
3619,1431,285,-1,927.17,27.6
3620,1431,206,2,20481.77,24.4
3621,1432,95,4,15633.5,32.4
3622,1433,401,1,6831.95,12.8
3623,1433,372,3,26030.7,18.0
3624,1433,6,3,11716.45,37.1
3625,1434,61,5,735.57,10.7
3626,1434,101,-2,29328.38,5.3
3627,1435,416,5,3451.53,24.3
3628,1436,34,5,27757.15,19.5
3629,1436,468,4,19056.53,40.1
3630,1436,352,1,26573.37,32.4
3631,1437,528,5,20248.66,17.3
3632,1437,291,5,24965.58,31.9
3633,1438,11,3,25374.96,47.3
3634,1438,146,1,26704.01,41.4
3635,1439,348,3,2742.78,14.6
3636,1439,233,4,3538.43,45.3
3637,1439,292,3,10179.76,3.2
3638,1439,500,5,11109.27,0.8
3639,1440,51,5,26942.23,49.0
3640,1441,313,4,27347.01,12.7
3641,1441,482,2,17845.74,10.2
3642,1441,201,1,28622.65,30.5
3643,1442,268,5,3581.19,35.5
3644,1442,332,4,1332.03,41.8
3645,1443,7,4,481.35,8.7
3646,1443,451,3,27251.18,10.1
3647,1443,303,2,7712.71,4.7
3648,1443,116,2,16425.09,45.4
3649,1444,307,1,2976.82,12.4
3650,1444,71,5,1181.55,38.6
3651,1444,504,2,16655.91,22.3
3652,1445,217,1,886.38,45.9
3653,1445,416,5,4992.67,29.3
3654,1446,445,4,8618.26,13.9
3655,1446,112,4,11343.11,23.2
3656,1446,140,4,5170.24,44.9
3657,1447,362,3,7509.62,49.2
3658,1447,60,5,16987.08,17.8
3659,1447,80,5,17410.65,8.5
3660,1448,123,3,22964.83,5.4
3661,1448,9,2,9737.79,16.7
3662,1448,148,-1,28171.05,33.6
3663,1448,534,4,10186.69,28.2
3664,1449,542,3,5651.72,42.8
3665,1450,347,4,14720.69,44.5
3666,1451,55,5,8756.32,5.2
3667,1451,233,4,13971.16,20.1
3668,1452,67,3,479.79,24.5
3669,1452,126,4,1146.61,17.7
3670,1453,301,-2,17773.82,49.4
3671,1453,314,3,7492.29,22.7
3672,1453,357,2,16613.9,15.3
3673,1453,285,3,22378.8,18.6
3674,1454,435,2,22132.17,11.3
3675,1454,323,2,5105.23,13.2
3676,1454,473,1,5800.59,43.1
3677,1454,168,5,20036.61,2.0
3678,1455,416,2,9314.92,1.1
3679,1455,329,5,19591.13,11.5
3680,1455,112,5,13374.34,40.5
3681,1455,272,4,1098.46,17.7
3682,1456,106,1,4888.26,13.4
3683,1457,439,2,13928.64,26.7
3684,1457,247,1,15813.4,13.1
3685,1458,77,4,21500.84,40.2
3686,1458,193,2,12480.22,3.3
3687,1458,353,3,13891.86,46.3
3688,1459,26,4,16206.46,44.3
3689,1459,456,3,9429.87,14.0
3690,1460,358,2,2019.91,4.9
3691,1460,428,5,9871.79,8.8
3692,1460,313,4,19148.93,0.9
3693,1461,229,5,20070.08,23.7
3694,1461,200,1,12197.57,45.1
3695,1461,47,-3,29042.56,44.5
3696,1462,71,2,8510.92,47.4
3697,1462,521,2,16716.82,39.1
3698,1462,39,4,6236.24,34.6
3699,1463,469,4,25051.51,3.9
3700,1464,96,4,27335.88,38.2
3701,1464,529,2,15650.93,49.8
3702,1465,348,-3,15787.25,36.9
3703,1465,7,1,19670.51,20.1
3704,1465,235,3,17460.87,36.3
3705,1466,417,2,27782.66,23.8
3706,1466,99,2,19105.89,40.5
3707,1467,77,2,19808.95,9.3
3708,1468,35,4,14651.8,20.4
3709,1468,180,2,15159.37,3.6
3710,1469,534,4,9362.16,49.7
3711,1469,466,4,27409.27,34.3
3712,1469,414,1,213.64,34.7
3713,1469,14,1,12581.72,26.9
3714,1470,544,4,18326.53,11.1
3715,1470,523,3,27180.65,28.4
3716,1471,159,2,23635.7,32.3
3717,1472,281,3,7572.83,15.8
3718,1473,529,2,19006.95,40.7
3719,1473,153,1,10285.75,40.0
3720,1473,249,2,7012.85,2.6
3721,1473,179,4,16620.96,3.2
3722,1474,395,3,21142.25,3.9
3723,1474,504,1,7734.17,21.9
3724,1474,39,2,1210.74,28.1
3725,1475,132,4,5656.0,40.8
3726,1475,292,5,12829.28,3.5
3727,1475,458,2,23953.09,23.0
3728,1475,315,4,29229.42,9.4
3729,1476,68,5,1572.19,18.0
3730,1476,246,1,20971.34,29.7
3731,1476,418,2,28745.47,20.8
3732,1477,253,3,12552.92,4.3
3733,1477,488,3,10671.01,17.1
3734,1478,494,5,8369.59,17.0
3735,1478,508,1,16118.12,34.1
3736,1478,538,2,13250.37,15.6
3737,1478,371,2,5784.26,31.0
3738,1479,39,1,5554.21,41.6
3739,1479,289,1,4746.63,49.3
3740,1479,134,2,18573.68,39.5
3741,1479,276,5,27398.27,45.7
3742,1480,4,4,21650.98,10.4
3743,1481,299,5,29785.84,36.3
3744,1481,3,2,14776.32,4.5
3745,1482,448,4,9632.84,42.9
3746,1482,10,-2,23323.3,5.1
3747,1483,4,2,20384.67,11.7
3748,1483,508,1,5077.39,23.5
3749,1483,515,3,5530.16,45.1
3750,1483,212,4,11267.06,18.2
3751,1484,487,2,16701.8,48.6
3752,1484,309,4,20122.19,37.7
3753,1484,534,4,1873.63,44.5
3754,1485,491,3,3562.35,28.6
3755,1485,216,-1,22416.41,46.4
3756,1485,536,4,26370.25,40.2
3757,1486,352,1,13271.11,20.3
3758,1487,301,4,18064.7,35.1
3759,1487,299,1,8871.22,11.5
3760,1488,463,3,7959.43,39.3
3761,1488,337,2,8122.82,50.0
3762,1488,470,3,5911.25,43.6
3763,1488,341,3,18279.22,29.4
3764,1489,410,3,15574.1,1.8
3765,1489,387,1,5869.6,49.1
3766,1489,52,5,13402.88,16.7
3767,1489,119,4,3716.1,28.2
3768,1490,461,2,19683.15,44.7
3769,1490,58,1,18059.75,34.4
3770,1491,221,2,8312.87,42.5
3771,1491,72,4,18239.1,29.8
3772,1491,168,4,5647.61,20.1
3773,1492,135,4,10518.9,43.2
3774,1492,256,4,20963.96,32.4
3775,1492,59,1,8616.07,11.8
3776,1492,391,4,28636.4,49.8
3777,1493,207,5,11552.61,10.9
3778,1493,132,4,14202.42,16.4
3779,1493,136,1,24290.82,1.5
3780,1494,343,5,21175.41,44.2
3781,1494,271,3,6180.99,46.3
3782,1494,25,4,25229.61,22.3
3783,1495,124,3,23019.32,26.0
3784,1495,242,5,29706.01,19.5
3785,1495,398,5,23003.7,25.9
3786,1496,81,2,9774.21,1.9
3787,1496,305,5,8630.54,2.6
3788,1497,299,4,1693.56,6.9
3789,1497,267,3,21817.64,24.0
3790,1497,478,1,18086.93,12.6
3791,1498,487,4,9596.41,4.5
3792,1498,284,5,3804.81,12.6
3793,1499,245,2,29449.3,47.0
3794,1500,234,5,28494.26,30.5
3795,1501,20,3,16094.73,24.0
3796,1502,481,1,5822.55,32.7
3797,1503,178,4,25141.96,46.5
3798,1503,331,4,20779.23,15.2
3799,1504,251,4,5520.75,20.3
3800,1504,95,5,12393.75,20.2
3801,1504,491,2,22991.55,19.6
3802,1504,494,1,7329.52,46.9
3803,1505,420,5,15519.82,15.2
3804,1505,133,4,11955.56,40.5
3805,1506,499,2,11885.01,13.5
3806,1506,464,2,24532.06,48.3
3807,1506,32,3,3185.24,5.4
3808,1507,390,2,25934.7,30.8
3809,1507,175,5,4989.25,0.5
3810,1507,50,-3,17717.71,41.1
3811,1507,33,4,9708.24,14.4
3812,1508,409,5,1278.92,46.4
3813,1508,538,2,5725.5,39.3
3814,1508,437,3,535.97,13.6
3815,1509,321,3,15469.48,13.3
3816,1510,474,1,19584.45,8.7
3817,1510,434,5,22308.59,9.9
3818,1511,232,4,28165.54,30.8
3819,1511,245,1,2901.01,13.4
3820,1512,459,2,26538.58,42.1
3821,1512,404,3,1686.18,20.7
3822,1512,388,2,2426.61,15.3
3823,1513,252,2,7743.39,50.0
3824,1513,185,3,8515.14,37.4
3825,1513,418,1,6689.41,38.0
3826,1513,378,4,13703.34,8.7
3827,1514,310,5,18567.8,35.3
3828,1514,54,5,3524.26,15.0
3829,1514,78,3,29464.2,17.0
3830,1515,185,5,20083.7,21.1
3831,1515,352,1,14945.53,49.5
3832,1515,441,2,23486.91,50.0
3833,1516,466,3,23261.1,23.2
3834,1516,342,1,15139.42,36.8
3835,1516,75,-3,26320.43,44.2
3836,1517,267,3,23088.39,20.9
3837,1517,54,2,1877.75,30.8
3838,1518,112,4,4750.48,11.9
3839,1518,99,-1,9536.26,13.6
3840,1518,358,5,23498.9,13.6
3841,1518,466,2,16456.79,34.4
3842,1519,18,2,3313.24,17.7
3843,1519,63,4,16850.01,12.1
3844,1519,169,3,20567.76,29.1
3845,1520,246,2,28373.24,37.3
3846,1521,398,-2,20472.56,38.4
3847,1521,146,3,28186.56,36.2
3848,1522,152,3,22023.73,22.1
3849,1522,518,2,17869.52,30.1
3850,1522,309,2,2242.04,28.9
3851,1522,510,5,15187.06,17.7
3852,1523,451,1,20397.7,28.3
3853,1523,544,5,7343.25,22.3
3854,1523,192,1,16869.55,28.1
3855,1523,543,5,25730.49,34.0
3856,1524,414,3,26086.29,7.9
3857,1524,19,4,19245.87,0.2
3858,1524,462,2,13480.52,47.0
3859,1525,366,5,16609.78,1.6
3860,1525,533,4,10307.9,49.1
3861,1525,463,1,7637.29,39.7
3862,1525,337,1,26611.4,49.0
3863,1526,22,5,7616.73,49.8
3864,1526,409,2,1338.86,14.9
3865,1527,276,1,17267.3,4.0
3866,1527,14,5,22495.1,0.0
3867,1527,490,1,22742.97,37.9
3868,1528,185,4,2568.37,31.9
3869,1528,74,4,19902.39,13.7
3870,1528,405,1,14712.55,28.7
3871,1528,259,4,10315.38,18.3
3872,1529,254,2,441.94,0.3
3873,1530,82,2,29676.19,46.7
3874,1530,538,4,8926.66,40.4
3875,1530,227,4,21369.13,13.4
3876,1530,183,5,11395.88,40.1
3877,1531,241,2,6446.57,42.6
3878,1531,99,3,29566.21,23.7
3879,1532,390,4,1933.08,22.7
3880,1533,504,5,5019.16,12.8
3881,1533,465,1,1892.89,8.0
3882,1534,516,4,18657.53,47.2
3883,1535,108,4,1922.5,17.2
3884,1536,278,3,13690.83,18.2
3885,1536,477,2,24186.13,11.2
3886,1536,439,3,19033.59,37.5
3887,1536,339,4,27956.81,48.9
3888,1537,223,4,15924.69,27.0
3889,1538,323,3,9542.91,10.7
3890,1538,167,2,841.65,30.6
3891,1538,223,1,23647.05,42.4
3892,1538,45,-1,11840.22,38.5
3893,1539,346,5,13081.57,14.5
3894,1539,269,4,6403.49,7.0
3895,1539,458,4,25627.83,7.1
3896,1540,54,3,15258.02,4.5
3897,1540,198,2,29457.2,47.8
3898,1541,30,3,16646.35,48.7
3899,1541,55,1,16104.46,34.6
3900,1542,81,3,9205.99,44.0
3901,1542,110,3,20474.41,38.9
3902,1542,171,2,2873.4,6.7
3903,1542,377,4,15544.32,0.0
3904,1543,465,4,29227.87,45.6
3905,1544,88,4,14571.43,41.4
3906,1544,342,1,473.6,38.2
3907,1545,547,3,3115.41,23.6
3908,1545,421,5,25213.29,21.4
3909,1545,539,2,19110.32,14.6
3910,1545,444,2,9593.5,22.2
3911,1546,504,4,1116.8,36.3
3912,1546,494,2,19731.96,37.0
3913,1546,227,3,20322.96,0.8
3914,1546,383,1,20398.67,39.8
3915,1547,360,1,18667.45,47.3
3916,1548,145,3,14681.16,24.6
3917,1548,229,5,12615.06,35.1
3918,1549,353,1,11867.03,46.2
3919,1549,236,5,20536.23,45.4
3920,1549,518,4,5637.0,36.8
3921,1550,329,4,11988.4,33.1
3922,1551,28,1,19203.24,10.8
3923,1551,548,3,24488.68,10.2
3924,1552,330,5,15013.35,30.8
3925,1552,446,2,8602.8,7.2
3926,1553,97,1,24042.06,24.5
3927,1553,435,1,18555.3,14.3
3928,1553,475,5,19244.38,7.0
3929,1554,310,5,21605.07,31.9
3930,1554,536,3,3217.01,33.6
3931,1555,320,5,23709.7,18.9
3932,1556,489,2,10194.81,4.8
3933,1556,211,5,27354.93,19.7
3934,1556,229,3,309.91,39.9
3935,1556,105,3,7910.93,49.4
3936,1557,350,5,12093.32,39.9
3937,1557,187,1,12425.48,8.9
3938,1557,133,1,13895.11,12.4
3939,1557,311,2,18906.59,14.9
3940,1558,466,-1,10697.97,44.2
3941,1558,30,3,21305.86,47.7
3942,1558,335,4,9440.86,23.0
3943,1559,118,4,13127.66,24.8
3944,1559,232,2,10569.41,14.3
3945,1559,256,2,27612.96,18.1
3946,1560,550,2,26410.74,40.3
3947,1560,122,4,12775.14,41.5
3948,1560,397,1,24241.6,4.9
3949,1561,34,3,20240.13,23.1
3950,1562,82,5,24598.82,11.8
3951,1562,174,5,7586.99,28.0
3952,1563,102,4,2297.23,44.3
3953,1564,108,2,24844.74,30.1
3954,1564,330,1,20466.34,14.1
3955,1564,395,3,518.87,26.3
3956,1564,514,1,23820.63,48.5
3957,1565,171,3,24860.71,30.3
3958,1565,46,3,16719.87,14.8
3959,1566,251,3,3889.76,20.8
3960,1566,476,4,28988.55,26.2
3961,1567,244,2,29721.68,2.2
3962,1567,395,-1,11015.17,27.2
3963,1568,539,5,503.9,35.0
3964,1569,1,2,13736.33,7.7
3965,1570,537,2,401.42,3.5
3966,1570,491,5,1969.38,38.2
3967,1570,165,2,28192.18,10.3
3968,1570,159,4,11416.01,32.4
3969,1571,116,3,25551.49,34.8
3970,1571,376,5,1879.32,0.1
3971,1572,466,2,24971.44,34.7
3972,1572,138,2,19899.9,20.4
3973,1573,244,4,6086.97,29.1
3974,1573,314,5,14671.1,32.8
3975,1573,172,3,18309.31,2.7
3976,1574,236,5,15174.15,22.8
3977,1574,246,5,19518.82,13.1
3978,1575,529,1,19912.1,1.3
3979,1575,100,5,14698.67,10.4
3980,1576,420,5,18083.4,37.9
3981,1576,89,5,8999.92,21.4
3982,1577,161,5,18492.65,36.5
3983,1577,44,3,25539.21,46.1
3984,1577,192,1,16916.49,30.8
3985,1578,485,5,8458.92,39.2
3986,1579,549,1,25265.85,28.8
3987,1579,496,2,16623.55,39.0
3988,1579,277,3,22077.07,42.0
3989,1580,190,1,2501.97,45.2
3990,1580,22,2,28936.22,32.9
3991,1580,58,4,9713.15,7.3
3992,1580,24,2,9972.26,49.7
3993,1581,432,5,8129.2,40.9
3994,1581,513,1,3207.85,34.7
3995,1581,26,2,23433.88,19.0
3996,1582,280,3,23563.19,33.9
3997,1582,192,-2,3571.07,34.6
3998,1583,460,1,18682.65,18.0
3999,1583,143,4,26936.44,41.9
4000,1583,316,4,8736.47,19.3
4001,1583,276,1,28323.37,26.6
4002,1584,451,5,2925.26,39.2
4003,1584,136,4,7570.39,32.0
4004,1584,550,1,15196.21,41.0
4005,1585,47,1,9549.34,43.4
4006,1585,158,3,13754.96,10.7
4007,1586,192,4,10861.6,17.9
4008,1586,514,5,12467.28,16.2
4009,1586,492,5,10866.68,36.2
4010,1586,388,4,8094.46,48.4
4011,1587,538,5,14241.95,11.2
4012,1587,172,2,10367.79,13.1
4013,1587,411,3,25470.44,11.9
4014,1587,318,5,10538.75,29.2
4015,1588,295,1,20714.08,15.6
4016,1588,467,4,6439.05,9.8
4017,1588,7,5,27294.44,32.4
4018,1589,536,4,19485.14,9.9
4019,1590,373,5,15782.28,5.2
4020,1590,357,2,8735.45,30.8
4021,1590,334,4,21592.14,4.0
4022,1590,287,-1,21443.47,18.9
4023,1591,302,5,18749.24,0.1
4024,1591,199,3,18148.08,21.9
4025,1591,389,2,20565.11,28.7
4026,1591,53,3,29964.61,10.3
4027,1592,492,2,21488.34,20.9
4028,1592,400,1,21048.27,26.3
4029,1592,530,4,11554.67,48.4
4030,1593,537,5,12486.36,15.9
4031,1593,58,4,25133.1,36.8
4032,1593,300,1,25800.27,9.7
4033,1594,138,1,11178.23,34.8
4034,1595,307,3,27800.48,31.1
4035,1595,64,4,12761.43,16.0
4036,1595,144,1,19247.47,20.8
4037,1595,545,1,14930.33,12.1
4038,1596,112,2,10521.75,45.9
4039,1596,533,2,22971.21,49.5
4040,1597,177,5,1768.26,37.5
4041,1597,207,3,25117.18,3.9
4042,1597,181,4,29815.12,40.5
4043,1598,277,3,17948.18,25.7
4044,1598,213,2,14924.88,2.7
4045,1598,341,4,7767.42,45.1
4046,1598,106,5,22333.95,2.2
4047,1599,3,3,6314.38,14.0
4048,1599,497,2,19521.63,48.3
4049,1599,398,2,7444.59,18.3
4050,1599,238,4,19185.7,29.6
4051,1600,39,1,8142.62,32.0
4052,1600,176,3,25648.44,4.8
4053,1600,339,2,20089.63,46.1
4054,1600,155,3,21933.63,39.7
4055,1601,549,2,24676.2,49.6
4056,1601,373,4,4697.58,8.4
4057,1601,174,3,27835.26,46.6
4058,1602,47,1,29803.03,30.6
4059,1602,416,-2,19715.09,45.6
4060,1603,485,2,5970.0,2.6
4061,1603,373,3,12623.02,39.7
4062,1604,225,3,12115.17,25.5
4063,1604,343,1,15821.89,7.7
4064,1605,215,4,17437.48,2.1
4065,1605,450,3,14701.1,48.0
4066,1605,305,2,27232.45,0.2
4067,1606,416,-3,8739.32,15.2
4068,1606,398,3,884.16,22.7
4069,1607,16,4,10475.6,16.2
4070,1607,342,5,19051.61,37.4
4071,1607,423,3,16093.73,19.8
4072,1608,137,1,7636.52,0.9
4073,1608,168,1,17267.2,43.4
4074,1608,207,5,14133.03,42.3
4075,1608,174,2,11515.87,12.1
4076,1609,94,2,25017.44,48.8
4077,1610,408,2,6567.31,27.7
4078,1610,112,1,8160.11,35.8
4079,1611,295,2,7911.31,29.7
4080,1611,338,2,768.54,11.6
4081,1612,58,-1,3969.44,26.3
4082,1612,16,5,19812.89,8.1
4083,1613,341,4,17058.52,35.7
4084,1613,63,2,22792.08,30.2
4085,1614,120,5,8316.41,36.8
4086,1614,497,3,1774.54,38.4
4087,1614,421,5,26059.19,22.9
4088,1614,189,2,11341.32,45.3
4089,1615,194,-2,1288.32,2.7
4090,1616,244,4,28457.59,45.5
4091,1616,386,3,12749.85,42.0
4092,1617,432,2,12936.72,29.4
4093,1617,71,5,20088.47,28.6
4094,1618,466,5,4770.37,14.0
4095,1618,201,2,5056.04,49.6
4096,1618,187,2,5984.12,36.0
4097,1618,308,5,28170.44,16.3
4098,1619,223,1,11604.98,24.3
4099,1619,346,-3,25867.75,14.6
4100,1620,99,3,2324.87,15.6
4101,1621,190,3,11697.33,33.8
4102,1621,159,5,6693.43,35.3
4103,1622,36,5,20777.86,9.8
4104,1622,287,3,3476.81,46.2
4105,1622,425,5,24588.08,36.4
4106,1623,213,5,11019.81,31.2
4107,1623,535,5,746.79,12.1
4108,1624,275,4,10906.11,17.3
4109,1625,354,2,22257.62,34.0
4110,1625,489,-2,233.91,21.1
4111,1626,447,3,15138.36,14.9
4112,1627,292,1,8139.43,12.5
4113,1627,478,4,26096.23,2.1
4114,1627,359,4,17184.15,33.2
4115,1627,173,1,22413.77,16.6
4116,1628,378,1,23899.85,37.3
4117,1628,271,3,10717.09,20.5
4118,1629,74,4,12684.34,32.2
4119,1629,147,-3,28014.49,41.4
4120,1629,433,3,17095.88,15.1
4121,1630,255,3,5198.71,14.5
4122,1631,204,3,25525.34,36.6
4123,1631,160,4,19054.26,14.7
4124,1631,25,1,20895.11,45.3
4125,1632,490,3,5782.92,6.0
4126,1632,73,3,20307.08,46.8
4127,1633,31,1,22448.46,9.3
4128,1633,374,2,22155.07,38.6
4129,1634,455,1,13102.49,32.5
4130,1634,289,3,8526.12,25.3
4131,1634,449,2,1206.71,49.1
4132,1635,472,1,21978.93,36.7
4133,1636,139,3,15758.97,0.5
4134,1637,305,4,9290.97,29.3
4135,1637,132,-2,7759.69,3.5
4136,1637,108,1,13235.71,34.9
4137,1637,116,3,27533.71,8.6
4138,1638,291,2,586.66,47.9
4139,1639,58,1,13806.77,33.6
4140,1639,272,2,2343.69,40.0
4141,1639,88,1,6589.1,18.2
4142,1640,325,-2,13401.68,40.5
4143,1640,40,3,3568.87,26.1
4144,1640,397,1,10030.73,1.1
4145,1640,426,3,21609.37,46.6
4146,1641,53,5,11709.62,5.2
4147,1641,160,1,2470.25,35.5
4148,1641,67,4,25397.47,12.8
4149,1641,351,5,5864.96,5.6
4150,1642,108,4,5684.57,15.9
4151,1642,432,1,14953.66,25.0
4152,1642,334,2,306.2,7.3
4153,1642,11,5,19473.73,15.3
4154,1643,308,4,21604.39,1.7
4155,1643,21,5,3937.03,38.3
4156,1644,241,1,27690.4,29.1
4157,1644,418,5,7202.81,3.7
4158,1645,276,1,24358.99,30.6
4159,1646,169,5,13604.94,35.4
4160,1647,190,3,22016.16,16.8
4161,1647,529,3,18716.41,40.0
4162,1648,197,2,12214.73,13.0
4163,1648,306,2,16023.14,35.5
4164,1648,339,4,25211.42,44.7
4165,1649,86,1,28570.61,8.6
4166,1650,480,2,674.98,21.3
4167,1650,152,5,15547.98,33.2
4168,1651,470,5,20765.86,6.7
4169,1651,520,5,18329.42,11.2
4170,1651,69,2,5810.76,38.1
4171,1651,12,4,17332.37,2.7
4172,1652,255,4,19323.67,0.8
4173,1652,443,2,17729.95,48.4
4174,1653,144,4,1832.58,34.1
4175,1654,434,1,20234.9,31.2
4176,1654,114,2,19782.84,33.6
4177,1654,90,4,26955.75,10.8
4178,1654,21,5,12580.86,44.4
4179,1655,224,4,21096.06,32.1
4180,1655,355,1,23782.14,17.0
4181,1656,539,1,10258.79,46.1
4182,1657,224,5,5685.88,2.4
4183,1658,360,3,26745.08,46.4
4184,1659,80,3,6414.36,3.3
4185,1659,295,1,21005.07,29.8
4186,1659,70,5,18339.61,2.1
4187,1660,95,3,18377.84,26.8
4188,1660,121,5,7979.47,0.7
4189,1660,517,1,13552.57,14.0
4190,1660,113,1,29225.09,38.3
4191,1661,450,1,8444.39,41.3
4192,1661,341,2,22160.54,5.3
4193,1661,381,3,19374.27,33.2
4194,1661,24,2,18661.76,2.6
4195,1662,404,5,1860.75,21.2
4196,1662,37,4,13318.91,18.0
4197,1663,484,3,7525.16,33.1
4198,1663,377,4,8605.19,29.9
4199,1663,209,1,15591.8,8.5
4200,1663,333,1,22900.33,35.8
4201,1664,505,1,191.47,31.7
4202,1664,92,1,15133.06,42.4
4203,1665,100,5,835.17,23.2
4204,1665,415,5,16089.58,39.8
4205,1665,10,4,12017.72,28.1
4206,1666,406,1,8492.82,39.2
4207,1666,267,4,21553.91,21.7
4208,1666,320,2,20714.93,49.3
4209,1666,273,4,4053.79,5.2
4210,1667,276,1,22395.42,9.0
4211,1667,39,4,10735.45,16.6
4212,1667,174,1,21247.99,29.4
4213,1668,520,5,13548.69,13.7
4214,1668,411,5,28905.34,26.6
4215,1668,257,5,8891.68,22.0
4216,1668,223,3,9179.46,11.2
4217,1669,452,1,18652.37,42.3
4218,1669,238,4,10249.57,38.9
4219,1670,314,2,19652.35,9.0
4220,1670,454,1,4837.59,46.6
4221,1670,402,4,16162.87,39.8
4222,1670,222,2,8932.54,36.2
4223,1671,325,2,3429.72,40.7
4224,1672,413,1,11405.02,44.6
4225,1672,5,5,26579.79,22.3
4226,1672,536,3,3970.1,18.5
4227,1672,419,5,4010.79,28.8
4228,1673,257,3,631.1,11.6
4229,1673,43,4,5889.79,44.2
4230,1673,308,3,11372.62,47.4
4231,1674,24,5,11799.94,2.2
4232,1674,536,4,23830.31,49.4
4233,1674,123,5,21319.28,11.1
4234,1674,264,2,762.57,0.8
4235,1675,44,5,20911.09,25.8
4236,1676,78,5,21352.53,31.9
4237,1677,245,1,5462.52,26.4
4238,1677,284,3,10477.17,37.7
4239,1678,205,1,9199.15,24.6
4240,1678,509,3,4426.7,17.5
4241,1679,316,2,17885.51,41.3
4242,1679,228,1,13354.18,21.4
4243,1679,539,3,10088.06,1.7
4244,1679,137,3,14576.44,45.4
4245,1680,62,4,2132.07,9.0
4246,1680,226,3,2627.6,17.8
4247,1680,402,4,22064.07,7.5
4248,1680,464,4,21292.61,32.1
4249,1681,271,5,10326.47,22.2
4250,1681,248,4,20467.57,37.2
4251,1682,208,4,981.53,24.6
4252,1682,62,1,17904.44,15.3
4253,1682,397,1,1935.92,36.4
4254,1682,70,4,20330.43,39.5
4255,1683,437,5,14268.65,23.9
4256,1683,130,1,4108.58,14.9
4257,1683,457,1,8565.29,5.7
4258,1684,463,1,23408.71,26.6
4259,1684,280,4,24571.65,39.9
4260,1685,351,4,5444.49,18.5
4261,1685,186,3,514.89,39.0
4262,1685,229,5,22703.98,48.5
4263,1685,386,4,10901.34,17.9
4264,1686,409,2,5517.97,2.5
4265,1686,306,4,1105.43,12.9
4266,1687,507,2,18348.99,48.9
4267,1687,408,1,2135.06,28.1
4268,1687,367,4,23198.13,43.7
4269,1688,457,2,15392.13,16.6
4270,1688,64,5,13577.24,42.6
4271,1689,531,3,6818.83,6.6
4272,1689,239,4,26967.81,12.0
4273,1689,278,3,26198.2,8.8
4274,1690,63,5,22963.09,15.1
4275,1690,160,5,11618.55,36.2
4276,1690,266,5,19124.5,2.3
4277,1691,411,3,13231.97,23.3
4278,1691,205,4,16541.13,9.7
4279,1691,262,5,2643.81,44.5
4280,1691,179,4,4790.11,37.0
4281,1692,388,2,22287.37,36.1
4282,1692,486,3,699.57,32.0
4283,1693,78,4,26027.29,35.9
4284,1693,121,3,22427.29,33.1
4285,1694,492,2,9429.41,28.5
4286,1694,403,2,3866.17,24.7
4287,1694,177,5,12765.87,2.1
4288,1694,78,1,11833.45,22.2
4289,1695,532,3,13737.52,18.5
4290,1695,368,3,29897.98,29.9
4291,1695,472,1,23575.91,9.5
4292,1696,229,2,7608.92,13.5
4293,1697,490,3,15585.03,9.3
4294,1697,99,1,16765.41,41.3
4295,1697,68,4,2853.16,30.2
4296,1698,462,4,13740.7,32.7
4297,1699,120,4,27062.13,14.9
4298,1699,215,2,5875.59,44.5
4299,1700,358,2,28833.82,12.2
4300,1700,331,2,24478.98,4.4
4301,1701,165,3,20973.42,22.6
4302,1702,300,5,10809.14,28.5
4303,1703,483,4,155.7,21.4
4304,1703,44,2,11153.76,9.8
4305,1703,239,3,24068.2,10.8
4306,1703,98,4,24157.78,43.2
4307,1704,483,4,7134.66,31.6
4308,1704,523,3,21608.75,44.9
4309,1704,528,1,1007.71,20.2
4310,1704,236,2,23541.15,43.0
4311,1705,143,1,8315.14,43.4
4312,1705,28,2,18518.11,43.2
4313,1706,92,2,8064.05,13.1
4314,1707,350,4,16290.7,8.5
4315,1707,52,2,15128.92,6.7
4316,1708,97,1,6544.36,7.6
4317,1709,42,1,23452.07,47.5
4318,1709,108,3,18688.19,47.0
4319,1710,437,4,15434.45,47.5
4320,1710,81,1,283.35,48.6
4321,1710,446,3,26118.12,26.0
4322,1710,63,2,3643.31,43.5
4323,1711,217,-2,14858.65,9.8
4324,1711,247,1,3679.53,49.3
4325,1711,427,3,18621.55,37.0
4326,1712,84,1,17929.82,42.1
4327,1712,486,5,23999.82,2.4
4328,1713,241,1,14754.14,20.8
4329,1714,19,3,16306.79,10.2
4330,1714,378,5,29703.27,44.5
4331,1715,431,1,3311.7,4.1
4332,1716,427,3,6385.34,15.0
4333,1716,19,2,19691.14,44.7
4334,1717,213,4,1097.82,5.8
4335,1717,130,2,24142.42,49.2
4336,1717,61,3,6691.12,39.7
4337,1717,4,4,22376.06,46.4
4338,1718,308,4,1392.03,20.6
4339,1719,331,5,21993.36,8.1
4340,1719,365,3,26778.58,31.9
4341,1719,100,3,3082.3,45.6
4342,1720,379,1,7109.93,32.2
4343,1720,204,4,24448.27,20.0
4344,1721,28,3,20325.89,42.5
4345,1721,369,1,7908.71,49.8
4346,1721,159,2,17738.46,1.6
4347,1721,75,5,17650.43,7.1
4348,1722,496,5,1448.06,23.9
4349,1722,527,4,6263.89,4.1
4350,1722,205,5,23724.32,20.5
4351,1723,532,4,7635.07,22.9
4352,1723,364,2,7764.71,1.1
4353,1723,211,1,27733.59,0.7
4354,1724,74,2,21341.46,35.5
4355,1725,507,1,1212.4,13.8
4356,1726,312,3,15239.46,5.2
4357,1726,112,5,8604.24,16.3
4358,1726,139,2,21021.58,19.3
4359,1727,370,1,28109.36,33.2
4360,1727,442,5,16307.96,3.1
4361,1727,81,1,18403.37,33.1
4362,1728,342,3,3325.37,40.3
4363,1729,114,3,15501.69,11.7
4364,1730,39,2,27949.47,20.6
4365,1730,416,1,11701.47,39.4
4366,1730,352,5,9027.27,4.4
4367,1731,2,2,21317.27,11.0
4368,1732,126,5,24785.18,16.9
4369,1733,400,5,21836.69,39.9
4370,1733,476,4,15197.74,5.0
4371,1733,252,3,11853.14,8.5
4372,1734,499,5,19330.2,15.7
4373,1735,525,5,11079.7,30.7
4374,1735,14,3,4938.14,32.1
4375,1736,237,4,5455.91,1.3
4376,1736,407,2,14059.25,47.7
4377,1736,157,1,24997.08,18.6
4378,1736,340,3,22260.59,45.3
4379,1737,383,1,16599.11,29.6
4380,1738,172,3,4302.77,4.8
4381,1738,435,5,9234.02,13.2
4382,1738,263,2,17039.09,3.0
4383,1739,24,4,29670.65,19.2
4384,1739,159,2,21597.92,7.3
4385,1740,344,2,3290.02,18.1
4386,1740,503,4,4201.86,18.6
4387,1740,529,1,26522.95,14.0
4388,1741,225,-1,3482.33,3.3
4389,1742,310,4,19301.59,25.1
4390,1742,315,1,28939.27,18.6
4391,1742,190,5,4228.99,6.7
4392,1742,86,4,803.76,33.0
4393,1743,55,4,18416.0,36.8
4394,1743,314,4,20905.36,17.6
4395,1743,478,4,19474.18,15.3
4396,1743,410,3,560.98,22.4
4397,1744,297,4,5781.01,28.2
4398,1744,390,1,13342.49,45.5
4399,1744,463,3,15023.17,2.4
4400,1744,172,3,19086.43,6.4
4401,1745,68,4,24455.33,48.7
4402,1746,146,2,7140.54,35.9
4403,1746,132,5,2662.82,15.2
4404,1746,379,4,26860.19,47.5
4405,1747,416,1,14683.37,5.6
4406,1747,483,5,9982.01,3.4
4407,1747,315,3,14873.23,45.1
4408,1747,424,5,1894.86,9.9
4409,1748,330,5,12079.44,9.1
4410,1749,134,3,10233.66,25.5
4411,1749,216,3,21366.7,37.0
4412,1749,413,4,2168.76,14.1
4413,1750,355,4,18849.46,3.4
4414,1750,27,4,15905.67,31.6
4415,1750,532,1,4768.84,24.4
4416,1750,24,5,18111.21,8.5
4417,1751,237,4,28710.84,14.3
4418,1751,453,4,23595.91,36.7
4419,1751,210,5,15768.36,20.4
4420,1752,502,3,24726.51,23.2
4421,1752,452,4,29174.28,37.0
4422,1753,129,2,19302.34,32.0
4423,1753,474,5,3226.18,20.8
4424,1753,241,3,3715.15,10.7
4425,1754,284,5,13757.49,40.4
4426,1754,361,5,23532.2,3.1
4427,1754,352,1,24989.48,31.5
4428,1755,346,1,14599.53,5.2
4429,1755,216,1,4625.44,8.6
4430,1755,28,2,3342.45,9.2
4431,1756,392,3,11044.22,39.4
4432,1756,459,2,9862.82,41.9
4433,1756,131,3,19076.17,17.8
4434,1757,160,3,6559.19,15.4
4435,1757,414,2,23485.03,1.2
4436,1757,316,3,2278.04,20.9
4437,1758,43,1,28623.55,43.8
4438,1758,469,3,15455.08,21.0
4439,1758,166,4,28522.83,22.0
4440,1758,386,1,17249.97,49.6
4441,1759,351,5,5934.32,9.0
4442,1760,2,5,11709.21,31.4
4443,1760,433,3,27466.67,26.0
4444,1760,356,3,3885.52,19.8
4445,1761,74,2,1092.3,28.5
4446,1761,106,1,8994.53,47.4
4447,1761,28,2,28372.93,4.8
4448,1762,123,4,14236.02,39.6
4449,1762,478,4,921.13,26.2
4450,1762,323,1,28484.66,33.9
4451,1763,277,4,24821.58,45.1
4452,1763,183,1,27959.93,22.9
4453,1764,147,5,26124.21,45.6
4454,1764,478,4,14650.48,14.7
4455,1765,34,4,20063.62,26.5
4456,1765,85,5,22913.1,25.8
4457,1765,498,1,24215.79,1.7
4458,1765,402,5,4596.76,10.4
4459,1766,373,4,14864.52,2.2
4460,1766,169,5,24076.46,19.9
4461,1767,192,5,12033.75,12.5
4462,1767,271,1,27795.39,35.6
4463,1768,108,2,14065.78,12.4
4464,1768,406,5,14117.98,6.6
4465,1768,376,3,20143.12,3.9
4466,1768,333,1,9424.91,33.5
4467,1769,52,5,25733.31,33.1
4468,1770,270,1,22751.71,13.3
4469,1770,301,1,5092.01,33.0
4470,1770,85,1,9971.46,10.3
4471,1771,173,3,11970.03,13.4
4472,1771,244,4,387.32,26.9
4473,1771,462,3,26182.5,4.3
4474,1771,192,4,9674.75,19.6
4475,1772,181,4,18195.54,38.0
4476,1772,191,4,15309.54,5.7
4477,1773,176,5,2407.63,29.8
4478,1773,466,2,4009.14,42.4
4479,1773,183,3,7478.2,12.9
4480,1774,339,3,20421.12,8.1
4481,1774,490,3,25235.5,44.9
4482,1774,400,2,13136.32,0.7
4483,1774,89,2,7123.51,33.1
4484,1775,527,2,14209.94,10.9
4485,1776,361,5,5556.97,19.5
4486,1777,392,3,12570.68,11.9
4487,1777,531,-1,24365.84,24.2
4488,1777,25,5,6131.23,20.5
4489,1777,23,3,14163.14,0.3
4490,1778,37,4,24071.53,13.2
4491,1778,241,2,24153.84,14.4
4492,1779,511,2,20588.63,49.5
4493,1779,234,5,8421.81,28.5
4494,1780,162,2,18361.25,36.4
4495,1780,511,4,21955.78,43.6
4496,1780,427,2,22584.92,1.5
4497,1781,179,1,18955.68,33.4
4498,1781,528,5,861.11,40.0
4499,1781,88,1,18033.99,28.1
4500,1781,354,1,18786.63,11.6
4501,1782,449,3,9946.36,6.4
4502,1782,151,5,7843.85,19.5
4503,1783,138,2,3147.07,15.8
4504,1783,496,2,9670.57,38.9
4505,1784,193,1,21168.18,19.7
4506,1784,191,1,12720.28,27.3
4507,1784,454,3,25013.99,39.2
4508,1784,260,2,6058.91,21.3
4509,1785,350,3,25330.64,32.1
4510,1786,405,1,15409.88,10.6
4511,1786,313,1,13658.89,9.7
4512,1786,491,5,21323.69,26.9
4513,1786,68,3,27800.14,43.0
4514,1787,223,1,29101.2,22.9
4515,1787,444,4,19499.27,18.0
4516,1787,521,5,2349.31,47.9
4517,1787,349,4,17600.51,20.3
4518,1788,142,3,17205.81,28.7
4519,1788,203,1,25441.63,11.7
4520,1789,276,3,29217.67,14.8
4521,1790,429,2,3677.26,23.4
4522,1791,280,2,20423.84,6.6
4523,1791,152,5,25257.92,9.6
4524,1791,186,5,944.84,11.6
4525,1792,209,2,17768.55,18.3
4526,1792,107,5,9875.15,25.3
4527,1792,465,2,14271.26,1.2
4528,1792,335,3,2718.55,10.9
4529,1793,207,1,18202.82,48.2
4530,1793,302,4,6983.98,40.3
4531,1793,231,3,13442.56,4.3
4532,1793,68,3,25974.0,10.6
4533,1794,332,4,16380.86,48.2
4534,1794,310,2,1074.91,46.2
4535,1795,261,1,5294.35,25.6
4536,1795,350,4,3643.04,27.8
4537,1796,527,4,22332.2,18.5
4538,1797,201,4,10227.49,10.0
4539,1797,110,4,3418.27,11.2
4540,1797,310,3,25476.22,4.1
4541,1798,440,3,8253.87,11.3
4542,1799,496,2,11538.34,3.9
4543,1800,266,3,28901.49,40.2
4544,1800,496,4,23704.1,40.8
4545,1800,5,1,19925.07,19.4
4546,1800,428,2,29619.56,21.3
4547,1801,54,4,5174.13,9.8
4548,1801,280,1,19381.38,44.4
4549,1802,322,1,26670.64,44.2
4550,1802,395,2,19181.8,17.2
4551,1802,265,4,29237.51,16.3
4552,1802,504,-2,25154.04,21.7
4553,1803,240,4,3858.44,18.9
4554,1803,279,3,13256.21,40.9
4555,1803,51,5,8898.75,12.9
4556,1804,64,1,6620.24,16.5
4557,1804,362,5,22696.48,9.3
4558,1804,402,2,4542.21,31.0
4559,1805,498,3,16119.87,34.2
4560,1805,525,5,3331.33,30.3
4561,1805,222,4,12337.87,25.6
4562,1805,317,4,21138.03,32.9
4563,1806,146,3,6874.81,34.6
4564,1806,343,4,5381.4,24.9
4565,1807,473,4,11190.34,10.6
4566,1808,341,3,24222.98,21.2
4567,1808,356,5,10172.88,38.9
4568,1808,200,3,16189.76,11.8
4569,1809,473,5,10072.41,34.7
4570,1810,125,5,9046.17,11.0
4571,1810,458,5,21173.93,13.2
4572,1810,210,3,7647.76,36.1
4573,1811,412,4,4496.26,45.5
4574,1812,507,3,4850.64,33.5
4575,1812,268,4,29755.28,39.5
4576,1812,34,3,27635.02,21.6
4577,1813,52,4,17153.12,30.4
4578,1813,464,1,17525.09,19.8
4579,1814,101,2,8486.66,40.2
4580,1814,290,1,8231.19,35.6
4581,1814,24,1,15449.88,28.2
4582,1815,54,1,22736.18,10.5
4583,1815,147,-1,17595.77,17.8
4584,1816,96,3,27096.01,41.4
4585,1817,181,2,14499.35,9.4
4586,1817,57,3,18434.59,45.8
4587,1817,356,3,9467.91,46.4
4588,1817,380,2,24758.34,11.6
4589,1818,252,4,10345.23,28.5
4590,1818,315,3,16887.47,39.6
4591,1819,302,1,12724.95,2.5
4592,1819,92,3,19878.28,37.0
4593,1820,207,5,7368.28,49.8
4594,1821,497,2,6196.32,35.9
4595,1822,44,2,24975.81,5.0
4596,1822,465,2,2851.46,19.1
4597,1823,445,5,5032.37,11.0
4598,1824,473,1,16366.41,47.4
4599,1824,534,2,27560.3,27.9
4600,1824,117,5,20429.74,45.5
4601,1824,87,2,23952.67,33.5
4602,1825,461,4,9357.31,33.0
4603,1825,325,5,19698.99,9.5
4604,1825,246,4,20849.53,26.2
4605,1826,402,1,19940.51,11.6
4606,1826,167,5,4402.34,11.3
4607,1827,354,-1,18085.04,1.2
4608,1827,78,3,23036.43,6.9
4609,1827,268,5,7321.74,17.0
4610,1827,329,1,834.3,42.5
4611,1828,232,4,29108.77,16.0
4612,1828,226,3,16253.19,2.6
4613,1828,219,3,17336.82,19.6
4614,1828,533,2,7140.56,27.9
4615,1829,340,1,29461.68,35.0
4616,1829,187,3,20388.74,15.1
4617,1829,28,3,14789.49,7.1
4618,1830,278,5,25678.84,23.3
4619,1830,59,2,5184.84,36.1
4620,1830,376,3,18498.76,2.7
4621,1830,108,3,22471.58,31.4
4622,1831,77,2,5360.8,34.6
4623,1831,27,1,6963.6,24.3
4624,1832,57,5,13671.08,29.8
4625,1833,335,4,1769.58,2.8
4626,1833,366,4,23126.72,46.6
4627,1833,118,2,21088.22,39.8
4628,1833,160,1,14062.1,21.5
4629,1834,121,4,4895.33,42.7
4630,1834,169,3,17355.4,35.9
4631,1835,377,4,4872.61,29.0
4632,1835,408,3,25364.89,1.6
4633,1836,305,2,22854.02,21.4
4634,1836,77,4,22849.23,45.4
4635,1836,306,2,10530.63,20.9
4636,1837,521,4,13165.34,29.2
4637,1837,363,3,20341.8,24.3
4638,1837,439,-1,16866.02,43.1
4639,1838,406,5,12465.39,14.0
4640,1839,69,1,9459.16,6.9
4641,1839,102,3,12443.62,22.8
4642,1839,384,2,12800.06,18.9
4643,1840,366,4,25193.93,34.6
4644,1840,48,2,15265.82,39.1
4645,1840,49,5,11201.29,35.8
4646,1840,307,2,22914.46,16.5
4647,1841,29,2,3386.13,38.3
4648,1841,162,5,473.95,29.0
4649,1842,272,4,7380.08,47.8
4650,1842,392,3,15393.7,13.2
4651,1842,138,1,9521.93,4.9
4652,1843,283,5,9463.11,44.9
4653,1843,379,2,10011.75,43.2
4654,1843,247,5,18856.73,30.1
4655,1844,444,2,28325.24,46.1
4656,1845,147,3,2467.12,49.6
4657,1845,137,1,2065.7,4.5
4658,1845,485,5,13779.62,38.3
4659,1846,82,5,12755.84,10.5
4660,1847,99,1,9503.81,0.1
4661,1848,399,3,1941.73,42.3
4662,1848,105,4,11074.03,26.0
4663,1848,464,3,10792.57,36.8
4664,1849,92,2,599.2,25.4
4665,1849,17,1,26304.82,9.3
4666,1850,329,2,9800.5,1.7
4667,1850,278,1,10104.38,44.3
4668,1850,37,5,6231.35,18.5
4669,1850,477,4,29443.34,49.1
4670,1851,389,4,17650.13,5.6
4671,1851,31,1,5237.88,27.1
4672,1851,412,5,6228.89,42.4
4673,1851,95,3,17680.23,18.2
4674,1852,497,4,17532.48,42.3
4675,1852,475,4,18011.59,32.8
4676,1853,398,1,25542.51,32.3
4677,1853,258,1,681.17,8.5
4678,1853,30,1,19774.85,1.4
4679,1854,375,4,6244.3,13.0
4680,1854,393,2,16917.83,46.4
4681,1854,113,2,6215.07,17.9
4682,1855,88,5,14990.57,0.1
4683,1855,249,1,18933.44,33.1
4684,1855,485,1,3687.58,11.5
4685,1856,334,2,5076.1,4.1
4686,1856,164,1,20108.02,43.9
4687,1856,214,2,14741.2,24.3
4688,1856,207,2,7445.99,25.5
4689,1857,525,2,20284.47,8.6
4690,1858,520,2,26387.78,15.3
4691,1859,245,5,23311.61,38.9
4692,1859,326,3,17625.26,23.8
4693,1859,115,1,24056.32,48.6
4694,1860,18,2,4080.02,38.2
4695,1860,16,1,16221.34,39.1
4696,1860,191,2,25570.29,39.3
4697,1861,507,2,7797.6,11.2
4698,1861,505,1,25204.86,36.9
4699,1862,175,2,27659.86,26.0
4700,1862,341,5,4982.44,8.1
4701,1862,94,3,25714.42,30.7
4702,1862,510,4,18526.45,27.7
4703,1863,414,4,359.88,2.7
4704,1863,180,5,4193.42,5.3
4705,1863,84,1,13766.13,38.8
4706,1864,444,5,3923.29,37.8
4707,1864,292,3,1410.44,42.7
4708,1864,346,3,7762.97,30.3
4709,1864,219,5,9854.08,29.5
4710,1865,540,5,27918.89,12.8
4711,1866,285,4,25294.99,32.9
4712,1866,450,3,14735.92,39.3
4713,1866,145,2,20398.75,22.4
4714,1867,422,3,24417.94,16.3
4715,1867,237,3,7832.0,21.0
4716,1867,264,4,9352.93,3.4
4717,1868,326,5,22710.59,26.7
4718,1868,164,3,11429.31,43.2
4719,1868,325,5,6957.19,1.2
4720,1869,85,3,4742.14,11.9
4721,1869,488,2,23328.13,35.1
4722,1870,349,4,14598.32,44.8
4723,1870,267,4,22160.6,49.9
4724,1870,540,2,4980.56,5.8
4725,1870,225,1,21525.69,42.6
4726,1871,282,4,4209.59,11.5
4727,1871,101,4,27421.27,2.2
4728,1872,71,4,1573.98,33.7
4729,1872,495,2,4919.73,29.8
4730,1872,354,5,19954.84,27.8
4731,1873,467,1,15976.24,45.8
4732,1873,215,4,11034.62,34.1
4733,1873,232,2,29083.35,47.2
4734,1873,382,1,15870.69,14.1
4735,1874,103,5,16961.25,34.5
4736,1874,63,1,15880.31,45.6
4737,1874,536,5,18648.61,9.1
4738,1875,509,5,7130.93,6.7
4739,1876,422,2,19774.89,29.4
4740,1877,348,3,16958.76,22.7
4741,1877,193,5,13399.87,31.3
4742,1877,317,5,20281.91,10.8
4743,1878,152,1,25990.61,30.6
4744,1878,284,4,6826.66,18.8
4745,1878,201,3,19473.48,0.2
4746,1879,175,5,22128.51,46.1
4747,1879,314,2,2598.47,45.2
4748,1879,261,5,24354.27,47.1
4749,1879,492,5,29541.6,2.5
4750,1880,115,2,29892.12,14.5
4751,1880,516,2,29987.29,22.0
4752,1880,184,1,10734.31,40.8
4753,1881,88,5,13959.01,25.3
4754,1881,93,4,12230.13,42.7
4755,1882,110,1,1673.96,13.8
4756,1883,148,4,1866.95,33.3
4757,1884,228,3,25323.95,18.4
4758,1884,100,-1,678.5,19.3
4759,1885,358,4,29812.45,11.8
4760,1885,483,4,29148.83,40.9
4761,1885,320,5,8157.55,45.5
4762,1885,245,4,6883.46,2.4
4763,1886,110,1,16125.04,9.6
4764,1886,179,4,29166.61,16.5
4765,1887,96,5,28033.53,37.2
4766,1888,89,2,7051.01,1.2
4767,1888,54,4,20234.57,27.8
4768,1889,359,2,17315.18,16.3
4769,1889,164,4,10166.32,40.8
4770,1890,507,4,18097.12,14.8
4771,1890,386,5,28569.82,2.7
4772,1890,228,2,10714.49,37.4
4773,1891,163,3,13165.96,22.6
4774,1891,209,2,5104.17,45.6
4775,1891,452,1,14841.02,32.2
4776,1892,285,3,28196.72,37.8
4777,1893,175,4,7895.66,49.4
4778,1893,45,5,13551.86,2.6
4779,1893,369,4,2584.89,42.1
4780,1894,41,2,2165.93,21.4
4781,1894,194,4,25391.54,11.7
4782,1894,298,5,11178.59,46.3
4783,1894,524,3,8470.78,9.2
4784,1895,96,3,6488.92,32.0
4785,1896,538,5,899.83,40.2
4786,1897,347,3,26783.15,49.3
4787,1897,540,2,12872.04,16.0
4788,1898,383,3,27667.07,31.6
4789,1898,460,1,21963.41,42.4
4790,1898,495,5,5110.53,23.9
4791,1898,267,3,17597.24,24.7
4792,1899,64,4,27231.31,24.1
4793,1899,464,3,7053.81,38.0
4794,1899,536,5,270.56,42.9
4795,1900,535,5,27099.48,34.0
4796,1900,268,3,12440.57,3.6
4797,1900,383,5,18545.59,7.7
4798,1900,111,2,13229.22,5.3
4799,1901,151,5,28844.14,18.4
4800,1902,196,1,11050.47,40.7
4801,1902,326,2,11350.49,11.1
4802,1902,76,1,8726.47,40.3
4803,1902,498,1,18691.17,24.1
4804,1903,73,3,15964.53,0.7
4805,1903,59,2,4695.44,36.5
4806,1903,217,5,26784.53,13.3
4807,1904,94,2,26551.03,37.5
4808,1905,29,4,17772.68,27.6
4809,1905,471,2,14326.39,48.6
4810,1905,104,4,24078.62,39.7
4811,1905,542,5,5164.85,15.5
4812,1906,87,4,19154.26,45.6
4813,1907,482,4,1745.88,25.7
4814,1907,300,4,11500.19,43.3
4815,1907,53,4,2903.16,26.3
4816,1907,2,2,24342.11,2.1
4817,1908,64,2,4059.01,5.8
4818,1908,22,5,24880.11,43.7
4819,1908,103,1,9627.07,42.2
4820,1908,7,1,22864.95,44.7
4821,1909,388,3,21815.8,5.6
4822,1910,475,1,25180.09,5.5
4823,1910,447,1,2538.74,40.2
4824,1910,531,4,6958.22,9.0
4825,1910,489,2,10947.77,28.4
4826,1911,139,1,13035.83,7.3
4827,1911,338,4,690.84,39.1
4828,1911,520,3,25628.57,39.3
4829,1912,324,2,27041.39,4.2
4830,1912,335,2,27486.43,41.7
4831,1912,37,5,1607.0,34.8
4832,1912,161,5,25130.04,16.4
4833,1913,302,2,12626.01,12.3
4834,1913,146,2,3549.52,23.1
4835,1914,295,1,25331.54,48.1
4836,1914,516,2,597.31,4.5
4837,1914,454,2,528.96,5.3
4838,1915,461,2,5418.81,37.3
4839,1915,436,4,27369.39,30.7
4840,1915,474,3,18402.96,11.5
4841,1915,287,4,12580.81,43.3
4842,1916,179,5,25485.06,47.3
4843,1916,388,5,17986.72,45.3
4844,1916,33,3,23781.07,24.6
4845,1916,161,3,24670.01,29.8
4846,1917,329,4,10390.76,23.1
4847,1917,515,2,20667.2,45.0
4848,1917,272,3,6005.87,8.4
4849,1918,179,4,23115.62,7.3
4850,1918,534,2,24194.13,38.4
4851,1919,329,3,23077.54,38.5
4852,1919,264,4,20688.93,17.1
4853,1919,548,1,5754.23,36.5
4854,1919,297,2,19331.69,42.5
4855,1920,394,5,8887.18,45.0
4856,1920,426,5,5248.81,48.9
4857,1921,255,3,21725.0,10.9
4858,1921,313,5,24290.81,49.3
4859,1922,374,2,19969.72,48.7
4860,1922,496,5,16460.65,5.7
4861,1922,378,4,19201.0,3.7
4862,1922,311,3,20192.52,24.1
4863,1923,102,1,3544.48,3.9
4864,1924,390,2,2167.09,12.2
4865,1925,165,4,26271.6,46.0
4866,1925,76,5,23295.88,18.8
4867,1925,116,4,26426.55,18.2
4868,1926,450,3,2024.19,32.8
4869,1926,141,1,1957.4,32.2
4870,1926,124,3,6706.7,1.8
4871,1927,500,3,11969.7,14.5
4872,1927,231,4,18892.42,27.7
4873,1927,142,5,5276.7,43.2
4874,1927,15,4,24314.59,20.9
4875,1928,103,1,22423.45,22.9
4876,1928,90,5,15137.87,42.7
4877,1929,81,2,13013.03,44.8
4878,1929,283,2,1019.05,18.8
4879,1929,112,3,21943.04,44.4
4880,1929,273,2,15235.74,10.1
4881,1930,423,2,20746.76,36.3
4882,1931,319,4,7860.99,27.9
4883,1931,53,4,26325.93,6.7
4884,1931,365,5,14581.24,41.2
4885,1932,342,3,10262.02,34.6
4886,1932,470,-3,28138.94,7.6
4887,1932,183,-1,9076.18,29.6
4888,1933,122,3,11215.77,28.3
4889,1933,113,1,21666.85,22.0
4890,1933,485,4,11591.68,6.4
4891,1933,457,5,5384.11,39.2
4892,1934,347,1,1072.62,33.6
4893,1934,248,3,22173.17,47.1
4894,1935,188,4,25295.84,24.4
4895,1935,379,1,5353.76,17.9
4896,1935,410,5,21609.84,24.5
4897,1936,126,1,22168.88,5.8
4898,1937,360,3,16759.81,20.6
4899,1937,125,5,18996.16,6.2
4900,1937,503,4,17416.38,15.6
4901,1937,244,5,14320.35,22.9
4902,1938,237,5,6550.97,44.8
4903,1939,58,3,16201.66,38.6
4904,1940,339,4,6466.45,21.2
4905,1940,444,2,25683.41,21.5
4906,1941,1,4,19862.02,33.1
4907,1941,145,5,8868.45,33.3
4908,1942,493,4,23726.51,2.4
4909,1942,339,3,1180.28,19.2
4910,1942,106,1,20553.62,32.1
4911,1942,323,5,9480.5,42.8
4912,1943,531,3,24666.14,11.8
4913,1943,338,1,2705.81,19.1
4914,1943,282,5,9599.57,48.2
4915,1943,299,2,3071.59,2.1
4916,1944,252,4,7569.71,11.5
4917,1945,126,1,12883.47,17.7
4918,1945,334,1,25111.94,36.7
4919,1945,176,5,15515.26,21.9
4920,1946,524,3,27719.9,9.9
4921,1946,297,-3,8838.31,16.8
4922,1946,330,4,22168.8,23.4
4923,1947,125,3,26047.72,25.1
4924,1947,301,2,6099.13,8.8
4925,1947,431,2,21203.13,9.8
4926,1948,468,4,12175.54,2.8
4927,1948,362,2,24835.98,43.3
4928,1948,475,-3,29656.35,21.4
4929,1949,396,3,676.49,46.8
4930,1950,437,4,15435.61,20.5
4931,1950,84,2,4164.76,38.2
4932,1951,509,3,2016.93,33.6
4933,1951,278,-2,5945.28,21.8
4934,1951,110,2,9618.75,39.4
4935,1952,52,2,331.13,25.7
4936,1952,8,2,15981.77,27.6
4937,1952,6,5,18979.0,7.3
4938,1952,69,1,15228.0,28.8
4939,1953,109,5,3944.4,20.7
4940,1953,548,-3,28657.43,23.3
4941,1954,468,1,28959.94,21.6
4942,1954,432,3,22507.06,6.3
4943,1954,9,5,23502.03,16.7
4944,1955,173,4,26181.87,16.8
4945,1955,523,4,28448.81,10.0
4946,1956,86,5,7454.72,12.0
4947,1956,472,4,20323.38,21.3
4948,1957,353,4,12749.89,18.5
4949,1957,351,5,26356.59,16.0
4950,1958,346,4,5168.26,4.8
4951,1958,113,5,20827.56,20.7
4952,1958,393,2,8691.02,11.7
4953,1958,220,2,6130.4,20.1
4954,1959,319,3,19407.08,14.8
4955,1959,426,3,21294.92,26.9
4956,1959,518,4,6608.36,49.0
4957,1959,452,1,22768.51,44.7
4958,1960,523,1,27005.99,17.6
4959,1960,502,1,10279.2,10.4
4960,1960,483,4,11265.15,27.3
4961,1961,331,3,8865.35,44.2
4962,1961,429,3,2694.68,17.0
4963,1961,440,5,25091.55,46.1
4964,1961,225,2,7982.29,41.6
4965,1962,435,4,24827.58,6.8
4966,1963,432,1,26313.29,40.9
4967,1963,392,2,26769.81,11.7
4968,1963,376,4,25663.28,24.3
4969,1963,161,1,1100.8,36.8
4970,1964,208,1,15641.18,49.3
4971,1964,481,1,6613.29,45.9
4972,1964,125,5,22098.58,16.8
4973,1965,489,4,6023.11,36.5
4974,1965,117,1,6413.84,33.2
4975,1966,407,1,25292.14,25.1
4976,1966,405,5,23741.37,24.9
4977,1966,289,5,14063.39,27.5
4978,1966,447,3,25621.24,31.3
4979,1967,365,5,2689.46,45.9
4980,1967,477,3,12560.42,32.4
4981,1967,489,4,17708.29,45.4
4982,1967,88,2,19194.65,28.6
4983,1968,99,4,20151.23,48.1
4984,1968,22,4,16305.76,33.0
4985,1968,210,5,9119.94,0.9
4986,1969,192,3,1908.07,11.4
4987,1969,395,3,27484.3,13.1
4988,1970,280,1,22056.58,49.9
4989,1971,98,5,8538.76,18.7
4990,1971,229,2,21388.73,31.5
4991,1971,222,1,29815.38,27.0
4992,1972,490,3,6259.64,47.8
4993,1972,56,4,2188.81,34.7
4994,1973,422,2,10124.62,31.6
4995,1973,503,1,29790.84,36.1
4996,1973,386,1,10399.0,9.9
4997,1973,156,5,18845.24,34.2
4998,1974,372,1,1053.39,38.3
4999,1974,251,1,9423.19,48.6
5000,1974,68,-1,8462.05,48.9
5001,1975,33,2,23966.76,36.1
5002,1975,221,2,9038.32,31.7
5003,1975,415,3,26544.7,22.0
5004,1975,258,5,26968.27,43.6
5005,1976,167,3,21854.54,48.1
5006,1976,77,2,3046.53,40.8
5007,1976,492,4,26781.0,27.1
5008,1976,481,3,26812.11,45.1
5009,1977,21,2,4398.76,34.4
5010,1977,503,3,17644.77,40.8
5011,1977,432,4,21002.96,48.7
5012,1978,95,1,8362.92,24.2
5013,1978,406,3,27787.9,26.6
5014,1978,402,5,13132.67,41.8
5015,1979,453,4,13928.45,33.8
5016,1979,524,1,5420.27,28.8
5017,1980,89,4,131.13,43.1
5018,1980,505,1,143.18,8.6
5019,1981,435,4,15222.58,42.4
5020,1981,165,1,21011.91,0.5
5021,1981,284,4,15071.28,37.7
5022,1981,314,3,12766.65,47.6
5023,1982,90,5,14648.31,13.6
5024,1982,425,2,330.49,36.1
5025,1982,312,4,16631.95,46.6
5026,1983,27,4,15985.79,39.3
5027,1983,212,4,21184.69,44.9
5028,1983,482,2,227.27,7.2
5029,1983,376,4,8707.3,0.9
5030,1984,228,2,10445.75,23.0
5031,1985,265,2,12704.73,15.3
5032,1986,383,3,11159.06,37.0
5033,1986,4,2,3031.54,38.5
5034,1987,435,3,14790.23,21.4
5035,1987,433,5,4651.4,34.0
5036,1988,493,1,1563.81,12.8
5037,1989,280,4,18417.01,30.2
5038,1989,116,2,22700.02,30.6
5039,1989,471,5,5951.18,9.8
5040,1989,246,4,16662.08,10.5
5041,1990,535,4,6390.77,43.5
5042,1990,543,5,3164.64,49.9
5043,1990,154,2,7559.29,1.9
5044,1990,354,5,25030.91,31.6
5045,1991,492,3,4078.78,29.0
5046,1991,503,4,28265.62,12.8
5047,1992,32,5,21768.51,2.9
5048,1992,202,2,29928.07,7.7
5049,1992,214,4,5634.49,4.4
5050,1992,297,4,13266.97,37.1
5051,1993,424,1,29500.56,2.3
5052,1993,454,4,8016.61,21.5
5053,1993,235,5,26851.49,11.4
5054,1993,494,2,20795.3,14.0
5055,1994,162,2,7324.21,14.0
5056,1994,263,4,14993.12,19.5
5057,1994,144,5,8284.94,30.3
5058,1994,398,4,22653.37,4.1
5059,1995,309,3,29155.15,9.1
5060,1995,22,2,18022.61,17.4
5061,1996,407,1,14005.73,27.6
5062,1996,536,3,25320.37,25.4
5063,1997,538,5,27397.75,21.4
5064,1997,9,5,4915.29,34.9
5065,1997,28,3,20733.58,46.5
5066,1998,274,3,15146.29,23.4
5067,1999,354,2,25106.69,47.6
5068,1999,500,4,25242.16,30.9
5069,2000,103,5,18195.5,22.2
5070,2000,63,2,4327.43,21.5
5071,2000,500,4,21940.81,4.2
5072,2000,512,2,7184.59,1.7
5073,2001,509,3,22290.31,42.8
5074,2001,12,4,24167.48,49.2
5075,2002,448,3,7285.57,27.7
5076,2002,250,1,3598.78,21.7
5077,2002,40,1,4732.83,47.8
5078,2002,327,3,26183.4,2.7
5079,2003,83,3,27845.46,11.0
5080,2003,357,2,25962.02,43.3
5081,2003,375,3,28321.29,16.9
5082,2003,543,2,2967.9,37.2
5083,2004,287,5,17280.33,32.8
5084,2004,86,4,16963.86,10.0
5085,2004,195,2,16593.8,15.8
5086,2005,43,4,17972.34,35.4
5087,2005,494,-2,24684.45,10.4
5088,2005,14,1,24254.09,25.9
5089,2006,299,2,29446.91,34.3
5090,2006,43,5,6953.14,26.5
5091,2006,515,3,4056.84,22.0
5092,2006,116,5,17531.88,37.9
5093,2007,139,2,16619.61,2.8
5094,2007,518,5,10839.29,16.0
5095,2007,241,5,28076.93,37.2
5096,2007,8,2,19613.09,2.7
5097,2008,541,5,2132.06,48.7
5098,2008,432,1,17867.65,12.1
5099,2008,334,4,10660.94,15.4
5100,2009,192,1,20651.26,18.6
5101,2010,314,4,4679.95,1.4
5102,2010,543,1,25027.15,19.6
5103,2010,484,-3,29978.21,13.6
5104,2010,38,1,10885.27,43.0
5105,2011,227,4,18888.43,43.0
5106,2011,343,1,25408.56,41.5
5107,2012,358,5,25591.88,32.2
5108,2013,439,4,17230.73,48.4
5109,2013,338,5,9320.64,13.3
5110,2013,497,5,25315.62,2.1
5111,2013,218,2,2571.21,39.5
5112,2014,19,3,14962.99,45.5
5113,2014,128,3,5700.03,33.8
5114,2014,28,1,3111.25,40.7
5115,2014,142,2,13161.97,20.8
5116,2015,241,5,3361.1,11.0
5117,2015,497,2,322.34,45.3
5118,2016,101,2,7571.73,26.7
5119,2016,270,1,6297.83,19.3
5120,2017,186,2,24113.34,20.8
5121,2017,528,5,11841.31,38.0
5122,2018,342,1,1038.1,35.8
5123,2019,221,3,25968.24,2.7
5124,2019,119,3,8159.81,34.2
5125,2019,336,3,13676.29,5.3
5126,2020,493,3,18614.77,36.2
5127,2021,289,5,26152.6,5.7
5128,2022,303,4,2870.44,29.8
5129,2023,259,1,26043.55,20.3
5130,2023,114,2,27329.91,19.5
5131,2023,466,3,8785.79,39.2
5132,2024,241,4,12824.23,18.0
5133,2024,409,3,18586.68,2.3
5134,2024,226,3,8519.03,38.7
5135,2025,239,2,5618.02,21.5
5136,2025,105,3,18455.71,5.4
5137,2026,100,2,12176.5,35.6
5138,2026,320,1,19810.28,37.6
5139,2026,395,3,2553.73,10.0
5140,2026,165,2,10430.69,5.7
5141,2027,455,2,14605.88,14.5
5142,2028,305,5,23682.71,22.3
5143,2028,315,2,23117.56,44.4
5144,2029,495,1,18343.48,48.6
5145,2030,165,5,29675.84,46.6
5146,2030,175,2,3691.59,31.7
5147,2030,355,4,9201.94,26.4
5148,2030,535,3,925.55,22.6
5149,2031,156,3,13234.72,29.5
5150,2031,430,1,11607.48,25.3
5151,2031,107,3,7950.01,16.4
5152,2031,499,1,17959.88,13.0
5153,2032,80,2,15464.77,21.6
5154,2032,130,3,281.32,48.1
5155,2032,297,1,20158.17,2.4
5156,2033,258,2,14818.4,48.0
5157,2033,121,1,2981.57,18.0
5158,2033,312,3,13117.86,33.7
5159,2033,314,3,29812.56,17.5
5160,2034,234,5,8176.85,36.2
5161,2034,193,3,2243.9,24.6
5162,2034,487,5,272.42,5.6
5163,2034,436,1,19743.92,15.0
5164,2035,105,5,25728.83,32.6
5165,2035,320,2,16324.78,42.9
5166,2035,368,1,28675.2,23.3
5167,2036,437,2,26854.38,25.9
5168,2036,80,5,9396.92,7.0
5169,2036,530,2,29373.18,32.6
5170,2036,51,-3,18163.83,22.8
5171,2037,320,4,8336.66,17.0
5172,2038,23,1,7925.31,35.7
5173,2038,8,5,18478.75,25.6
5174,2039,237,4,7250.85,49.7
5175,2039,217,4,5581.98,10.3
5176,2039,55,4,18431.94,16.2
5177,2039,30,2,4469.63,32.4
5178,2040,340,3,13983.38,17.8
5179,2041,145,3,7879.26,10.3
5180,2041,169,3,25850.33,48.1
5181,2041,429,2,23089.14,42.2
5182,2042,200,3,24299.66,29.4
5183,2043,149,1,21478.94,30.5
5184,2043,431,4,4774.42,12.8
5185,2043,61,-2,2782.46,32.7
5186,2044,118,1,18279.52,42.7
5187,2044,397,4,11078.89,15.5
5188,2045,161,3,26568.07,8.7
5189,2046,44,5,22599.0,28.8
5190,2047,172,2,10864.0,23.1
5191,2047,194,2,16179.41,29.8
5192,2048,377,4,8434.04,24.3
5193,2048,172,3,18717.88,22.9
5194,2048,160,3,3153.81,25.7
5195,2049,447,4,12294.45,17.4
5196,2049,207,2,2500.5,0.2
5197,2049,549,1,7437.12,32.2
5198,2050,365,3,22139.09,10.7
5199,2050,216,3,20309.34,37.9
5200,2050,269,4,8727.3,25.3
5201,2050,183,2,18591.11,44.3
5202,2051,131,3,6532.39,31.2
5203,2051,371,3,20708.54,46.6
5204,2052,178,2,20440.29,14.3
5205,2052,66,1,28215.76,21.6
5206,2052,361,5,19245.58,40.5
5207,2053,262,3,14327.15,16.0
5208,2053,482,1,16411.73,33.2
5209,2054,40,1,4953.81,44.5
5210,2055,215,1,5448.11,43.0
5211,2055,347,5,6811.34,9.6
5212,2056,266,2,12337.6,11.5
5213,2056,102,2,3502.36,13.2
5214,2056,269,4,3281.45,32.3
5215,2057,330,4,14862.89,25.0
5216,2057,128,1,20401.92,31.9
5217,2057,403,1,6320.82,21.1
5218,2058,191,4,5786.2,17.8
5219,2058,201,5,20446.25,10.4
5220,2058,180,5,21200.41,4.3
5221,2059,456,2,21125.79,5.0
5222,2059,85,3,4215.61,48.4
5223,2059,466,4,13167.5,38.9
5224,2060,7,1,29624.63,29.2
5225,2060,187,-3,22819.51,26.7
5226,2060,221,1,18031.25,18.7
5227,2060,338,5,13155.14,46.9
5228,2061,223,5,8782.72,48.5
5229,2061,538,4,8258.89,5.9
5230,2061,111,1,17998.89,33.1
5231,2061,127,3,2822.24,16.8
5232,2062,335,4,6401.2,10.2
5233,2062,533,4,1124.39,25.2
5234,2062,406,5,12114.79,48.1
5235,2062,223,5,11132.4,27.0
5236,2063,218,1,1875.25,33.6
5237,2063,72,1,9210.43,30.8
5238,2063,92,2,23633.13,46.7
5239,2064,298,-2,13224.53,3.3
5240,2064,206,2,20441.72,49.9
5241,2064,81,4,9983.02,20.7
5242,2065,393,5,9051.85,12.8
5243,2065,463,1,7926.15,13.8
5244,2065,194,1,5147.8,35.4
5245,2066,47,5,3313.84,2.2
5246,2066,435,5,26196.76,36.0
5247,2066,143,5,17583.98,15.8
5248,2066,6,3,22380.14,14.6
5249,2067,62,2,20267.56,24.0
5250,2067,358,2,29111.25,34.4
5251,2067,15,4,7714.27,44.5
5252,2068,422,3,20793.48,34.5
5253,2068,311,2,8632.88,10.6
5254,2069,14,-1,13661.14,35.4
5255,2069,297,3,20213.59,46.5
5256,2069,130,4,15884.88,16.9
5257,2069,260,4,23825.34,47.4
5258,2070,516,5,3152.98,7.6
5259,2070,182,4,11755.11,46.8
5260,2070,20,5,1269.84,40.2
5261,2070,101,-1,18278.62,42.1
5262,2071,446,3,26016.85,5.1
5263,2072,80,2,7148.45,22.0
5264,2072,77,3,26869.81,12.0
5265,2072,481,1,15988.38,2.6
5266,2073,479,5,13876.69,38.4
5267,2073,491,1,14821.06,1.8
5268,2074,332,2,841.88,10.0
5269,2075,345,4,8221.07,38.2
5270,2075,392,1,5806.25,45.3
5271,2076,103,5,12495.45,11.3
5272,2077,309,4,6005.18,18.4
5273,2077,162,1,17830.9,41.7
5274,2077,145,-1,19296.73,32.7
5275,2078,121,4,19253.74,9.8
5276,2078,253,4,13019.88,4.4
5277,2078,78,4,26461.87,35.3
5278,2079,86,5,22670.52,6.8
5279,2079,309,3,20639.51,41.5
5280,2079,333,3,21782.8,41.2
5281,2080,217,4,9527.0,12.0
5282,2080,262,3,5370.9,33.5
5283,2080,417,4,8896.58,47.7
5284,2080,364,2,5968.74,34.6
5285,2081,332,2,9314.31,49.0
5286,2082,9,1,3300.84,9.8
5287,2082,464,1,28763.11,32.5
5288,2083,259,1,20305.27,6.3
5289,2084,206,2,21937.64,9.4
5290,2084,424,3,20557.94,47.1
5291,2084,305,4,12603.55,32.4
5292,2084,172,5,28691.84,23.9
5293,2085,400,5,12309.3,9.7
5294,2085,491,1,20758.49,10.3
5295,2085,191,5,23268.93,36.8
5296,2086,97,-3,28504.96,33.3
5297,2086,464,5,17043.51,3.5
5298,2087,97,4,10705.13,47.5
5299,2087,361,1,23906.91,27.2
5300,2087,123,3,29243.05,7.5
5301,2088,429,2,25236.28,48.5
5302,2089,321,1,17011.73,19.0
5303,2089,414,3,18488.89,31.0
5304,2089,74,3,28600.2,22.6
5305,2089,315,5,15189.96,39.8
5306,2090,434,2,1739.91,35.2
5307,2091,293,1,2442.71,2.5
5308,2091,495,1,24959.41,32.5
5309,2092,541,3,21096.71,41.0
5310,2092,372,2,17816.94,7.7
5311,2093,476,2,1466.72,10.2
5312,2094,154,5,20304.81,3.4
5313,2094,228,2,18831.6,49.6
5314,2094,230,4,27588.52,12.2
5315,2095,162,5,24666.59,12.3
5316,2095,450,-3,21456.85,9.1
5317,2095,480,4,24313.24,37.9
5318,2095,400,3,3211.15,12.8
5319,2096,522,2,806.78,20.1
5320,2096,386,4,15882.31,15.5
5321,2096,347,5,19115.32,40.5
5322,2097,518,2,1605.72,42.1
5323,2098,65,1,15579.82,11.9
5324,2099,123,5,21193.13,5.8
5325,2099,297,4,17767.35,12.5
5326,2100,22,4,22615.95,14.0
5327,2100,346,1,26053.46,14.1
5328,2101,452,5,5066.14,27.9
5329,2101,100,1,4348.3,26.0
5330,2102,115,5,6471.79,34.2
5331,2102,420,2,8262.93,2.9
5332,2102,89,3,29454.27,5.7
5333,2103,239,4,517.03,45.0
5334,2103,136,3,2386.09,12.1
5335,2103,247,2,5338.85,42.7
5336,2103,519,3,3753.01,16.3
5337,2104,547,4,7104.63,24.7
5338,2104,216,1,12399.89,39.4
5339,2104,540,4,12375.21,25.0
5340,2105,109,1,23303.9,44.4
5341,2105,195,1,28203.07,26.1
5342,2105,175,3,20585.79,42.0
5343,2105,61,5,2528.38,6.0
5344,2106,97,1,4036.14,38.3
5345,2107,256,5,17806.29,4.9
5346,2107,346,1,16181.74,42.5
5347,2107,407,3,12921.09,40.6
5348,2108,508,1,11971.59,29.2
5349,2108,392,5,16724.24,43.5
5350,2108,405,4,28754.01,27.3
5351,2108,51,2,25328.15,26.6
5352,2109,511,1,477.45,40.9
5353,2109,455,3,14282.2,49.6
5354,2109,47,5,1015.93,49.9
5355,2110,97,1,20947.64,41.9
5356,2110,221,1,24947.16,15.0
5357,2111,22,3,11515.53,23.2
5358,2111,281,3,4485.85,16.4
5359,2112,227,5,13602.61,26.3
5360,2112,308,2,7477.62,18.0
5361,2112,17,1,18591.84,4.5
5362,2112,22,1,6512.86,22.2
5363,2113,400,1,11693.69,36.2
5364,2113,73,3,25658.66,15.5
5365,2113,489,2,23897.81,48.7
5366,2113,5,5,14713.58,26.5
5367,2114,525,4,17265.39,30.2
5368,2115,288,1,9864.39,22.0
5369,2115,261,3,15004.08,23.1
5370,2116,228,4,25618.35,32.5
5371,2117,157,-3,29059.79,29.2
5372,2117,27,1,14364.33,35.0
5373,2117,77,1,26838.9,1.4
5374,2117,418,4,12762.0,41.2
5375,2118,249,3,23621.82,28.8
5376,2118,449,5,28224.28,36.3
5377,2118,138,1,24219.91,15.2
5378,2118,103,3,20845.72,4.4
5379,2119,427,3,11584.55,45.3
5380,2119,326,4,9534.27,19.5
5381,2120,98,1,4296.41,46.9
5382,2120,344,-3,20694.07,0.9
5383,2120,470,5,23064.05,9.6
5384,2120,115,4,14766.94,29.5
5385,2121,420,3,4203.71,23.0
5386,2121,187,1,21371.48,45.8
5387,2122,193,5,23963.12,25.7
5388,2122,356,1,25230.28,20.9
5389,2123,529,2,4915.43,30.1
5390,2123,196,4,16251.57,10.8
5391,2123,11,1,20759.1,0.2
5392,2123,259,2,27040.63,27.2
5393,2124,10,1,7493.61,46.6
5394,2124,15,3,16668.93,41.7
5395,2125,109,1,26281.58,21.6
5396,2126,152,4,16493.2,1.9
5397,2127,333,2,20497.66,23.0
5398,2128,278,4,18178.58,3.4
5399,2129,529,5,12657.26,13.3
5400,2130,390,4,2477.78,35.0
5401,2130,137,4,20185.89,23.8
5402,2131,467,4,9616.58,29.9
5403,2132,185,3,21248.75,31.6
5404,2132,394,5,16371.37,4.4
5405,2132,102,1,20735.71,12.9
5406,2133,456,1,23798.42,40.2
5407,2133,484,3,1324.14,21.5
5408,2134,303,5,16032.52,41.1
5409,2134,548,5,28831.91,35.8
5410,2134,83,1,6849.37,28.7
5411,2135,539,3,25153.66,4.0
5412,2135,473,1,3126.85,13.8
5413,2136,217,3,597.85,19.5
5414,2136,179,5,13180.2,36.4
5415,2136,77,4,27816.97,9.2
5416,2137,167,5,444.14,15.3
5417,2137,494,3,11963.36,25.0
5418,2137,233,2,28929.49,8.9
5419,2137,239,1,25971.8,29.7
5420,2138,397,2,1811.42,45.1
5421,2138,429,1,17229.59,3.8
5422,2138,105,5,18363.99,46.4
5423,2139,407,1,17941.14,18.6
5424,2139,457,1,6540.05,42.0
5425,2139,430,2,9623.55,34.7
5426,2140,71,5,1106.75,26.3
5427,2140,59,5,29220.86,17.2
5428,2141,25,3,9004.71,3.7
5429,2142,392,2,14956.53,21.7
5430,2142,244,2,750.1,5.7
5431,2142,43,5,5448.31,46.1
5432,2142,384,1,9680.63,23.0
5433,2143,233,4,21102.03,1.4
5434,2144,190,3,15630.46,30.4
5435,2144,5,2,6900.04,23.3
5436,2144,222,3,12671.27,23.8
5437,2144,157,4,11700.23,27.3
5438,2145,191,3,15209.97,7.8
5439,2145,284,5,18169.27,48.6
5440,2146,499,4,26059.89,46.8
5441,2147,353,4,24665.38,18.3
5442,2147,543,5,5466.63,6.9
5443,2147,347,3,11638.98,34.1
5444,2147,450,5,20086.0,47.6
5445,2148,409,2,20044.07,24.5
5446,2149,335,4,14468.24,19.7
5447,2149,111,1,8284.82,28.0
5448,2150,497,2,17567.3,32.9
5449,2150,452,1,5878.68,26.2
5450,2150,308,2,14969.44,43.7
5451,2150,456,1,26259.07,33.4
5452,2151,449,1,19973.9,42.1
5453,2151,290,3,12162.85,7.2
5454,2151,179,2,7929.81,20.3
5455,2151,10,4,25740.95,38.6
5456,2152,239,1,20332.07,11.7
5457,2152,88,5,15103.85,42.1
5458,2152,136,5,22487.13,36.6
5459,2153,323,1,23521.7,5.1
5460,2153,111,-3,10563.11,11.8
5461,2153,260,1,3299.81,44.9
5462,2153,448,3,20790.96,8.2
5463,2154,316,3,10111.96,34.4
5464,2154,80,5,10902.71,24.3
5465,2154,137,2,27595.59,5.7
5466,2154,270,2,269.97,40.8
5467,2155,475,1,15064.55,3.0
5468,2155,128,3,18062.72,2.6
5469,2156,454,4,7473.32,34.3
5470,2156,323,5,5496.11,44.2
5471,2156,341,2,29828.08,35.3
5472,2157,247,5,24371.93,49.6
5473,2158,367,5,8219.01,30.0
5474,2158,526,4,6268.8,28.9
5475,2159,324,4,3300.16,32.4
5476,2159,523,2,7856.68,14.9
5477,2159,280,5,8370.69,28.2
5478,2159,343,1,18096.74,19.0
5479,2160,305,2,29212.06,40.8
5480,2161,436,3,15110.89,26.6
5481,2161,298,5,15041.02,49.3
5482,2162,308,5,20561.16,39.8
5483,2162,399,1,17418.65,8.6
5484,2162,249,2,20595.74,41.4
5485,2163,82,1,5531.9,37.6
5486,2164,99,2,11560.13,13.9
5487,2164,142,1,21480.9,33.5
5488,2164,520,2,14707.79,0.1
5489,2165,511,1,6248.7,7.9
5490,2165,488,1,14326.73,14.3
5491,2165,381,5,22434.13,12.0
5492,2165,80,3,26431.59,15.5
5493,2166,225,2,4295.79,49.2
5494,2166,80,3,24348.95,12.1
5495,2166,64,4,7160.0,37.3
5496,2167,179,3,22885.38,30.1
5497,2167,80,5,4540.72,13.6
5498,2167,433,2,20442.47,44.0
5499,2168,365,5,18442.0,9.8
5500,2168,375,2,726.71,27.2
5501,2169,114,4,13570.91,2.9
5502,2169,131,5,21133.55,36.5
5503,2169,338,2,25265.3,15.0
5504,2170,308,4,2175.08,11.5
5505,2170,481,4,24032.39,41.7
5506,2170,334,1,4002.47,7.9
5507,2171,325,3,28995.39,26.4
5508,2171,440,2,21291.49,40.4
5509,2171,237,1,5852.05,17.3
5510,2172,516,2,20882.14,23.7
5511,2172,488,2,14777.19,3.5
5512,2172,139,3,5609.32,37.3
5513,2173,241,5,28636.22,27.4
5514,2173,450,4,29278.18,46.7
5515,2174,506,3,17406.44,31.0
5516,2174,43,1,16939.68,20.2
5517,2174,388,3,6696.82,33.1
5518,2175,354,5,10065.98,1.3
5519,2175,424,1,25875.07,44.1
5520,2176,6,2,5445.56,49.4
5521,2176,46,2,22519.02,2.1
5522,2176,5,5,21583.25,19.2
5523,2176,42,5,17180.3,1.5
5524,2177,393,1,25948.2,14.3
5525,2177,73,2,7980.47,23.3
5526,2177,458,5,18454.09,5.0
5527,2177,120,4,5824.47,2.2
5528,2178,429,5,11015.49,35.8
5529,2178,332,2,13998.85,46.0
5530,2178,60,1,7234.87,49.4
5531,2178,413,3,27001.33,17.0
5532,2179,205,3,4719.04,45.4
5533,2179,130,4,18291.66,12.9
5534,2179,475,3,12994.97,15.0
5535,2179,63,4,14057.59,38.7
5536,2180,422,5,9219.89,0.9
5537,2180,123,1,25123.04,5.5
5538,2180,285,4,7966.46,22.4
5539,2181,501,2,15278.45,8.9
5540,2181,100,2,9821.06,36.2
5541,2181,18,5,20725.15,11.2
5542,2182,169,1,3556.62,13.8
5543,2182,145,4,11135.43,27.0
5544,2182,215,4,2447.36,34.9
5545,2182,241,1,26626.89,29.9
5546,2183,543,2,19359.22,13.4
5547,2184,221,5,19974.93,4.3
5548,2184,212,4,29118.55,32.1
5549,2185,231,5,1530.46,0.9
5550,2185,89,4,23192.48,23.0
5551,2185,328,2,3378.46,46.4
5552,2185,356,5,4160.79,9.6
5553,2186,288,4,16126.21,31.9
5554,2187,108,5,2720.42,25.3
5555,2188,112,2,28537.86,37.0
5556,2188,317,4,1473.44,23.5
5557,2188,182,4,7563.15,42.0
5558,2189,39,4,1422.24,14.7
5559,2189,69,5,14643.07,9.2
5560,2189,49,1,18847.97,26.7
5561,2189,433,2,19453.81,24.0
5562,2190,429,3,3563.28,21.7
5563,2190,1,1,18360.68,18.0
5564,2190,445,1,2639.81,36.9
5565,2191,133,4,9465.05,21.5
5566,2191,90,5,24285.83,1.1
5567,2192,330,3,17389.77,49.1
5568,2192,229,5,12301.07,28.9
5569,2192,203,4,3690.31,23.7
5570,2192,387,5,13016.1,12.5
5571,2193,282,2,5259.04,20.8
5572,2193,392,5,26736.81,28.7
5573,2193,287,3,15908.39,12.0
5574,2194,203,3,16087.59,33.2
5575,2195,378,5,2996.37,42.8
5576,2195,416,5,10504.83,11.6
5577,2195,252,5,7275.92,4.3
5578,2195,261,2,13275.51,49.4
5579,2196,454,5,25076.04,31.3
5580,2196,519,5,2462.0,27.8
5581,2196,215,4,2672.19,48.7
5582,2196,296,1,3664.25,11.3
5583,2197,179,4,26164.52,21.8
5584,2198,319,5,2083.95,13.6
5585,2198,328,1,23792.79,1.4
5586,2198,466,-1,6907.08,2.9
5587,2198,268,2,21670.97,13.8
5588,2199,262,1,2900.22,41.0
5589,2200,166,5,25945.72,44.0
5590,2200,112,4,23059.03,47.0
5591,2201,296,3,9736.88,3.8
5592,2201,256,3,12845.74,28.7
5593,2201,460,5,22356.1,9.8
5594,2202,337,5,3217.59,25.8
5595,2202,454,1,18137.39,34.9
5596,2202,317,1,25984.64,39.4
5597,2202,500,5,26651.27,42.1
5598,2203,356,5,11420.14,44.3
5599,2203,433,4,12401.72,30.8
5600,2203,125,5,25333.03,43.6
5601,2203,482,4,26091.85,33.7
5602,2204,386,4,11197.6,29.9
5603,2204,364,3,18053.85,45.5
5604,2204,467,4,6496.83,33.3
5605,2204,304,5,568.66,45.1
5606,2205,35,2,23432.23,11.8
5607,2205,422,5,7240.23,23.4
5608,2205,538,1,27805.19,35.9
5609,2206,511,4,7451.94,41.0
5610,2206,513,3,7919.39,20.1
5611,2206,415,3,4746.76,48.7
5612,2206,346,2,4145.42,12.4
5613,2207,341,4,20445.13,29.2
5614,2208,169,2,17693.84,40.8
5615,2209,512,5,16170.64,24.9
5616,2209,408,4,17993.78,29.1
5617,2209,224,5,23532.69,0.5
5618,2210,193,3,6822.96,15.3
5619,2210,86,5,24816.41,15.5
5620,2211,4,4,22658.89,7.9
5621,2211,293,3,24878.92,18.9
5622,2211,407,4,11272.41,39.4
5623,2211,500,1,29100.68,12.5
5624,2212,145,5,18244.98,8.2
5625,2212,402,1,2592.77,35.7
5626,2212,467,1,11228.34,42.7
5627,2212,183,1,1984.42,43.3
5628,2213,524,4,3424.88,13.4
5629,2214,163,5,26005.68,27.5
5630,2214,47,1,4580.49,3.9
5631,2214,488,5,17520.41,19.9
5632,2215,36,1,14263.08,14.8
5633,2215,196,4,26983.92,12.8
5634,2215,320,4,25078.92,17.3
5635,2216,336,2,28014.79,17.0
5636,2216,88,4,23835.01,37.8
5637,2216,188,1,10533.34,20.5
5638,2217,25,2,15424.68,35.7
5639,2217,202,3,670.38,22.3
5640,2218,269,3,25431.52,0.1
5641,2218,214,1,12455.31,11.6
5642,2218,334,1,24231.28,32.6
5643,2219,492,2,8015.79,15.4
5644,2219,498,3,28451.86,13.8
5645,2219,520,3,23149.28,3.2
5646,2219,102,2,10448.39,1.2
5647,2220,272,3,22072.66,3.8
5648,2221,41,5,21362.55,31.8
5649,2221,388,1,23411.86,10.2
5650,2221,214,1,1570.05,15.0
5651,2222,178,3,29379.55,11.8
5652,2223,484,2,19448.64,18.1
5653,2223,27,1,29815.22,42.9
5654,2223,101,2,19798.58,40.9
5655,2224,131,4,10903.07,37.3
5656,2224,326,5,5148.08,14.7
5657,2224,226,1,4285.94,38.5
5658,2224,138,2,177.73,1.3
5659,2225,245,2,27351.53,49.6
5660,2225,545,3,10985.22,20.7
5661,2226,506,1,20491.36,28.7
5662,2227,504,1,2937.12,7.0
5663,2228,243,3,16993.51,12.4
5664,2228,234,2,2561.31,18.7
5665,2229,443,3,29450.15,34.9
5666,2229,172,3,21590.45,49.9
5667,2229,472,5,7685.21,13.3
5668,2230,509,5,16193.97,3.9
5669,2230,93,3,8634.47,27.4
5670,2230,440,1,12065.3,18.8
5671,2230,170,1,6436.82,21.6
5672,2231,450,2,6609.31,7.0
5673,2231,237,2,25696.73,10.0
5674,2231,145,5,21778.7,19.6
5675,2232,163,1,8878.89,50.0
5676,2233,287,4,8562.69,4.5
5677,2233,489,2,8265.35,3.9
5678,2233,356,5,9056.46,36.6
5679,2233,8,3,5556.93,17.5
5680,2234,253,3,19916.46,37.7
5681,2234,132,3,3649.17,47.5
5682,2235,327,3,14873.59,35.8
5683,2235,6,3,20097.27,1.4
5684,2235,461,2,10453.68,35.7
5685,2236,440,2,885.69,9.8
5686,2237,455,4,5033.94,25.9
5687,2237,128,2,12946.55,17.4
5688,2237,266,2,273.6,37.6
5689,2237,293,1,25815.82,28.0
5690,2238,521,4,19276.91,42.7
5691,2239,176,2,10756.89,31.3
5692,2239,37,-3,24065.85,13.7
5693,2240,201,4,16990.58,10.6
5694,2240,354,4,25973.07,29.1
5695,2241,172,1,562.22,33.6
5696,2242,174,2,25333.79,41.9
5697,2242,491,5,24864.64,45.0
5698,2243,341,2,12993.18,1.7
5699,2243,257,2,9059.51,27.5
5700,2244,485,5,3213.05,5.3
5701,2244,33,4,16308.6,7.4
5702,2244,13,5,15351.79,49.9
5703,2244,239,3,24672.99,8.1
5704,2245,335,3,2619.47,9.3
5705,2246,393,3,17377.64,45.9
5706,2246,47,4,3388.4,49.6
5707,2246,23,2,12232.09,41.6
5708,2246,468,4,7518.31,6.3
5709,2247,22,5,12839.59,14.0
5710,2247,109,3,22826.19,34.9
5711,2247,150,4,16275.26,33.0
5712,2248,77,5,20727.56,44.9
5713,2248,344,5,22789.5,16.2
5714,2248,320,5,9130.39,33.6
5715,2248,189,1,1429.57,49.2
5716,2249,49,2,6646.5,40.7
5717,2250,153,3,429.05,16.9
5718,2250,118,3,9683.96,48.1
5719,2250,482,4,12671.9,40.9
5720,2251,279,5,14041.73,18.8
5721,2252,352,1,3461.55,45.0
5722,2253,263,4,9824.73,29.0
5723,2253,118,2,7060.02,32.7
5724,2253,152,5,3687.52,11.2
5725,2254,462,-3,118.33,4.6
5726,2254,271,1,24790.72,0.2
5727,2255,254,2,4851.48,17.4
5728,2255,169,5,24708.72,15.7
5729,2255,186,5,18798.73,25.1
5730,2255,281,4,15067.5,33.2
5731,2256,67,2,12081.1,27.9
5732,2256,461,2,8164.58,30.1
5733,2256,116,5,6227.15,48.7
5734,2257,280,1,1100.43,0.3
5735,2257,51,4,18435.42,4.7
5736,2257,538,2,5727.38,48.6
5737,2258,88,2,11741.77,19.2
5738,2258,408,-3,7205.86,2.4
5739,2259,3,4,8414.87,25.8
5740,2259,345,4,3396.74,28.8
5741,2259,28,4,11148.81,0.9
5742,2260,167,4,8750.17,13.6
5743,2260,27,5,5951.41,9.4
5744,2260,392,4,11617.96,35.8
5745,2261,252,1,23812.16,38.4
5746,2261,262,5,15467.65,6.2
5747,2261,474,5,26208.23,49.7
5748,2262,181,4,1290.52,40.8
5749,2262,61,-3,23317.7,6.0
5750,2263,132,5,16373.72,4.2
5751,2263,256,5,19543.35,8.3
5752,2263,177,4,3045.18,18.1
5753,2263,335,1,13550.35,25.1
5754,2264,319,4,23517.38,39.8
5755,2264,130,-2,26107.58,47.1
5756,2264,270,3,18287.15,44.1
5757,2265,509,3,26247.93,27.3
5758,2265,95,4,17088.52,48.9
5759,2265,189,5,11789.27,12.7
5760,2266,69,3,938.74,43.9
5761,2267,343,3,9406.71,28.6
5762,2268,384,4,10545.99,27.6
5763,2268,149,4,24519.01,47.5
5764,2269,50,4,22316.76,24.3
5765,2269,469,3,19363.5,9.1
5766,2270,107,5,14865.54,20.2
5767,2270,329,5,2064.46,49.9
5768,2271,378,2,13123.27,16.4
5769,2271,60,5,12703.14,25.6
5770,2271,485,5,4257.7,7.3
5771,2272,429,2,25710.68,30.4
5772,2273,367,1,2637.51,49.9
5773,2273,185,2,25788.9,17.2
5774,2274,209,4,3047.79,16.8
5775,2275,140,5,3927.54,10.1
5776,2275,464,2,19344.93,45.4
5777,2275,6,3,25880.98,34.2
5778,2276,283,4,14184.28,15.4
5779,2277,97,1,10269.64,14.8
5780,2277,382,3,25518.99,8.9
5781,2277,226,5,26465.68,17.0
5782,2277,239,5,7833.33,46.7
5783,2278,244,2,3411.65,7.5
5784,2278,388,5,12507.24,18.2
5785,2279,65,2,21587.83,10.4
5786,2279,388,1,13077.9,49.1
5787,2279,394,5,1485.73,0.2
5788,2279,199,1,24971.36,41.2
5789,2280,345,1,26941.22,47.4
5790,2280,502,1,5433.98,27.2
5791,2280,270,2,8781.95,42.7
5792,2281,481,1,17827.42,15.2
5793,2282,375,5,22680.72,18.8
5794,2282,485,4,13594.31,5.2
5795,2282,448,2,1391.81,15.3
5796,2283,492,4,10289.48,17.2
5797,2283,275,5,21661.41,8.6
5798,2283,126,1,28055.99,9.2
5799,2284,133,4,2837.68,49.6
5800,2284,237,2,19895.86,9.6
5801,2285,87,1,2154.45,6.7
5802,2285,463,2,13313.73,42.2
5803,2285,164,5,27941.4,28.9
5804,2286,432,4,18953.57,6.3
5805,2287,96,2,2347.28,3.9
5806,2288,32,3,11831.59,2.4
5807,2289,191,4,26964.62,26.7
5808,2289,48,3,2759.49,10.0
5809,2289,319,3,6395.73,34.3
5810,2290,139,5,6979.88,28.7
5811,2290,471,5,344.0,17.0
5812,2291,186,5,16377.36,46.4
5813,2291,315,4,17997.22,36.3
5814,2292,366,2,17196.17,48.1
5815,2292,474,5,17047.88,12.8
5816,2292,485,1,5069.1,32.8
5817,2292,409,2,7849.17,13.1
5818,2293,79,5,8034.4,40.3
5819,2294,162,2,19323.1,13.3
5820,2295,297,3,16122.45,26.3
5821,2295,286,4,23371.24,39.6
5822,2295,465,3,29122.14,4.0
5823,2296,182,5,22313.85,4.7
5824,2296,121,1,14441.5,11.0
5825,2296,377,1,8167.57,45.2
5826,2297,452,4,3546.37,38.3
5827,2297,413,5,10612.73,13.2
5828,2298,344,4,5266.47,48.2
5829,2298,115,4,13297.86,43.0
5830,2299,62,2,25602.81,30.6
5831,2299,472,4,16823.3,8.0
5832,2300,352,5,28560.38,27.5
5833,2300,218,5,24711.88,25.5
5834,2300,119,3,493.35,11.8
5835,2300,90,5,19193.03,16.1
5836,2301,372,5,3657.1,4.7
5837,2302,272,4,29078.63,16.7
5838,2303,165,4,26278.8,8.9
5839,2303,74,5,24863.23,47.9
5840,2303,481,3,12345.09,41.3
5841,2303,403,3,17823.81,22.6
5842,2304,36,4,22512.8,12.2
5843,2304,72,3,8589.16,40.0
5844,2305,129,2,2294.52,30.9
5845,2306,103,1,28793.24,43.8
5846,2306,210,5,17260.47,30.9
5847,2306,81,5,21071.92,32.7
5848,2307,156,3,26321.46,40.5
5849,2307,41,5,13216.17,41.0
5850,2308,544,4,13506.16,3.0
5851,2308,207,1,17990.27,49.4
5852,2308,163,2,9899.5,42.6
5853,2308,169,4,5640.09,33.3
5854,2309,19,3,10039.24,9.4
5855,2309,119,3,6730.25,34.2
5856,2309,145,3,11726.29,29.1
5857,2310,64,3,8785.06,10.5
5858,2310,437,5,5347.03,6.0
5859,2310,487,3,27300.99,16.5
5860,2310,337,4,5498.22,44.5
5861,2311,384,4,24333.03,46.9
5862,2311,328,5,25210.65,44.0
5863,2311,233,1,4708.51,41.2
5864,2312,377,2,21845.31,2.7
5865,2312,15,5,15136.51,39.1
5866,2312,362,5,4578.44,36.4
5867,2313,398,4,19009.63,17.0
5868,2313,518,2,15954.04,14.3
5869,2313,542,2,1056.47,8.7
5870,2313,15,4,3186.23,12.7
5871,2314,443,2,19613.0,0.9
5872,2315,509,1,1447.95,49.0
5873,2315,267,3,1683.02,32.5
5874,2316,5,4,14263.21,28.0
5875,2316,454,1,27938.27,25.4
5876,2316,233,3,23191.61,1.2
5877,2317,272,4,15729.13,31.6
5878,2317,175,3,15033.11,5.2
5879,2317,304,-3,25800.17,45.4
5880,2318,500,4,18335.29,41.5
5881,2318,358,1,28056.92,10.0
5882,2318,80,5,1112.73,3.2
5883,2318,332,3,20261.54,15.4
5884,2319,414,5,9365.0,38.7
5885,2319,242,3,3164.0,15.7
5886,2319,236,5,5660.57,47.7
5887,2319,12,2,14071.33,47.2
5888,2320,503,2,23380.55,14.0
5889,2320,468,4,22923.3,22.0
5890,2320,285,4,6258.68,22.2
5891,2320,105,2,11972.37,32.7
5892,2321,97,5,11134.71,40.5
5893,2322,319,1,12965.3,24.7
5894,2322,73,2,9503.76,31.9
5895,2323,209,1,25576.01,1.4
5896,2323,178,5,15750.73,34.7
5897,2323,333,5,20041.74,3.4
5898,2324,55,2,1458.83,4.1
5899,2325,313,4,17103.05,4.8
5900,2325,479,3,26594.94,9.4
5901,2325,265,2,22193.95,8.6
5902,2325,96,5,4707.98,42.8
5903,2326,9,2,13894.15,32.2
5904,2326,522,3,21994.4,20.5
5905,2326,26,3,8307.9,33.8
5906,2326,511,1,28425.09,19.3
5907,2327,327,3,12014.69,21.8
5908,2328,2,2,17194.17,7.5
5909,2328,496,2,21053.63,36.0
5910,2329,27,3,22671.68,13.8
5911,2329,521,4,28385.07,43.7
5912,2329,421,2,17130.35,32.7
5913,2329,247,5,21606.91,16.1
5914,2330,142,3,157.6,46.2
5915,2331,530,5,29089.34,35.9
5916,2331,205,3,3352.89,43.8
5917,2331,430,4,18024.05,13.2
5918,2331,136,1,10451.81,44.8
5919,2332,411,4,729.85,27.0
5920,2332,19,2,7548.9,25.9
5921,2333,17,-3,5251.46,23.6
5922,2334,432,5,4253.7,13.4
5923,2335,322,2,5511.39,8.5
5924,2335,208,5,3194.48,31.2
5925,2335,5,3,24605.89,41.0
5926,2336,154,2,6842.51,13.0
5927,2336,234,4,25504.81,25.8
5928,2337,261,5,19480.9,13.6
5929,2338,169,2,3894.43,25.1
5930,2338,220,4,22654.14,49.3
5931,2339,456,5,21245.62,38.3
5932,2340,202,4,28109.5,34.6
5933,2340,151,2,2512.54,13.0
5934,2340,114,3,7794.92,6.6
5935,2340,246,1,26211.43,49.5
5936,2341,270,5,20518.77,22.6
5937,2341,261,4,7666.67,43.0
5938,2341,170,1,15787.29,39.2
5939,2341,180,3,25413.64,7.3
5940,2342,54,1,24938.83,39.1
5941,2343,3,4,22425.29,19.1
5942,2343,466,5,10736.3,25.9
5943,2344,96,3,29875.0,25.1
5944,2344,325,5,28998.21,9.2
5945,2344,480,5,27444.27,14.6
5946,2344,240,3,13160.88,36.6
5947,2345,389,5,3681.99,37.2
5948,2345,108,4,18207.47,20.0
5949,2345,173,1,26390.95,39.9
5950,2345,475,2,7939.24,6.6
5951,2346,336,4,4621.71,3.9
5952,2346,437,1,2002.89,22.3
5953,2346,119,3,20836.76,22.7
5954,2346,461,4,7509.1,5.6
5955,2347,465,5,23726.73,28.2
5956,2347,311,4,28480.97,35.0
5957,2347,305,4,15629.05,42.2
5958,2347,267,1,7127.76,40.5
5959,2348,139,1,16845.78,11.2
5960,2348,225,5,14446.5,48.7
5961,2348,2,3,23721.24,0.9
5962,2349,199,2,15335.62,42.8
5963,2349,57,-2,8157.24,5.3
5964,2350,452,5,11137.53,34.7
5965,2350,226,3,16569.83,25.7
5966,2351,511,5,25447.96,28.3
5967,2352,142,2,26255.27,24.0
5968,2352,182,5,4383.18,26.1
5969,2353,216,3,28542.47,41.5
5970,2353,97,2,27243.15,38.4
5971,2353,40,4,17406.12,45.7
5972,2353,430,5,11848.56,2.0
5973,2354,417,1,16416.67,4.1
5974,2354,263,3,20100.16,22.0
5975,2354,280,3,10093.77,23.0
5976,2354,281,-1,29757.52,37.3
5977,2355,139,2,593.36,8.1
5978,2355,346,2,14595.37,45.3
5979,2355,516,1,20648.65,42.1
5980,2355,309,2,7317.36,43.3
5981,2356,227,4,28748.78,11.7
5982,2356,295,4,13229.89,18.3
5983,2356,70,2,14007.2,23.3
5984,2357,418,3,28584.02,45.9
5985,2357,28,4,8664.5,38.0
5986,2357,361,4,23792.57,11.6
5987,2358,517,4,23680.22,30.7
5988,2358,502,4,14460.6,9.7
5989,2358,97,3,7318.85,41.3
5990,2358,438,-3,27307.62,4.3
5991,2359,24,4,16258.79,48.6
5992,2360,531,2,22000.2,10.2
5993,2361,73,2,5660.5,2.8
5994,2361,497,5,6046.09,31.2
5995,2361,49,4,29186.71,12.9
5996,2362,379,3,23084.84,45.6
5997,2362,272,4,15608.96,24.7
5998,2362,359,2,8775.97,39.9
5999,2363,78,4,16785.83,22.5
6000,2363,467,3,3857.46,0.3
6001,2363,320,1,6639.12,21.5
6002,2363,25,2,5813.04,18.8
6003,2364,325,5,14820.99,43.0
6004,2364,210,1,18043.23,8.8
6005,2365,181,2,26958.63,10.9
6006,2366,375,1,1104.71,48.0
6007,2367,176,2,9575.94,6.5
6008,2367,175,5,25970.49,14.5
6009,2367,333,2,23946.58,9.2
6010,2367,105,3,939.07,44.7
6011,2368,364,3,7442.52,2.3
6012,2368,136,5,4783.72,38.1
6013,2369,158,5,11980.42,20.9
6014,2370,526,4,5167.76,37.3
6015,2370,212,5,6559.89,49.6
6016,2370,27,2,14657.09,44.3
6017,2370,198,3,15960.35,15.2
6018,2371,390,5,25758.3,48.5
6019,2372,335,-3,29428.46,49.6
6020,2372,70,3,7567.17,25.6
6021,2372,158,5,7944.95,18.7
6022,2373,297,1,1505.57,23.1
6023,2373,356,5,13638.51,40.7
6024,2373,220,4,5021.29,43.2
6025,2373,259,4,23583.36,32.9
6026,2374,49,2,26842.82,40.6
6027,2374,132,2,28767.22,8.4
6028,2374,179,3,20355.73,28.5
6029,2375,323,4,17339.46,27.3
6030,2375,13,4,14135.48,22.0
6031,2375,254,4,13307.75,24.2
6032,2376,12,1,12272.67,27.2
6033,2376,455,2,12189.79,24.1
6034,2377,14,2,5177.86,48.1
6035,2377,40,4,8299.25,0.8
6036,2377,471,3,19069.11,38.5
6037,2378,257,5,10925.8,16.6
6038,2378,26,3,22448.99,14.0
6039,2378,187,3,17161.92,40.4
6040,2379,336,2,4131.4,29.7
6041,2379,412,1,2552.04,24.4
6042,2380,524,2,27775.83,36.8
6043,2380,416,3,11810.75,1.7
6044,2380,194,-2,6942.91,33.5
6045,2381,499,2,2503.51,8.0
6046,2382,35,3,9865.44,10.0
6047,2383,257,5,29206.55,5.2
6048,2384,432,5,21372.81,30.3
6049,2384,344,3,15218.49,16.0
6050,2385,489,5,19084.78,31.2
6051,2385,524,1,17273.61,47.9
6052,2385,84,5,13417.05,32.2
6053,2385,437,2,23757.58,4.2
6054,2386,522,4,27717.67,23.1
6055,2386,331,5,23119.92,39.7
6056,2386,301,5,21676.69,33.5
6057,2386,326,3,25868.66,14.2
6058,2387,171,3,2560.79,48.0
6059,2387,478,3,12831.05,7.5
6060,2388,53,4,26643.62,31.2
6061,2388,87,5,1799.44,18.4
6062,2388,353,5,4569.3,2.3
6063,2388,393,4,7221.0,5.1
6064,2389,419,4,19074.19,28.2
6065,2389,41,2,7238.75,16.7
6066,2389,410,5,6396.76,26.0
6067,2390,233,2,19560.74,17.9
6068,2390,92,3,27938.31,34.3
6069,2391,9,3,6308.47,25.0
6070,2391,404,1,1145.44,1.1
6071,2392,550,-1,6236.23,8.4
6072,2392,85,4,25487.52,23.3
6073,2393,521,4,23905.08,15.4
6074,2394,401,2,28606.42,34.7
6075,2395,354,2,10698.64,37.9
6076,2395,4,5,3581.28,47.8
6077,2395,152,4,9898.13,29.3
6078,2395,303,4,2283.63,29.6
6079,2396,404,5,22594.42,9.5
6080,2396,120,1,24623.14,2.4
6081,2396,385,1,3555.73,23.0
6082,2396,172,3,9324.39,1.0
6083,2397,304,1,14672.34,16.2
6084,2397,385,2,2945.36,6.6
6085,2398,228,2,8254.04,24.9
6086,2398,119,4,8672.91,31.9
6087,2399,464,1,11455.09,28.1
6088,2399,357,4,15894.83,28.9
6089,2400,195,2,28603.41,6.5
6090,2400,465,1,4864.94,26.3
6091,2401,221,1,2133.96,3.3
6092,2401,369,5,24289.43,13.1
6093,2401,376,5,10505.66,16.1
6094,2401,365,3,17343.08,11.8
6095,2402,86,4,11007.43,28.5
6096,2403,60,5,17071.18,13.0
6097,2403,345,1,235.26,1.9
6098,2403,297,5,16403.83,23.8
6099,2403,263,1,7482.07,37.3
6100,2404,23,1,24154.29,0.3
6101,2404,295,5,14605.58,23.6
6102,2404,135,1,26946.99,26.3
6103,2404,69,3,9057.54,17.4
6104,2405,444,2,5045.33,2.8
6105,2405,530,3,24223.78,14.2
6106,2405,393,1,628.84,48.2
6107,2406,510,4,22646.38,41.8
6108,2406,220,1,25012.88,12.6
6109,2406,148,4,4337.41,12.0
6110,2406,222,2,28414.96,31.6
6111,2407,85,1,9194.55,24.2
6112,2407,474,5,5941.95,0.4
6113,2407,374,4,3979.77,43.8
6114,2408,371,2,13855.4,36.5
6115,2408,352,2,4763.99,41.0
6116,2409,131,2,9191.97,10.5
6117,2409,346,2,26871.86,11.6
6118,2410,74,4,7772.67,24.1
6119,2411,255,5,29337.83,37.0
6120,2412,323,1,6441.57,24.7
6121,2413,124,1,8359.89,13.5
6122,2414,37,5,16228.17,40.9
6123,2414,373,2,24616.42,2.1
6124,2415,21,4,15164.37,33.3
6125,2415,57,3,15690.4,15.2
6126,2415,542,2,25500.77,22.0
6127,2415,493,4,10133.56,34.7
6128,2416,320,3,789.38,30.2
6129,2416,145,3,4001.73,20.4
6130,2416,180,5,8451.65,42.9
6131,2417,93,5,28831.32,17.8
6132,2417,435,1,29268.05,30.5
6133,2418,78,2,19969.95,22.8
6134,2418,295,5,6690.31,8.8
6135,2418,186,5,7436.99,19.2
6136,2418,23,4,4481.84,11.5
6137,2419,503,3,6202.09,36.6
6138,2420,305,4,6609.07,43.7
6139,2420,495,4,9676.4,26.8
6140,2421,465,3,27721.25,31.5
6141,2421,442,5,17644.68,3.4
6142,2422,225,3,29984.01,46.5
6143,2422,30,3,19162.68,6.3
6144,2422,251,2,12306.21,23.4
6145,2422,504,1,13853.56,1.2
6146,2423,81,1,1396.71,46.5
6147,2423,102,5,3766.43,26.1
6148,2423,356,5,26201.31,44.3
6149,2423,362,5,15879.9,1.4
6150,2424,74,1,24727.2,36.5
6151,2424,515,5,6492.71,5.8
6152,2424,449,2,19479.4,13.0
6153,2424,130,1,11291.06,43.8
6154,2425,99,4,12582.09,0.5
6155,2426,253,5,23638.4,36.7
6156,2426,342,5,24608.58,14.9
6157,2426,156,5,22054.42,34.6
6158,2427,178,1,28227.28,34.9
6159,2427,509,2,10268.71,22.6
6160,2428,124,1,24226.64,10.1
6161,2428,186,5,16954.31,41.2
6162,2429,333,3,28658.98,10.2
6163,2430,454,1,22140.33,32.3
6164,2431,405,5,20787.75,38.1
6165,2431,215,1,19593.28,28.3
6166,2431,69,2,10559.37,34.1
6167,2432,303,1,6748.15,4.8
6168,2432,371,4,206.48,46.5
6169,2432,195,2,7751.71,5.2
6170,2433,22,4,26962.65,20.6
6171,2433,351,4,3376.11,27.8
6172,2433,285,2,18935.13,13.5
6173,2434,114,2,22635.28,14.1
6174,2434,195,4,24936.57,39.1
6175,2434,91,4,22958.53,42.5
6176,2434,303,3,20026.48,25.9
6177,2435,549,2,13360.16,24.2
6178,2435,309,1,3975.88,27.7
6179,2435,56,4,26239.35,6.3
6180,2436,460,3,7707.6,13.6
6181,2436,197,1,21393.65,29.4
6182,2437,451,1,25536.93,48.3
6183,2437,501,4,6337.03,13.8
6184,2437,305,4,3174.82,34.1
6185,2437,148,2,10017.33,43.8
6186,2438,277,2,10194.61,34.4
6187,2438,190,4,3854.12,15.6
6188,2438,235,5,18598.7,25.5
6189,2439,170,2,10165.74,9.2
6190,2439,166,4,28029.86,13.1
6191,2440,8,1,6669.81,23.8
6192,2440,198,-3,26463.9,44.0
6193,2440,236,3,4297.49,9.1
6194,2440,531,2,29368.57,45.4
6195,2441,313,-1,6522.42,48.5
6196,2442,49,5,14409.43,10.5
6197,2442,193,2,10831.47,1.6
6198,2443,129,4,7272.52,9.9
6199,2444,426,5,11320.12,31.1
6200,2444,287,1,18212.1,24.0
6201,2444,194,3,25575.23,5.7
6202,2444,417,3,8883.33,15.8
6203,2445,254,2,14798.9,15.8
6204,2445,166,2,16294.57,4.4
6205,2445,400,5,19754.52,5.4
6206,2446,410,5,24332.82,30.2
6207,2446,236,3,21975.63,19.0
6208,2446,250,5,23830.06,22.8
6209,2446,307,3,20039.4,5.7
6210,2447,33,4,11962.57,4.8
6211,2447,439,4,14526.11,32.0
6212,2447,381,3,29285.87,44.6
6213,2448,366,2,7894.96,18.3
6214,2448,232,5,6563.37,15.1
6215,2448,357,4,25389.6,5.4
6216,2448,104,2,4730.39,47.6
6217,2449,54,1,10330.07,21.3
6218,2449,307,3,20132.92,21.6
6219,2450,280,3,7821.42,15.6
6220,2450,224,5,25315.35,29.1
6221,2451,522,2,25446.55,5.0
6222,2451,154,5,6789.4,23.7
6223,2452,347,5,28037.88,4.2
6224,2452,164,4,20683.22,25.7
6225,2453,271,5,27513.54,10.0
6226,2453,270,-1,16003.67,48.8
6227,2453,459,3,7605.41,5.7
6228,2453,537,2,11877.32,30.1
6229,2454,517,4,20626.98,35.7
6230,2455,234,1,10587.16,13.6
6231,2455,474,5,24200.01,38.1
6232,2455,275,5,16072.79,15.9
6233,2456,126,3,5143.38,4.0
6234,2457,146,3,10800.44,49.3
6235,2457,455,5,20423.0,42.6
6236,2458,472,1,22324.35,17.3
6237,2458,31,2,27269.52,27.8
6238,2459,38,-3,26062.15,46.4
6239,2460,412,2,16307.99,17.9
6240,2460,38,5,17290.14,39.8
6241,2460,124,2,12070.41,43.6
6242,2461,343,1,335.61,21.7
6243,2462,55,4,18003.26,48.6
6244,2462,275,1,24923.72,19.4
6245,2462,133,5,4846.58,42.6
6246,2462,368,5,8469.09,26.6
6247,2463,408,5,20849.48,14.1
6248,2463,81,1,4543.6,14.1
6249,2463,429,3,18107.46,32.2
6250,2463,290,1,21210.96,7.3
6251,2464,232,3,21389.7,39.5
6252,2464,343,1,7448.87,47.7
6253,2465,60,4,4934.81,31.0
6254,2465,329,3,27496.33,25.2
6255,2465,481,1,17104.64,12.7
6256,2465,106,4,17243.0,14.0
6257,2466,525,1,3759.23,40.3
6258,2466,361,5,27548.06,20.7
6259,2467,540,4,23009.92,39.9
6260,2467,341,1,6885.96,19.5
6261,2467,237,5,17162.76,10.4
6262,2467,141,1,7512.17,27.1
6263,2468,115,2,25964.09,26.8
6264,2468,381,5,355.67,10.9
6265,2468,449,1,16540.39,16.1
6266,2468,293,1,13737.56,47.8
6267,2469,151,4,10201.62,16.3
6268,2470,445,2,11783.3,48.8
6269,2470,400,1,6344.73,31.0
6270,2470,227,2,26547.84,10.5
6271,2471,291,2,2995.48,11.5
6272,2472,32,4,16928.15,35.8
6273,2472,310,1,27471.92,4.6
6274,2473,206,5,24374.4,37.2
6275,2473,344,4,21278.76,17.4
6276,2474,83,2,17730.71,34.0
6277,2475,159,2,13373.81,37.2
6278,2475,25,4,26481.9,35.7
6279,2476,51,1,27763.61,4.0
6280,2476,484,2,16202.82,9.8
6281,2476,304,5,12733.76,15.6
6282,2477,152,1,7233.72,0.7
6283,2477,444,-3,6621.33,12.5
6284,2478,241,2,28334.75,20.2
6285,2478,445,1,8587.3,33.7
6286,2479,296,4,2708.25,33.5
6287,2480,549,1,449.43,35.0
6288,2480,111,3,19877.73,7.6
6289,2480,518,5,5613.21,46.5
6290,2481,503,5,21389.34,43.5
6291,2482,151,1,29871.25,28.0
6292,2482,43,1,27564.75,24.0
6293,2483,152,4,9069.96,37.0
6294,2483,146,1,2810.48,44.5
6295,2484,274,5,6183.18,38.1
6296,2484,127,2,10244.76,24.3
6297,2484,7,5,22766.37,4.6
6298,2485,514,1,4743.35,29.2
6299,2485,340,2,2539.65,30.1
6300,2485,270,1,17955.39,4.7
6301,2485,487,2,22194.52,22.2
6302,2486,246,1,20118.3,43.3
6303,2486,318,3,4415.74,2.3
6304,2487,209,4,25202.58,14.7
6305,2487,109,5,14109.57,39.2
6306,2487,58,5,18368.35,4.4
6307,2487,386,4,19048.93,21.9
6308,2488,428,1,9111.47,38.4
6309,2488,129,5,18889.0,2.9
6310,2489,317,1,15860.51,47.4
6311,2490,184,1,3562.56,20.7
6312,2490,217,3,26893.27,16.0
6313,2490,49,5,15462.78,49.3
6314,2491,427,5,819.36,42.2
6315,2491,26,5,22242.35,32.9
6316,2491,374,1,27439.6,6.3
6317,2492,290,1,26702.27,41.4
6318,2493,340,5,26192.49,14.8
6319,2493,130,2,9715.85,32.6
6320,2493,396,1,1882.33,24.0
6321,2493,230,1,4344.47,41.3
6322,2494,143,1,13155.56,23.4
6323,2494,204,3,14253.51,2.7
6324,2494,339,5,6130.22,25.4
6325,2495,37,2,10316.6,14.0
6326,2495,271,3,17588.52,5.6
6327,2495,99,5,17212.45,42.0
6328,2495,390,3,13633.05,14.3
6329,2496,303,1,6588.0,44.0
6330,2496,239,3,16470.96,4.1
6331,2496,201,5,29567.47,11.8
6332,2496,237,-2,3850.4,7.6
6333,2497,283,5,19676.15,38.3
6334,2498,454,1,5367.43,49.5
6335,2498,201,2,20945.79,19.1
6336,2499,345,1,25680.73,44.6
6337,2499,413,-3,639.36,9.5
6338,2499,350,4,28613.61,33.7
6339,2500,461,2,28672.5,37.2
6340,2500,379,1,16429.85,34.2
6341,2501,262,2,1433.1,36.5
6342,2502,465,5,27877.6,13.7
6343,2503,461,1,24067.03,32.6
6344,2504,103,5,21782.7,36.6
6345,2505,452,3,24987.73,36.3
6346,2506,208,2,25508.64,39.3
6347,2506,180,3,6141.05,24.7
6348,2506,98,5,11331.35,39.8
6349,2506,377,2,7735.68,1.2
6350,2507,34,5,5999.95,42.0
6351,2508,86,1,5632.75,28.0
6352,2508,546,3,482.17,33.5
6353,2508,234,3,29428.34,24.4
6354,2509,140,5,28120.71,1.9
6355,2509,235,4,9392.68,5.5
6356,2509,355,2,26162.28,35.5
6357,2510,75,3,26272.3,24.6
6358,2510,397,2,14599.08,31.1
6359,2510,239,2,18568.06,42.9
6360,2511,6,1,25089.87,40.0
6361,2511,355,4,266.71,12.6
6362,2512,194,3,18742.71,27.8
6363,2512,237,5,16914.26,25.6
6364,2512,12,4,15543.32,14.6
6365,2513,245,2,3430.67,13.2
6366,2513,505,2,18319.05,11.4
6367,2514,52,1,6740.24,4.5
6368,2515,307,-2,11273.85,28.6
6369,2516,173,3,22210.57,47.2
6370,2516,74,1,10074.18,15.1
6371,2516,427,4,29176.51,44.6
6372,2516,221,-3,4519.89,11.5
6373,2517,541,4,2497.48,47.4
6374,2517,547,5,26552.47,34.2
6375,2518,503,2,27294.45,6.1
6376,2519,229,3,13100.3,26.0
6377,2519,358,5,13372.78,2.6
6378,2519,352,2,6062.26,11.1
6379,2519,302,2,14495.5,15.6
6380,2520,245,3,949.53,19.0
6381,2520,144,3,18550.92,13.1
6382,2520,489,1,5048.37,36.1
6383,2521,124,5,10692.54,14.0
6384,2521,30,1,24550.93,37.3
6385,2522,260,5,15706.8,8.8
6386,2523,500,1,17630.11,13.0
6387,2523,273,1,16071.04,47.2
6388,2524,207,2,8956.05,1.9
6389,2525,74,1,7047.63,17.6
6390,2525,292,2,14215.46,8.4
6391,2526,330,5,3677.93,13.3
6392,2526,356,3,13954.21,22.7
6393,2526,401,5,1789.88,22.5
6394,2527,139,4,12481.02,6.8
6395,2527,148,1,19201.68,5.3
6396,2527,194,-1,23048.85,22.4
6397,2528,464,5,19547.87,30.2
6398,2528,282,1,14686.47,43.5
6399,2528,383,4,24968.15,39.9
6400,2529,296,2,3032.99,19.7
6401,2529,207,1,19501.0,2.9
6402,2529,383,5,6263.1,1.0
6403,2529,237,5,27706.68,19.6
6404,2530,246,4,10833.34,16.0
6405,2530,68,3,14364.12,34.1
6406,2531,406,3,28374.35,5.0
6407,2531,403,-1,9006.79,8.3
6408,2532,287,5,20764.89,34.4
6409,2532,4,5,28116.51,18.2
6410,2532,217,3,26048.65,8.2
6411,2532,209,3,8802.58,35.2
6412,2533,137,5,18133.83,32.1
6413,2533,424,4,22064.94,3.1
6414,2533,466,1,17538.93,20.6
6415,2533,84,2,23780.76,6.0
6416,2534,459,4,14426.39,8.9
6417,2534,358,3,6844.69,11.2
6418,2534,284,4,17704.9,47.4
6419,2534,69,4,4215.34,19.9
6420,2535,251,2,1253.92,49.4
6421,2535,420,2,6313.05,10.8
6422,2535,52,5,17495.66,3.8
6423,2536,210,1,3342.5,47.5
6424,2536,374,1,22279.93,7.1
6425,2536,429,5,15825.9,21.9
6426,2536,227,1,27867.4,17.7
6427,2537,218,1,1201.46,14.7
6428,2537,307,3,13753.14,33.3
6429,2537,308,2,17603.88,42.6
6430,2537,422,1,11700.14,20.6
6431,2538,42,2,17128.3,27.0
6432,2538,456,2,19457.34,44.1
6433,2539,464,3,3929.76,11.9
6434,2539,438,-2,10901.25,0.6
6435,2539,237,-3,8343.47,35.5
6436,2539,385,2,23446.76,28.7
6437,2540,68,2,23835.66,32.3
6438,2541,481,4,14552.69,32.1
6439,2542,127,1,12484.83,13.0
6440,2542,529,5,19259.75,6.6
6441,2542,179,1,4428.09,45.3
6442,2542,383,3,8896.07,19.4
6443,2543,424,4,20997.63,18.0
6444,2544,408,4,24449.3,14.9
6445,2544,420,5,6113.03,37.7
6446,2544,188,5,8025.5,31.1
6447,2544,414,2,23254.72,44.5
6448,2545,467,3,17322.68,18.3
6449,2546,304,5,16630.41,13.1
6450,2546,172,4,872.4,40.6
6451,2546,455,4,4715.09,37.6
6452,2546,215,3,25457.95,19.4
6453,2547,146,3,27074.73,5.5
6454,2547,423,1,21079.61,20.5
6455,2547,471,2,26402.98,5.7
6456,2548,30,4,17115.36,23.5
6457,2549,48,-3,27593.95,34.4
6458,2549,54,2,6593.61,8.3
6459,2549,184,3,5502.25,1.5
6460,2549,164,2,29770.78,48.6
6461,2550,191,3,29996.66,32.3
6462,2550,112,-2,3266.75,44.2
6463,2550,152,4,10065.65,17.4
6464,2550,24,3,3016.41,38.8
6465,2551,426,5,28205.64,1.3
6466,2551,226,2,12287.56,25.6
6467,2551,432,4,11185.08,48.6
6468,2552,61,1,8674.01,9.8
6469,2552,197,-1,9052.05,40.6
6470,2553,542,5,24417.8,1.1
6471,2553,297,5,3498.35,28.3
6472,2553,464,4,2236.7,12.9
6473,2554,507,1,6784.79,21.1
6474,2555,56,3,16213.65,1.3
6475,2555,395,2,19369.17,23.0
6476,2555,546,5,23653.66,16.8
6477,2555,541,5,22318.58,16.6
6478,2556,218,5,13600.63,47.6
6479,2556,258,4,21985.58,39.3
6480,2556,185,5,195.96,1.5
6481,2557,263,2,5033.11,45.4
6482,2558,320,2,28298.77,40.7
6483,2558,309,1,26820.52,34.8
6484,2558,127,4,10991.7,18.8
6485,2558,9,2,28167.88,13.0
6486,2559,537,1,2001.75,14.2
6487,2559,69,4,14114.47,42.9
6488,2559,235,2,21082.9,4.2
6489,2559,306,1,10067.77,21.0
6490,2560,195,1,21905.71,22.9
6491,2560,89,3,29438.1,40.5
6492,2560,182,1,13927.3,2.4
6493,2560,287,2,21262.64,2.0
6494,2561,393,4,4765.86,10.5
6495,2561,534,5,25110.81,24.5
6496,2561,278,1,6892.6,38.7
6497,2562,199,5,28414.67,37.7
6498,2562,6,5,15181.13,2.2
6499,2562,106,1,22965.55,10.3
6500,2562,328,3,20061.9,39.4
6501,2563,222,5,12348.82,0.8
6502,2564,306,2,15165.03,9.4
6503,2564,199,1,4232.83,18.5
6504,2565,453,2,16155.4,16.8
6505,2566,512,1,19396.52,7.7
6506,2566,248,2,29091.04,35.8
6507,2566,123,4,24473.88,38.9
6508,2566,389,4,29305.74,37.3
6509,2567,543,4,18223.94,44.7
6510,2567,57,2,26497.04,5.3
6511,2568,218,3,11532.0,19.5
6512,2568,81,3,18439.91,37.7
6513,2568,408,1,3491.95,47.3
6514,2569,151,5,2106.48,13.5
6515,2569,550,5,18932.03,16.2
6516,2570,260,3,20698.17,17.9
6517,2570,462,1,24200.82,16.2
6518,2571,531,1,11670.94,2.5
6519,2571,344,5,14304.14,26.4
6520,2571,527,5,17382.0,31.1
6521,2572,287,4,17435.55,46.6
6522,2572,2,3,17924.24,2.4
6523,2572,406,2,3248.12,28.3
6524,2573,192,4,14001.86,9.7
6525,2574,338,2,29094.72,11.0
6526,2575,397,3,4318.59,24.7
6527,2575,477,2,16268.31,5.1
6528,2576,460,2,11275.5,46.1
6529,2576,107,3,15649.91,28.0
6530,2577,18,4,8330.5,6.9
6531,2577,312,1,2740.54,42.0
6532,2577,81,3,9102.37,13.6
6533,2578,16,1,647.07,34.6
6534,2578,150,5,2898.95,0.2
6535,2578,306,4,14589.64,29.0
6536,2579,238,4,411.22,9.5
6537,2579,16,1,9298.92,12.2
6538,2579,343,3,370.27,15.2
6539,2579,98,-1,2352.07,27.8
6540,2580,211,3,11003.03,1.6
6541,2580,318,1,7612.73,4.1
6542,2580,205,4,16130.69,21.2
6543,2580,410,3,11563.88,20.0
6544,2581,392,2,1139.98,14.1
6545,2581,248,4,15271.43,17.7
6546,2582,2,4,28399.95,40.6
6547,2583,312,5,14141.54,48.2
6548,2584,488,2,8069.47,19.5
6549,2584,234,2,2765.68,48.5
6550,2585,287,5,22045.37,11.9
6551,2585,162,2,18764.51,41.7
6552,2585,342,3,29237.15,33.6
6553,2585,30,4,6467.73,7.4
6554,2586,161,2,6992.31,15.3
6555,2586,262,-2,2250.37,20.1
6556,2586,169,3,12185.53,17.9
6557,2586,170,2,27352.45,12.6
6558,2587,28,5,5120.66,4.2
6559,2587,376,4,22128.48,4.7
6560,2587,417,2,18896.11,26.1
6561,2588,160,5,27930.01,9.3
6562,2589,174,1,9061.88,14.9
6563,2589,86,3,3345.82,7.3
6564,2589,454,3,11318.66,21.1
6565,2589,277,1,7765.85,14.8
6566,2590,28,3,13944.77,19.7
6567,2591,11,5,21123.66,37.8
6568,2591,366,3,14384.44,19.0
6569,2591,224,2,14839.66,36.4
6570,2591,74,2,9223.35,37.3
6571,2592,173,1,5367.29,26.9
6572,2592,495,4,23134.46,48.4
6573,2592,523,5,4424.17,48.8
6574,2593,287,5,18049.16,14.3
6575,2593,473,5,2290.44,15.6
6576,2594,417,1,5407.49,22.9
6577,2595,93,4,25014.41,9.4
6578,2595,11,5,28109.61,25.2
6579,2595,302,1,1002.98,42.5
6580,2595,38,1,28271.69,19.4
6581,2596,199,2,865.87,13.1
6582,2596,549,2,15119.52,36.5
6583,2596,430,3,13990.67,24.2
6584,2596,325,5,11322.3,6.9
6585,2597,155,2,11470.7,24.6
6586,2598,410,2,20240.88,3.6
6587,2599,339,2,11026.12,46.6
6588,2599,397,1,9411.34,27.2
6589,2599,141,4,6649.8,27.6
6590,2599,207,3,4224.62,40.8
6591,2600,348,1,8398.87,15.8
6592,2601,23,4,22947.0,0.6
6593,2602,324,3,6413.16,32.0
6594,2603,345,5,7460.44,7.8
6595,2604,501,4,16332.61,19.5
6596,2604,58,1,4905.16,26.9
6597,2604,173,2,15787.4,42.6
6598,2605,519,5,19889.5,4.7
6599,2605,404,5,3400.64,38.3
6600,2605,359,3,29735.71,33.8
6601,2606,394,1,9546.34,27.9
6602,2606,89,4,11719.77,32.0
6603,2607,292,3,6938.4,11.6
6604,2607,202,4,28284.36,23.3
6605,2607,290,3,24386.93,40.1
6606,2608,67,1,26830.36,46.0
6607,2608,112,4,9290.41,2.9
6608,2608,337,4,25494.79,20.9
6609,2608,359,1,14183.15,27.2
6610,2609,99,-2,27636.33,36.0
6611,2609,292,5,14990.77,35.6
6612,2609,483,4,6149.16,5.6
6613,2609,233,5,12877.6,39.5
6614,2610,405,3,26255.1,32.6
6615,2610,382,5,27330.86,27.3
6616,2610,157,5,12769.09,14.8
6617,2611,232,3,3279.87,15.2
6618,2611,24,5,10675.21,17.4
6619,2611,402,4,5990.46,43.2
6620,2612,435,5,2504.38,46.5
6621,2612,463,1,3841.01,39.5
6622,2612,481,2,23517.63,43.6
6623,2613,221,4,6263.67,38.6
6624,2613,93,4,15750.42,34.0
6625,2613,404,5,27233.07,14.8
6626,2613,291,1,16043.22,42.1
6627,2614,365,1,29566.73,28.7
6628,2614,233,4,23189.27,41.9
6629,2614,273,4,9550.38,47.5
6630,2614,40,3,24649.1,2.9
6631,2615,157,5,3128.94,19.1
6632,2616,444,4,27711.7,8.1
6633,2616,426,5,20931.82,41.6
6634,2617,220,2,11440.5,10.4
6635,2617,180,1,16978.22,39.8
6636,2618,312,5,28376.86,37.7
6637,2618,199,1,12972.85,27.8
6638,2619,162,4,17587.76,31.9
6639,2619,433,4,24192.34,0.7
6640,2619,470,5,6420.65,33.8
6641,2619,124,3,20603.99,14.6
6642,2620,283,3,1360.97,21.6
6643,2620,396,4,10482.98,8.3
6644,2620,28,2,1597.33,13.0
6645,2620,500,5,26533.76,26.7
6646,2621,187,1,651.22,19.2
6647,2621,154,5,27080.24,32.3
6648,2621,156,1,8977.41,6.8
6649,2622,85,1,6405.43,14.3
6650,2623,2,5,14069.96,46.1
6651,2623,388,4,920.62,41.7
6652,2624,428,5,3713.48,24.4
6653,2624,538,1,2509.05,21.7
6654,2624,484,2,1317.54,19.5
6655,2624,29,2,29396.64,19.9
6656,2625,3,3,16419.94,34.2
6657,2625,99,4,23975.82,35.1
6658,2625,417,2,28785.97,43.0
6659,2626,386,1,4267.29,11.9
6660,2627,373,-3,27806.13,41.5
6661,2628,497,1,20882.13,19.8
6662,2628,199,5,4448.98,34.8
6663,2628,302,4,17035.86,42.8
6664,2629,319,1,20151.86,23.4
6665,2629,320,4,25448.83,4.5
6666,2630,191,2,17552.51,9.0
6667,2630,90,1,27517.79,47.6
6668,2630,228,4,2555.05,38.2
6669,2630,175,1,11822.91,42.6
6670,2631,471,4,20392.07,43.6
6671,2632,78,5,6497.55,34.0
6672,2632,118,3,10314.26,25.5
6673,2632,230,4,25144.99,30.0
6674,2633,249,-1,23409.97,1.7
6675,2634,63,1,2438.4,27.5
6676,2634,359,3,26082.77,24.6
6677,2634,164,3,3313.42,25.5
6678,2635,25,1,2968.48,33.8
6679,2635,255,5,29709.4,31.4
6680,2635,529,2,8011.25,8.9
6681,2636,261,4,13020.48,45.2
6682,2636,270,3,17252.08,8.8
6683,2636,29,1,26283.32,24.5
6684,2637,285,5,5123.71,40.2
6685,2637,396,5,3652.81,11.0
6686,2637,68,1,21279.73,8.5
6687,2637,193,1,23419.09,3.9
6688,2638,57,5,12475.94,40.4
6689,2638,540,5,162.84,24.7
6690,2639,205,5,21582.5,22.1
6691,2640,154,1,26672.04,34.5
6692,2640,272,1,22429.32,21.5
6693,2641,192,-3,5687.12,44.2
6694,2641,324,5,4798.24,0.1
6695,2641,490,4,22402.16,47.7
6696,2642,72,2,27433.79,32.5
6697,2643,492,4,21746.86,19.1
6698,2643,53,4,5508.67,24.9
6699,2644,149,2,12592.88,4.9
6700,2644,300,1,16533.0,41.7
6701,2645,89,2,19155.99,41.9
6702,2646,549,3,24055.0,12.4
6703,2646,262,1,21233.41,25.8
6704,2647,236,2,2482.23,29.4
6705,2647,55,5,15632.51,40.8
6706,2648,473,2,15273.21,33.5
6707,2648,75,1,22273.36,0.3
6708,2648,216,4,24420.45,36.9
6709,2648,42,3,4802.64,23.0
6710,2649,36,2,25279.48,38.4
6711,2649,474,1,5727.94,26.2
6712,2649,543,1,6850.95,43.1
6713,2649,378,3,7582.93,33.6
6714,2650,125,2,20165.84,10.3
6715,2650,368,2,11252.85,27.8
6716,2650,259,3,23806.62,45.7
6717,2651,539,2,19038.8,5.2
6718,2652,2,4,8275.99,16.3
6719,2653,348,5,13057.3,33.7
6720,2654,12,4,29201.46,16.5
6721,2654,460,5,3638.01,22.5
6722,2654,138,2,11120.41,6.5
6723,2654,347,1,24251.18,35.8
6724,2655,122,2,3514.06,30.4
6725,2656,262,5,20803.23,40.3
6726,2656,292,3,20368.57,3.7
6727,2656,432,1,21427.59,0.9
6728,2656,207,3,27124.75,17.1
6729,2657,296,4,2049.51,40.1
6730,2657,186,1,14415.87,13.6
6731,2657,245,3,5002.05,16.0
6732,2657,26,4,25314.67,46.1
6733,2658,224,3,24768.11,24.4
6734,2659,26,2,10271.44,32.7
6735,2659,542,2,21803.7,48.2
6736,2660,370,1,27108.71,46.6
6737,2660,117,3,27228.64,9.8
6738,2660,242,3,12517.36,11.0
6739,2661,127,2,19742.46,24.8
6740,2661,429,4,23920.85,38.0
6741,2661,509,5,29914.66,42.8
6742,2662,146,5,12821.54,20.8
6743,2662,477,3,22040.58,39.5
6744,2662,114,2,15676.49,0.9
6745,2663,273,5,12103.06,37.1
6746,2663,499,3,113.25,19.7
6747,2664,154,2,11966.91,11.6
6748,2664,349,5,999.88,4.9
6749,2664,222,5,14731.64,5.7
6750,2665,194,1,20873.35,40.5
6751,2665,18,3,13478.1,41.3
6752,2666,550,4,22036.39,3.8
6753,2666,440,1,17489.07,44.2
6754,2667,442,4,17819.59,47.3
6755,2667,278,3,22378.12,3.8
6756,2668,48,2,10690.04,11.8
6757,2668,304,5,9129.53,23.0
6758,2668,506,4,6788.85,8.3
6759,2669,364,2,12729.16,41.3
6760,2669,417,1,28629.57,43.8
6761,2669,229,2,26156.78,36.4
6762,2670,510,2,29992.07,5.3
6763,2671,548,3,2318.47,7.8
6764,2671,72,1,10613.56,32.1
6765,2672,272,5,12647.57,2.6
6766,2673,387,2,1152.64,12.8
6767,2673,144,4,12178.88,25.8
6768,2673,250,3,6004.57,39.6
6769,2674,281,3,12146.95,10.3
6770,2674,333,4,6312.1,11.0
6771,2674,519,-1,21882.84,13.6
6772,2674,160,4,24385.29,7.6
6773,2675,181,1,29455.22,45.4
6774,2675,375,1,17829.92,0.6
6775,2675,254,-1,4168.11,17.2
6776,2676,500,5,3153.09,24.8
6777,2677,101,4,19574.9,22.5
6778,2677,311,3,23038.91,11.8
6779,2677,396,2,22987.46,22.8
6780,2678,84,2,25815.31,17.6
6781,2678,262,2,3868.03,34.1
6782,2678,242,3,13800.13,46.2
6783,2679,37,5,143.48,47.5
6784,2679,58,2,11479.96,30.3
6785,2679,499,1,11126.89,14.9
6786,2679,315,3,18703.04,45.9
6787,2680,60,5,29919.88,40.1
6788,2681,446,3,8198.13,13.6
6789,2681,8,4,22355.16,45.3
6790,2681,257,4,10880.65,21.4
6791,2682,165,1,1457.46,4.1
6792,2683,137,1,18904.44,17.9
6793,2683,184,2,17847.92,40.5
6794,2683,27,1,4518.96,5.5
6795,2684,190,2,7747.26,9.4
6796,2684,44,2,8983.78,43.2
6797,2685,369,5,14291.56,14.4
6798,2686,457,4,6854.27,24.7
6799,2686,153,4,22091.87,25.1
6800,2687,261,3,27240.7,8.2
6801,2687,510,2,24279.38,16.2
6802,2687,527,5,10283.09,15.7
6803,2687,369,3,7519.53,46.5
6804,2688,246,2,168.1,27.0
6805,2688,505,4,21945.4,21.3
6806,2688,131,1,27861.29,14.9
6807,2689,372,4,17411.86,12.4
6808,2689,52,4,17261.82,2.4
6809,2690,365,4,6142.16,17.0
6810,2690,18,3,10481.53,31.4
6811,2690,542,2,29072.68,30.2
6812,2691,245,3,14275.95,36.3
6813,2691,495,5,16628.02,47.4
6814,2691,48,2,27304.3,2.7
6815,2692,539,3,29971.06,9.1
6816,2693,372,1,27362.18,8.9
6817,2693,269,3,715.0,31.5
6818,2693,503,2,11486.26,11.2
6819,2694,159,1,961.95,17.3
6820,2695,295,4,10848.66,45.3
6821,2696,22,4,27363.13,9.9
6822,2696,434,4,11341.0,2.7
6823,2697,505,5,1293.74,17.9
6824,2697,461,2,12546.51,9.3
6825,2697,195,1,18056.26,31.3
6826,2698,76,1,16703.9,5.9
6827,2698,160,1,6585.26,24.5
6828,2699,27,4,23496.78,28.0
6829,2699,35,5,2912.53,28.6
6830,2700,464,5,19858.04,14.9
6831,2700,12,2,28150.28,21.7
6832,2700,427,5,6492.75,44.9
6833,2700,395,2,14762.37,39.4
6834,2701,111,3,1728.51,15.2
6835,2702,287,5,18079.68,13.3
6836,2702,386,5,26283.47,12.4
6837,2703,220,5,479.47,41.0
6838,2703,499,2,20017.97,18.4
6839,2703,183,4,4668.46,0.9
6840,2704,187,1,3438.38,36.0
6841,2704,231,5,28798.38,43.1
6842,2705,114,5,10709.98,34.5
6843,2706,363,5,2850.1,35.2
6844,2706,51,4,28075.37,4.6
6845,2706,354,4,4242.65,15.3
6846,2707,507,1,2695.98,25.1
6847,2707,489,2,19362.62,19.7
6848,2707,4,1,6166.63,16.1
6849,2707,264,3,25358.94,49.9
6850,2708,415,4,10229.39,10.7
6851,2708,273,5,28052.49,0.3
6852,2708,144,4,5329.79,17.9
6853,2709,395,3,5825.6,15.4
6854,2709,230,1,18567.68,1.3
6855,2709,214,1,27733.93,8.4
6856,2710,23,4,13919.39,39.6
6857,2710,74,4,29722.68,6.6
6858,2711,483,1,3967.0,25.1
6859,2711,484,2,2894.61,48.6
6860,2711,303,4,7679.69,45.0
6861,2712,80,3,29479.98,23.6
6862,2712,263,1,6157.45,24.0
6863,2713,72,5,18892.46,45.0
6864,2713,428,1,19021.69,19.2
6865,2713,538,5,20666.8,6.3
6866,2713,302,3,2689.54,17.5
6867,2714,4,2,5951.7,2.3
6868,2714,477,4,1488.56,42.7
6869,2714,245,3,25250.67,45.5
6870,2715,160,4,18846.96,11.6
6871,2715,509,3,28325.9,19.5
6872,2715,61,3,11549.95,24.0
6873,2716,347,1,28473.99,18.6
6874,2716,125,1,29362.06,31.3
6875,2716,256,5,10726.5,27.0
6876,2716,101,2,12826.75,48.7
6877,2717,394,2,28168.43,5.1
6878,2717,34,5,9927.47,8.3
6879,2717,521,3,17303.75,39.8
6880,2717,178,1,6350.1,23.5
6881,2718,58,1,29815.03,32.7
6882,2719,285,4,5721.83,25.6
6883,2719,482,3,5496.89,11.1
6884,2720,449,3,25912.26,6.1
6885,2720,283,2,22754.49,9.7
6886,2720,352,3,20966.88,13.1
6887,2721,402,3,22126.29,3.7
6888,2721,378,3,10139.31,33.6
6889,2721,460,4,4436.96,27.9
6890,2721,544,1,23073.83,21.7
6891,2722,492,3,28155.1,45.6
6892,2723,178,3,9986.03,47.3
6893,2723,129,3,2532.13,14.1
6894,2724,101,1,934.19,16.3
6895,2724,16,1,19976.01,30.3
6896,2724,342,1,23457.74,43.8
6897,2725,110,5,20893.27,11.3
6898,2725,39,4,758.9,42.3
6899,2725,475,4,15627.72,3.8
6900,2725,437,3,20853.14,46.5
6901,2726,433,1,12765.83,16.0
6902,2727,51,5,16095.37,5.9
6903,2727,539,2,791.3,48.3
6904,2727,441,3,4464.02,25.8
6905,2727,505,3,24268.69,3.3
6906,2728,296,4,15474.43,29.3
6907,2728,86,1,16342.18,32.1
6908,2728,377,4,29526.82,26.8
6909,2729,279,5,23262.72,5.8
6910,2729,524,4,25944.91,22.6
6911,2730,103,-1,2906.4,39.1
6912,2730,390,3,28929.09,34.3
6913,2730,325,5,19657.21,33.6
6914,2730,298,3,13910.56,48.3
6915,2731,476,5,29370.14,17.4
6916,2731,23,2,21996.88,44.2
6917,2731,47,2,6713.22,38.0
6918,2732,46,3,21941.22,19.6
6919,2732,208,3,178.19,19.8
6920,2733,433,2,4603.58,39.0
6921,2733,148,3,6170.96,21.3
6922,2734,6,5,25708.14,10.0
6923,2735,133,4,11121.19,13.7
6924,2735,450,1,10978.1,28.9
6925,2735,140,1,7291.12,16.2
6926,2735,42,3,11297.25,39.4
6927,2736,519,5,6192.01,35.9
6928,2737,267,4,27702.18,2.6
6929,2737,529,4,14694.6,29.2
6930,2738,457,1,12928.08,47.4
6931,2738,87,4,20844.07,26.2
6932,2739,37,4,4470.26,8.3
6933,2740,219,4,180.87,28.1
6934,2740,454,4,1266.73,3.5
6935,2741,308,3,7536.6,2.2
6936,2741,178,5,17248.16,40.6
6937,2742,23,4,14205.35,42.7
6938,2743,37,3,24706.45,33.3
6939,2744,151,5,6535.77,34.6
6940,2744,509,1,28327.15,3.0
6941,2744,25,2,977.14,22.8
6942,2745,223,3,10423.51,39.5
6943,2745,43,2,27741.27,31.8
6944,2745,339,5,16383.94,35.5
6945,2746,100,3,12547.26,22.0
6946,2746,506,2,5204.68,8.5
6947,2746,287,3,5035.97,16.7
6948,2747,418,4,8851.85,19.3
6949,2747,286,5,16390.97,40.1
6950,2747,473,4,13120.71,4.2
6951,2748,277,-1,13045.54,1.9
6952,2748,354,3,21145.28,49.6
6953,2749,104,1,13743.43,8.9
6954,2750,24,4,18351.49,45.6
6955,2751,419,5,8210.27,9.0
6956,2751,186,-1,11452.42,3.5
6957,2752,70,2,5542.13,17.9
6958,2752,36,3,226.35,17.2
6959,2752,134,5,21088.92,14.3
6960,2753,127,4,27232.57,6.9
6961,2753,504,2,2141.84,43.1
6962,2753,178,1,13079.97,2.4
6963,2753,284,2,618.23,22.1
6964,2754,363,1,20043.12,34.0
6965,2754,487,2,25604.11,3.7
6966,2754,76,1,3067.92,1.2
6967,2755,237,4,24657.77,29.9
6968,2756,507,5,24390.9,42.4
6969,2757,178,2,21843.62,7.1
6970,2757,474,4,20056.49,14.9
6971,2757,118,2,3933.22,6.4
6972,2758,100,3,25523.16,45.3
6973,2758,432,3,24690.77,13.2
6974,2758,298,3,23622.34,44.8
6975,2758,51,3,12924.86,20.4
6976,2759,224,1,4269.84,46.0
6977,2759,493,2,10680.65,47.4
6978,2759,82,5,18411.8,23.9
6979,2759,513,4,9531.81,20.2
6980,2760,429,4,11376.21,46.8
6981,2760,288,5,21461.27,11.0
6982,2760,388,1,11850.72,29.2
6983,2761,13,2,4926.06,21.2
6984,2761,218,3,6068.09,6.8
6985,2761,171,3,20766.35,6.7
6986,2762,409,-3,15459.4,15.8
6987,2762,98,1,10097.11,25.1
6988,2762,14,5,5837.86,18.3
6989,2763,410,1,16154.21,11.3
6990,2763,59,2,18621.39,28.8
6991,2763,331,3,13818.94,26.9
6992,2764,94,1,29059.51,29.5
6993,2764,18,2,29968.6,13.6
6994,2764,51,1,6363.58,21.5
6995,2765,39,2,20683.95,2.2
6996,2765,129,3,17612.55,0.1
6997,2765,306,1,4432.67,37.9
6998,2766,369,5,10767.9,30.7
6999,2767,178,4,3425.18,19.6
7000,2767,275,2,11434.45,2.3
7001,2767,72,1,19412.14,38.4
7002,2768,133,2,20846.69,10.1
7003,2768,46,1,26304.79,13.4
7004,2769,482,1,19664.32,16.9
7005,2770,124,3,26935.5,20.4
7006,2770,65,2,11443.68,5.9
7007,2770,102,1,5272.91,18.7
7008,2771,359,5,18005.47,46.3
7009,2771,43,2,19959.27,7.6
7010,2771,210,1,29110.7,44.9
7011,2772,318,4,11449.26,19.4
7012,2772,203,1,28804.48,46.1
7013,2773,183,3,532.56,19.2
7014,2773,81,3,12630.81,5.6
7015,2773,343,3,21587.62,27.7
7016,2773,233,3,7807.82,22.6
7017,2774,205,1,14438.03,25.8
7018,2774,436,2,11147.19,10.6
7019,2775,439,4,10569.27,25.1
7020,2775,282,4,19929.43,19.3
7021,2776,345,2,15237.33,27.9
7022,2776,336,4,2737.77,9.9
7023,2777,534,1,14430.82,10.3
7024,2777,499,5,1948.91,43.3
7025,2777,3,5,9481.39,48.9
7026,2778,397,2,3024.91,46.1
7027,2778,437,4,22483.64,34.5
7028,2779,253,1,3626.29,4.0
7029,2779,210,2,25446.27,17.9
7030,2779,470,2,26877.17,11.4
7031,2779,343,4,29570.8,25.6
7032,2780,546,3,26540.75,18.4
7033,2780,524,4,510.79,2.7
7034,2781,289,4,8489.37,3.9
7035,2781,313,4,15723.31,46.7
7036,2781,472,5,23838.99,13.4
7037,2781,476,2,7030.48,16.3
7038,2782,416,3,6536.82,29.6
7039,2783,399,2,26178.03,9.8
7040,2783,28,2,18643.56,30.0
7041,2784,482,3,24159.98,21.0
7042,2784,515,1,25812.46,33.2
7043,2784,483,5,12400.53,44.8
7044,2785,370,1,24610.04,8.8
7045,2785,188,3,9732.31,45.5
7046,2785,487,2,13872.12,6.2
7047,2785,319,3,18168.09,47.6
7048,2786,270,2,12037.98,15.5
7049,2787,483,3,25899.0,2.2
7050,2787,165,3,13470.75,34.8
7051,2787,99,2,2732.04,29.6
7052,2787,123,4,19511.24,17.6
7053,2788,529,2,28587.98,48.6
7054,2788,265,5,25400.06,13.2
7055,2789,94,1,19116.16,33.7
7056,2789,180,3,22578.34,31.9
7057,2789,382,4,27898.89,47.9
7058,2790,401,5,6609.05,38.8
7059,2790,351,-2,1362.51,8.2
7060,2791,127,5,5637.77,36.6
7061,2791,167,2,29355.92,49.2
7062,2791,372,2,29202.38,46.4
7063,2791,24,4,29596.57,31.0
7064,2792,85,3,4580.21,1.6
7065,2792,443,5,14030.43,11.6
7066,2792,187,5,1995.58,46.1
7067,2793,367,5,13222.4,39.3
7068,2793,161,5,23817.44,14.2
7069,2793,174,3,27406.44,42.1
7070,2794,162,5,21780.65,22.6
7071,2794,39,5,3408.01,30.0
7072,2795,459,2,13732.88,42.2
7073,2795,245,2,4468.95,2.6
7074,2795,255,4,2656.76,48.8
7075,2795,375,3,26271.42,23.8
7076,2796,194,4,3875.21,43.8
7077,2796,136,4,8171.47,27.9
7078,2796,384,4,8551.67,24.6
7079,2796,123,1,6456.54,19.7
7080,2797,56,1,20456.96,16.7
7081,2797,131,1,10076.94,48.4
7082,2797,396,5,12256.15,27.3
7083,2797,524,5,15475.72,23.5
7084,2798,457,3,26610.38,2.9
7085,2799,302,-2,25982.26,47.1
7086,2799,93,5,13583.96,42.0
7087,2800,91,3,20178.63,34.6
7088,2800,489,3,551.33,48.2
7089,2800,89,-2,1586.92,13.4
7090,2801,52,3,6939.47,14.4
7091,2801,485,1,9813.25,42.3
7092,2801,74,2,25051.33,13.0
7093,2802,141,5,24251.58,36.4
7094,2803,117,1,3524.19,46.2
7095,2804,360,4,19165.23,16.2
7096,2804,196,1,10635.73,6.4
7097,2805,270,1,24963.15,27.5
7098,2805,336,4,23563.25,45.2
7099,2806,500,4,461.9,43.7
7100,2806,393,4,22902.53,21.4
7101,2807,62,-1,2734.47,11.5
7102,2807,430,3,757.69,34.9
7103,2807,297,3,21781.79,2.0
7104,2808,280,5,29780.04,44.4
7105,2809,329,2,22186.43,43.2
7106,2809,231,3,27076.99,17.9
7107,2810,298,3,2459.78,43.9
7108,2810,83,1,4236.07,36.6
7109,2811,394,2,9905.49,31.8
7110,2811,379,5,6219.07,48.2
7111,2812,513,4,29081.22,49.7
7112,2812,332,4,15370.75,42.4
7113,2812,418,5,25576.9,43.9
7114,2812,28,4,17071.57,29.5
7115,2813,107,3,26129.67,40.9
7116,2813,185,5,7724.54,10.9
7117,2813,250,5,9337.25,22.7
7118,2814,257,2,1844.71,40.8
7119,2814,64,3,19703.14,41.2
7120,2814,173,1,19642.64,33.8
7121,2815,433,1,15278.92,22.2
7122,2815,14,1,1044.11,3.6
7123,2816,225,1,3464.9,2.2
7124,2817,4,3,7732.47,42.9
7125,2817,521,2,10538.51,23.5
7126,2817,275,1,16929.02,39.3
7127,2817,284,1,326.42,13.6
7128,2818,412,5,19228.3,6.6
7129,2818,363,3,2746.39,40.3
7130,2819,12,-3,16310.62,26.1
7131,2819,1,4,19300.37,14.9
7132,2820,316,4,5050.33,8.9
7133,2821,334,3,16954.34,17.8
7134,2821,440,1,21694.78,36.1
7135,2821,195,2,13956.85,43.1
7136,2822,42,4,13594.08,4.4
7137,2823,175,3,20741.48,9.7
7138,2824,327,3,3517.97,49.6
7139,2824,225,3,17280.61,2.0
7140,2824,214,-2,27690.59,21.6
7141,2824,339,2,6896.66,22.9
7142,2825,107,5,4419.07,37.8
7143,2826,450,1,9792.43,49.0
7144,2827,326,1,7627.39,18.4
7145,2827,549,4,12248.04,35.8
7146,2827,475,2,4016.29,18.7
7147,2828,402,4,23565.41,8.8
7148,2828,392,2,28590.63,39.8
7149,2828,31,2,16540.14,18.0
7150,2829,160,4,5478.54,19.2
7151,2830,535,5,16956.93,2.9
7152,2830,186,2,11970.83,16.2
7153,2830,490,3,11884.51,0.1
7154,2830,235,4,29921.12,26.4
7155,2831,519,1,20170.2,40.6
7156,2831,245,1,27642.68,14.9
7157,2831,150,5,9827.58,10.5
7158,2832,427,3,9434.55,8.4
7159,2832,258,-2,20581.26,37.9
7160,2832,359,1,12201.28,10.8
7161,2833,396,1,6700.55,22.0
7162,2833,295,-2,8046.26,6.3
7163,2833,98,1,12828.02,43.7
7164,2833,499,3,26176.68,37.9
7165,2834,549,4,17845.41,0.3
7166,2835,100,5,15111.84,21.9
7167,2835,510,2,28533.33,23.9
7168,2836,19,2,4630.52,41.7
7169,2836,456,4,27928.2,11.3
7170,2837,535,3,21464.63,2.2
7171,2837,447,5,9746.01,13.6
7172,2837,64,3,20724.4,17.5
7173,2838,509,5,28655.0,16.0
7174,2838,173,4,3765.41,20.9
7175,2838,114,5,12966.18,12.0
7176,2838,147,4,4295.5,1.4
7177,2839,448,3,28231.57,23.1
7178,2840,225,5,2838.83,29.3
7179,2840,138,3,16676.0,4.5
7180,2841,37,2,26528.6,43.9
7181,2842,401,5,25912.02,12.0
7182,2842,118,1,28075.14,25.0
7183,2842,342,3,199.0,46.1
7184,2843,95,1,17223.33,37.2
7185,2843,29,4,2837.79,30.6
7186,2843,66,5,20916.29,21.5
7187,2843,36,4,29727.56,38.7
7188,2844,366,5,14439.47,18.2
7189,2844,18,2,24453.46,15.0
7190,2844,79,4,19419.87,8.8
7191,2845,292,4,26262.77,48.2
7192,2846,134,3,24453.73,8.0
7193,2847,83,2,16434.84,10.3
7194,2847,246,4,1263.65,11.7
7195,2848,518,3,28421.93,11.4
7196,2848,455,4,11088.19,47.5
7197,2849,106,1,14414.94,48.4
7198,2849,23,3,22353.47,9.7
7199,2849,316,5,9037.41,4.0
7200,2850,24,3,21985.25,18.1
7201,2850,525,2,24702.4,16.2
7202,2851,129,1,7851.74,44.6
7203,2851,174,2,4522.29,44.0
7204,2851,522,4,25717.24,11.8
7205,2852,219,1,24233.07,31.4
7206,2852,12,1,3803.0,32.8
7207,2853,505,4,14134.27,34.4
7208,2853,144,2,22299.7,6.2
7209,2854,380,2,2384.56,5.9
7210,2854,181,5,995.93,28.6
7211,2855,51,5,6476.42,10.9
7212,2855,520,1,5728.48,40.3
7213,2856,433,1,4935.5,42.9
7214,2857,417,5,3664.24,11.8
7215,2857,519,5,12707.57,49.2
7216,2858,379,1,10934.02,27.1
7217,2858,518,4,14630.73,47.6
7218,2859,513,5,1639.14,14.0
7219,2859,38,3,4839.36,10.0
7220,2859,469,5,15936.38,49.3
7221,2859,418,3,15476.8,1.4
7222,2860,484,5,1308.33,24.2
7223,2860,30,2,23902.39,46.4
7224,2861,38,5,17339.51,38.8
7225,2861,93,4,5787.79,33.7
7226,2861,309,3,26877.22,19.6
7227,2862,427,2,25063.47,26.9
7228,2862,538,3,28899.33,16.2
7229,2862,110,5,24524.08,42.1
7230,2862,280,2,27222.12,9.5
7231,2863,353,1,2243.21,23.7
7232,2863,456,5,11396.28,40.3
7233,2863,60,3,9246.63,21.2
7234,2864,532,5,24045.69,35.6
7235,2864,275,1,14553.49,19.2
7236,2864,61,1,28171.65,8.3
7237,2865,348,-2,15678.52,42.7
7238,2865,428,5,23471.0,49.0
7239,2866,309,4,655.55,36.7
7240,2867,547,4,8598.21,22.0
7241,2867,405,4,15745.53,6.5
7242,2867,68,4,17992.37,34.0
7243,2868,520,4,28298.5,47.6
7244,2869,227,5,21026.07,38.2
7245,2870,480,3,6529.56,14.9
7246,2870,282,-3,20493.67,2.7
7247,2870,434,1,3394.99,48.7
7248,2870,449,2,5921.17,48.7
7249,2871,233,4,21019.17,31.1
7250,2871,92,2,2988.29,49.0
7251,2871,482,3,705.42,7.3
7252,2872,50,5,25352.09,48.4
7253,2873,391,2,27605.02,2.3
7254,2873,213,5,25460.26,31.3
7255,2874,481,3,12622.09,48.3
7256,2874,486,3,4120.13,37.5
7257,2874,527,5,12643.42,43.7
7258,2875,482,3,1481.5,39.0
7259,2875,169,3,17000.21,40.5
7260,2876,263,2,13948.77,32.3
7261,2876,111,1,23260.47,37.5
7262,2876,77,5,5169.04,26.9
7263,2876,516,4,12507.09,10.9
7264,2877,270,4,22039.74,26.6
7265,2877,443,5,12116.63,26.9
7266,2878,325,2,25150.55,14.3
7267,2878,287,3,25036.71,48.9
7268,2879,190,2,3805.42,34.4
7269,2879,460,5,873.19,3.7
7270,2879,271,4,13352.35,5.2
7271,2879,467,1,10013.45,13.5
7272,2880,225,5,13608.28,33.2
7273,2880,450,3,20372.3,12.5
7274,2881,547,3,5920.24,12.2
7275,2881,424,1,12014.66,6.4
7276,2881,86,4,9687.65,17.0
7277,2882,514,3,4583.48,40.3
7278,2882,293,5,17346.87,29.5
7279,2882,39,3,13827.4,35.5
7280,2883,416,4,20645.68,28.6
7281,2884,506,1,26052.89,35.2
7282,2884,200,5,15619.54,2.1
7283,2885,547,5,15395.45,11.7
7284,2885,188,2,15657.89,44.0
7285,2885,17,2,12174.06,6.5
7286,2885,512,-3,5808.66,30.5
7287,2886,388,4,8648.66,12.6
7288,2886,268,2,21848.41,42.0
7289,2887,337,4,14035.25,26.1
7290,2887,24,3,15075.44,27.8
7291,2888,384,3,14426.58,9.0
7292,2889,131,5,22095.27,11.2
7293,2890,464,2,25538.69,14.2
7294,2890,97,5,1898.16,6.1
7295,2891,183,3,24822.87,39.1
7296,2891,280,4,18247.02,21.0
7297,2891,161,5,20644.49,16.8
7298,2891,549,3,25262.57,5.5
7299,2892,13,3,23923.51,34.0
7300,2892,497,1,9965.89,0.3
7301,2893,154,1,7004.45,32.0
7302,2893,276,1,7180.6,42.3
7303,2894,476,1,1881.05,26.9
7304,2894,548,-3,12328.79,49.3
7305,2895,237,1,13220.54,29.3
7306,2895,371,1,1234.36,35.4
7307,2896,132,5,3722.62,2.0
7308,2896,307,1,104.35,18.5
7309,2897,57,1,24312.14,44.1
7310,2897,287,1,11301.34,5.5
7311,2897,125,5,4181.09,8.5
7312,2897,193,2,22373.91,28.9
7313,2898,80,-1,5448.89,43.9
7314,2899,124,2,27797.85,27.0
7315,2899,223,5,26831.34,14.2
7316,2900,507,2,4211.29,35.7
7317,2900,240,5,2636.06,42.4
7318,2901,87,5,10249.89,34.1
7319,2902,1,4,15121.94,14.9
7320,2903,91,2,19114.53,42.0
7321,2903,301,5,19465.14,34.4
7322,2904,480,5,26077.9,24.3
7323,2905,23,1,3329.95,13.8
7324,2905,109,1,24434.49,34.5
7325,2906,81,1,28312.44,0.1
7326,2907,535,3,11475.13,7.3
7327,2907,141,1,18523.04,9.4
7328,2907,29,4,5794.94,38.3
7329,2908,210,2,1636.05,49.9
7330,2908,467,3,12419.35,36.5
7331,2909,436,1,26817.14,7.1
7332,2910,278,3,29319.44,22.5
7333,2910,20,2,7517.33,37.4
7334,2910,100,5,13692.85,2.2
7335,2911,17,5,15336.17,48.2
7336,2911,406,1,17273.46,47.1
7337,2912,140,2,16339.13,17.2
7338,2913,275,-2,22533.09,21.4
7339,2914,533,4,22479.32,6.5
7340,2914,262,5,7930.77,5.8
7341,2914,328,4,493.06,16.6
7342,2914,63,5,16348.33,35.3
7343,2915,290,1,10310.91,37.1
7344,2916,473,1,5190.57,28.2
7345,2916,99,2,6762.22,47.7
7346,2916,496,2,16378.49,40.9
7347,2917,142,4,15201.92,32.6
7348,2918,121,2,27297.35,47.1
7349,2918,52,2,1394.28,18.2
7350,2919,347,3,7738.05,17.0
7351,2919,537,4,10758.09,30.8
7352,2919,10,5,24479.72,37.3
7353,2920,354,3,22595.23,49.8
7354,2920,36,3,26018.93,35.2
7355,2921,18,3,8184.24,30.1
7356,2921,381,5,6401.63,41.7
7357,2922,292,5,7174.09,31.2
7358,2922,301,5,26716.15,49.5
7359,2922,277,4,28514.53,45.4
7360,2922,135,4,22268.53,0.2
7361,2923,329,3,29175.93,26.6
7362,2923,350,3,2107.76,21.7
7363,2923,24,2,15236.62,45.9
7364,2924,345,5,22794.26,17.4
7365,2925,108,5,17773.03,43.8
7366,2925,124,2,29502.51,48.1
7367,2926,386,4,26048.01,0.0
7368,2926,379,3,24631.78,40.6
7369,2926,378,5,25602.19,2.0
7370,2926,400,3,479.74,33.3
7371,2927,338,3,27958.23,48.8
7372,2927,414,2,10272.15,47.7
7373,2927,293,5,5935.66,34.0
7374,2928,153,1,19736.07,6.1
7375,2928,378,4,27618.04,18.2
7376,2928,486,3,27069.33,20.1
7377,2928,469,-1,7384.12,17.9
7378,2929,118,5,24725.74,23.0
7379,2929,459,2,18512.47,48.5
7380,2929,119,5,19313.36,46.5
7381,2929,87,3,6105.5,30.0
7382,2930,516,4,5650.42,26.3
7383,2930,324,5,23122.7,22.2
7384,2931,71,2,12499.82,47.0
7385,2931,512,4,28466.9,47.2
7386,2931,221,1,11094.03,14.1
7387,2932,38,1,12903.31,37.0
7388,2932,210,3,27626.41,30.5
7389,2932,337,1,18867.1,19.6
7390,2933,392,5,20088.03,18.5
7391,2933,309,4,9245.8,40.0
7392,2933,506,-2,26306.41,10.1
7393,2934,290,4,12201.72,7.2
7394,2934,134,5,29041.79,7.1
7395,2935,230,4,13765.71,50.0
7396,2935,420,1,27951.6,45.2
7397,2935,397,4,22757.12,46.4
7398,2935,345,4,11266.5,22.3
7399,2936,266,4,12396.13,34.6
7400,2937,122,2,11909.16,47.3
7401,2937,427,2,24548.86,12.8
7402,2937,262,3,24452.55,17.0
7403,2937,29,3,20704.95,29.7
7404,2938,467,5,21561.99,9.2
7405,2939,309,1,871.24,29.8
7406,2940,490,2,6188.88,31.9
7407,2940,526,-1,6710.64,12.0
7408,2940,73,4,22949.97,48.5
7409,2941,349,2,19456.43,41.7
7410,2942,546,1,18021.52,10.0
7411,2943,59,5,16470.68,30.2
7412,2943,407,5,2685.09,2.1
7413,2943,413,5,24958.14,29.4
7414,2943,188,5,11608.77,27.8
7415,2944,265,3,23116.85,4.9
7416,2945,77,1,11981.43,16.4
7417,2945,406,2,17244.99,21.0
7418,2945,416,1,8793.28,25.7
7419,2945,101,-3,27545.13,15.7
7420,2946,269,3,23482.5,42.5
7421,2946,536,5,7390.41,23.0
7422,2946,497,5,18038.9,37.9
7423,2946,369,2,10215.94,14.1
7424,2947,276,4,27213.98,10.1
7425,2947,345,1,17784.33,30.0
7426,2947,24,1,23014.86,35.0
7427,2948,531,4,12795.55,21.7
7428,2948,175,1,4234.39,45.8
7429,2948,303,4,18557.33,21.8
7430,2948,377,4,7346.27,37.7
7431,2949,361,2,11894.67,38.2
7432,2949,406,1,21976.0,31.6
7433,2950,118,1,25260.27,12.1
7434,2951,123,2,6114.67,16.1
7435,2951,439,2,7930.3,9.7
7436,2952,458,-2,14673.42,30.8
7437,2952,91,2,19234.01,21.2
7438,2952,178,2,15969.67,22.5
7439,2953,524,3,11164.41,15.5
7440,2953,460,2,26730.52,33.8
7441,2954,482,5,21083.85,23.9
7442,2955,395,5,13141.18,15.3
7443,2956,331,4,27609.95,20.3
7444,2956,232,3,26372.54,32.2
7445,2957,212,1,616.85,34.8
7446,2957,252,2,20587.08,10.7
7447,2957,399,1,6917.35,20.0
7448,2957,20,5,8565.6,11.4
7449,2958,89,1,6012.02,1.4
7450,2959,132,5,10368.31,26.4
7451,2959,45,-1,8826.43,47.2
7452,2959,410,1,18891.61,33.0
7453,2960,164,3,23711.1,31.7
7454,2960,75,3,15890.06,11.7
7455,2961,396,4,15975.94,30.8
7456,2961,388,1,22221.16,10.4
7457,2961,495,-3,28724.56,39.8
7458,2962,443,3,604.12,25.9
7459,2962,276,4,1015.52,13.3
7460,2962,238,3,23444.76,12.7
7461,2963,377,4,18897.49,8.6
7462,2963,525,3,7078.85,27.2
7463,2964,289,5,15380.33,0.3
7464,2964,467,4,24691.58,45.5
7465,2964,271,-3,14115.22,39.5
7466,2965,235,4,22902.45,47.7
7467,2965,370,1,25866.08,35.2
7468,2966,491,2,18108.19,20.6
7469,2966,41,3,22124.41,42.8
7470,2967,202,1,27456.71,18.4
7471,2967,222,4,7016.1,22.2
7472,2967,527,1,28080.85,34.4
7473,2968,515,5,1948.47,31.5
7474,2968,42,3,7586.14,39.4
7475,2968,264,3,15488.6,47.2
7476,2968,455,3,16436.63,27.9
7477,2969,335,5,6153.02,38.7
7478,2969,178,5,26675.65,19.4
7479,2969,100,5,21908.56,40.1
7480,2970,287,4,9736.81,24.9
7481,2971,107,1,994.29,20.1
7482,2971,511,2,12405.76,8.9
7483,2971,464,2,27963.62,1.6
7484,2972,505,3,14468.5,19.2
7485,2972,425,2,12853.02,38.9
7486,2972,346,2,25975.54,5.6
7487,2973,284,1,10802.53,13.7
7488,2973,330,5,25744.2,14.9
7489,2974,104,4,15429.61,34.5
7490,2974,357,4,28257.28,39.5
7491,2974,68,5,17698.15,2.9
7492,2975,225,3,17807.09,0.6
7493,2975,497,2,20737.08,25.5
7494,2976,457,2,3954.0,9.5
7495,2976,252,4,27698.47,48.0
7496,2976,156,1,3168.33,6.7
7497,2977,457,3,20126.53,49.6
7498,2977,67,1,11576.67,5.8
7499,2977,516,2,15755.97,29.7
7500,2977,378,4,15392.18,19.7
7501,2978,96,5,2058.18,8.2
7502,2979,288,2,13067.61,35.7
7503,2979,275,5,26618.57,11.2
7504,2980,289,5,23846.08,38.7
7505,2980,218,2,25431.72,15.0
7506,2980,384,3,27715.4,9.0
7507,2980,313,4,20124.99,21.7
7508,2981,233,5,2378.11,48.5
7509,2981,534,2,22674.02,41.3
7510,2981,420,1,29552.38,49.8
7511,2982,208,2,28913.95,32.9
7512,2982,501,5,2990.43,31.8
7513,2983,294,-2,4300.17,23.4
7514,2983,62,5,3363.56,47.7
7515,2983,150,4,29681.96,25.3
7516,2984,283,4,2470.79,8.4
7517,2984,544,3,4531.17,44.3
7518,2984,168,1,3694.12,2.4
7519,2985,293,3,4650.48,49.6
7520,2985,437,2,26158.91,17.6
7521,2986,259,4,24019.76,41.9
7522,2986,298,1,12772.88,46.2
7523,2987,376,1,27677.62,22.0
7524,2987,425,1,2106.65,2.6
7525,2987,431,3,29152.27,44.0
7526,2988,362,2,29501.83,38.8
7527,2988,240,3,20664.56,22.9
7528,2988,520,4,19446.28,3.6
7529,2988,542,5,10578.36,46.7
7530,2989,110,4,24071.44,45.8
7531,2989,65,1,10846.73,29.5
7532,2989,484,4,4256.28,30.1
7533,2989,83,3,1805.21,32.4
7534,2990,373,3,25755.0,49.3
7535,2991,109,1,7824.93,24.4
7536,2991,10,5,22674.12,2.2
7537,2992,444,1,24318.43,9.7
7538,2992,529,1,26673.97,46.7
7539,2992,348,1,27794.73,15.1
7540,2993,85,4,19038.4,8.7
7541,2993,56,5,5903.47,49.3
7542,2994,142,1,29149.85,19.7
7543,2994,243,-2,26507.17,45.2
7544,2994,114,2,29945.6,6.4
7545,2994,282,2,26851.1,19.4
7546,2995,97,2,8744.22,43.4
7547,2996,522,2,21175.1,25.0
7548,2996,512,5,3376.15,27.5
7549,2996,448,5,11779.7,26.0
7550,2997,197,3,27792.25,9.3
7551,2997,374,4,27263.85,36.7
7552,2997,71,5,25863.63,26.5
7553,2998,305,1,18274.35,24.9
7554,2998,340,2,6479.24,6.0
7555,2999,153,2,18601.3,35.2
7556,2999,203,3,9255.03,38.8
7557,2999,134,4,1581.51,46.1
7558,2999,532,3,903.81,46.3
7559,3000,498,3,29407.03,46.0
7560,3000,331,5,1312.86,23.8
7561,3000,361,2,21771.51,15.0
